id,hotel_id,url_id,language,description,created_at,updated_at
8e64e0d6-9a88-4e41-b064-8f0a13d7bbee,a1b133fa-130d-4313-8254-e819540e4fb1,05ca6d3b-cc21-4554-aac8-f5a3a07d8e17,en,"Boasting a 24-hour spa and the world's first underwater nightclub, the luxurious  Niyama Private Islands Maldives is tropical paradise offering a quiet private beach, Thakuru (Villa Host Services). and free WiFi is available in the rooms and throughout the resort. Rooms offered are luxurious beach pool villas and over water pool villas.

Spacious and modern, the villas at Niyama Private Islands Maldives are located on the beach or over the crystal lagoon. Two to three bedroom villas complete with large infinity pools and commanding absolute privacy. All come with a 40-inch flat-screen TV, international TV channels, Bose surround sound system and a well-stocked minibar. Outdoor bathrooms have a soaking tub and soothing rainshowers. The accommodation has electric kettle, slippers and free toiletries.

Drift Spa features relaxing body massage and other beauty treatments. Guided snorkelling trips, sunset cruises, manta ray snorkeling, and fishing trips can be arranged by the butlers. On-site, guests can also look forward to playing the latest video games, swimming in the main pool or exercising at the gym. Staff at the restaurant and spa can assist the guests. It houses a world class Kids Club which is one of the largest and the only kids club that caters from 12 months to 12 years old children.

The world’s first underwater restaurant-Subsix is located 6 metres below sea level and is known for its champagne breakfasts and glow parties fitted with glass walls with views of the underwater marine life. Edge is a modern fine dining restaurant, set 500 metres out in the ocean, accessible only by boat. Nest offers a surreal tree top setting perfect for romantic soirees, private and family dining serving Asian avant-garde cuisines including Thai, Cantonese, Teppanyaki, Japanese, Indonesian and more. Niyama Private Islands Maldives is the only resort in the Maldives to have an Afro Latin restaurant - Tribal that offers an innovative campsite dining experience showcasing exotic African, Central and South American dishes.

Niyama Private Islands Maldives is a 40-minute sea plane ride from Male International Airport while Maldives’ Dhaalu Airport is now open to private jets transfers that can be arranged at an extra charge.

Daily Outer Reef Snorkeling Experience Included"".",2026-03-31 15:47:02.84678+01,2026-03-31 15:47:02.848894+01
88ebdd14-4c0c-46a2-a29a-843b63b35958,0853fdfb-730f-4740-9962-b761964ea7c9,366c3ced-2b09-4e8c-b414-9da9f1905fff,en,"Elegant Accommodation:Centara Grand Lagoon Maldives in Maldives offers a 5-star resort experience with sea views, air-conditioning, terrace, and a pool with a view. Each room includes a kitchenette, bathrobes, spa bath, and private bathroom.Comfortable Amenities:Guests enjoy free WiFi, a buffet breakfast, and a fitness centre. Additional amenities include a minibar, work desk, and executive lounge access.Prime Location:Located in North Male' Atoll, the resort is 15 km from Velana International Airport. Nearby attractions include Nakatukufuri and Hulhumale.",2026-03-31 15:47:38.781775+01,2026-03-31 15:47:38.782244+01
d31a539f-b8ed-4478-9635-d725a21cdd00,3082904d-c7ae-428b-848a-425d646f30e9,05ca6d3b-cc21-4554-aac8-f5a3a07d8e17,es,"Boasting a 24-hour spa and the world's first underwater nightclub, the luxurious  Niyama Private Islands Maldives is tropical paradise offering a quiet private beach, Thakuru (Villa Host Services). and free WiFi is available in the rooms and throughout the resort. Rooms offered are luxurious beach pool villas and over water pool villas.

Spacious and modern, the villas at Niyama Private Islands Maldives are located on the beach or over the crystal lagoon. Two to three bedroom villas complete with large infinity pools and commanding absolute privacy. All come with a 40-inch flat-screen TV, international TV channels, Bose surround sound system and a well-stocked minibar. Outdoor bathrooms have a soaking tub and soothing rainshowers. The accommodation has electric kettle, slippers and free toiletries.

Drift Spa features relaxing body massage and other beauty treatments. Guided snorkelling trips, sunset cruises, manta ray snorkeling, and fishing trips can be arranged by the butlers. On-site, guests can also look forward to playing the latest video games, swimming in the main pool or exercising at the gym. Staff at the restaurant and spa can assist the guests. It houses a world class Kids Club which is one of the largest and the only kids club that caters from 12 months to 12 years old children.

The world’s first underwater restaurant-Subsix is located 6 metres below sea level and is known for its champagne breakfasts and glow parties fitted with glass walls with views of the underwater marine life. Edge is a modern fine dining restaurant, set 500 metres out in the ocean, accessible only by boat. Nest offers a surreal tree top setting perfect for romantic soirees, private and family dining serving Asian avant-garde cuisines including Thai, Cantonese, Teppanyaki, Japanese, Indonesian and more. Niyama Private Islands Maldives is the only resort in the Maldives to have an Afro Latin restaurant - Tribal that offers an innovative campsite dining experience showcasing exotic African, Central and South American dishes.

Niyama Private Islands Maldives is a 40-minute sea plane ride from Male International Airport while Maldives’ Dhaalu Airport is now open to private jets transfers that can be arranged at an extra charge.

Daily Outer Reef Snorkeling Experience Included"".",2026-03-31 15:48:15.209792+01,2026-03-31 15:48:15.210889+01
de106d57-11e1-4957-96f8-2224b983c168,57c45169-5bdf-4bbd-98c7-cc71d6e760c2,366c3ced-2b09-4e8c-b414-9da9f1905fff,es,"Centara Grand Lagoon Maldives - Free Round Trip Speedboat when stay 4 nights or more between 17 April - 15 October 2026 es un alojamiento de 5 estrellas que está en Nakatukufuri. Algunas habitaciones del alojamiento tienen una terraza con vistas al mar.

Algunas de las habitaciones incluyen zona de cocina con nevera y minibar.

En el resort se puede disfrutar de un desayuno buffet.",2026-03-31 15:48:50.781382+01,2026-03-31 15:48:50.78178+01
e2e1db9e-5aaf-48f8-8693-4263bc331f0b,2c6636ba-b0bc-4a9d-9cb8-267080a379cf,05ca6d3b-cc21-4554-aac8-f5a3a07d8e17,de,"Das luxuriöse Niyama Private Islands Maldives ist ein tropisches Paradies mit einem 24-Stunden-Spa und dem ersten Unterwasser-Nachtclub der Welt. Es bietet einen ruhigen Privatstrand, Thakuru (Villa Host Services) und kostenloses WLAN in den Zimmern und im gesamten Resort. Sie wohnen in luxuriösen Poolvillen am Strand oder über dem Wasser.

Die geräumigen und modernen Villen der Unterkunft Niyama Private Islands Maldives befinden sich am Strand oder über dem kristallklaren Wasser der Lagune. Es erwarten Sie Villen mit 2 oder 3 Schlafzimmern, großen Infinity-Pools und absoluter Privatsphäre. Alle Villen verfügen über einen 40-Zoll-Flachbild-TV mit internationalen Kanälen, ein Surround-Sound-System von Bose und eine gut gefüllte Minibar. Die Bäder im Außenbereich sind mit einer tiefen Badewanne und einer entspannenden Regendusche ausgestattet. Ein Wasserkocher, Hausschuhe und kostenfreie Pflegeprodukte gehören zu den weiteren Annehmlichkeiten.

Im Spa Drift können Sie sich mit erholsamen Körpermassagen und anderen Schönheitsanwendungen verwöhnen lassen. Die Butler arrangieren gern geführte Schnorchelausflüge, Bootsfahrten bei Sonnenuntergang, Schnorchelgänge mit Mantarochen sowie Angeltouren für Sie. In der Unterkunft können Sie sich bei den neuesten Videospielen vergnügen oder im Fitnesscenter trainieren. Erfrischen Sie sich auch bei einem Bad im Hauptpool. Die Mitarbeiter im Restaurant und im Wellnessbereich stehen Ihnen gern hilfreich zur Seite. Die jüngsten Gäste erwartet ein erstklassiger Kids Club, der einer der größten und der einzige Miniclub ist, in dem Kinder von 12 Monaten bis 12 Jahren willkommen sind.

Das weltweit erste Unterwasser-Restaurant Subsix befindet sich 6 m unter dem Meeresspiegel und ist mit seinen Glaswänden mit Blick auf die Unterwasserwelt für sein Champagner-Frühstück und seine glühende Party-Kulisse bekannt. Das Edge, ein modernes Gourmetrestaurant, erwartet Sie 500 m von der Küste entfernt im Meer und ist nur per Boot zu erreichen. Das Restaurant Nest bietet eine surreale Kulisse in den Baumwipfeln und eignet sich ideal für romantische Soireen sowie private und familiäre Essen. Hier lockt asiatische Avantgarde-Küche mit thailändischen und kantonesischen Gerichten, Speisen vom Teppanyaki-Grill, japanischen sowie indonesischen Köstlichkeiten und vielem mehr. Das Niyama Private Islands Maldives ist das einzige Resort der Malediven, das auch über ein afro-lateinamerikanisches Restaurant verfügt: Das Tribal bietet Ihnen ein innovatives Campingerlebnis mit exotischen afrikanischen, mittel- und südamerikanischen Gerichten, die direkt vor Ihnen zubereitet werden.

Zum Niyama Private Islands Maldives gelangen Sie vom internationalen Flughafen Malé mit dem Wasserflugzeug nach 40 Minuten. Von nun an steht Ihnen auf den Malediven auch der Flughafen Dhaalu für einen Transfer mit dem Privatjet zur Verfügung. Diese Transfers können gegen Aufpreis für Sie arrangiert werden.

Tägliches Outer Reef Schnorchelerlebnis inklusive.",2026-03-31 15:49:26.580599+01,2026-03-31 15:49:26.582326+01
fe79bc57-a980-4a58-8b4a-196bf2b309b7,4ae5298f-0261-41f2-9ba4-8df3c45702a3,366c3ced-2b09-4e8c-b414-9da9f1905fff,de,"Die Unterkunft Centara Grand Lagoon Maldives - Free Round Trip Speedboat when stay 4 nights or more between 17 April - 15 October 2026 mit 5 Sternen ist in Nakatukufuri gelegen. Einige Zimmer in der Unterkunft haben eine Terrasse mit Meerblick.

Einige Zimmer sind ausgestattet mit einer Küchenzeile mit einem Kühlschrank und einer Minibar.

Gäste der Unterkunft Centara Grand Lagoon Maldives - Free Round Trip Speedboat when stay 4 nights or more between 17 April - 15 October 2026 können ein als Buffet angebotenes Frühstück genießen.",2026-03-31 15:50:02.386185+01,2026-03-31 15:50:02.387029+01
c952f070-a92b-4f91-8ba5-1ef47ec2656d,14e376f1-e06c-4200-b185-aeab164c5bfc,05ca6d3b-cc21-4554-aac8-f5a3a07d8e17,it,"Boasting a 24-hour spa and the world's first underwater nightclub, the luxurious  Niyama Private Islands Maldives is tropical paradise offering a quiet private beach, Thakuru (Villa Host Services). and free WiFi is available in the rooms and throughout the resort. Rooms offered are luxurious beach pool villas and over water pool villas.

Spacious and modern, the villas at Niyama Private Islands Maldives are located on the beach or over the crystal lagoon. Two to three bedroom villas complete with large infinity pools and commanding absolute privacy. All come with a 40-inch flat-screen TV, international TV channels, Bose surround sound system and a well-stocked minibar. Outdoor bathrooms have a soaking tub and soothing rainshowers. The accommodation has electric kettle, slippers and free toiletries.

Drift Spa features relaxing body massage and other beauty treatments. Guided snorkelling trips, sunset cruises, manta ray snorkeling, and fishing trips can be arranged by the butlers. On-site, guests can also look forward to playing the latest video games, swimming in the main pool or exercising at the gym. Staff at the restaurant and spa can assist the guests. It houses a world class Kids Club which is one of the largest and the only kids club that caters from 12 months to 12 years old children.

The world’s first underwater restaurant-Subsix is located 6 metres below sea level and is known for its champagne breakfasts and glow parties fitted with glass walls with views of the underwater marine life. Edge is a modern fine dining restaurant, set 500 metres out in the ocean, accessible only by boat. Nest offers a surreal tree top setting perfect for romantic soirees, private and family dining serving Asian avant-garde cuisines including Thai, Cantonese, Teppanyaki, Japanese, Indonesian and more. Niyama Private Islands Maldives is the only resort in the Maldives to have an Afro Latin restaurant - Tribal that offers an innovative campsite dining experience showcasing exotic African, Central and South American dishes.

Niyama Private Islands Maldives is a 40-minute sea plane ride from Male International Airport while Maldives’ Dhaalu Airport is now open to private jets transfers that can be arranged at an extra charge.

Daily Outer Reef Snorkeling Experience Included"".",2026-03-31 15:50:38.59658+01,2026-03-31 15:50:38.59741+01
3719ece7-88d4-4d97-a1c6-f858a03926a3,c111c8e3-07a3-403a-8aed-cfc4e5377f46,366c3ced-2b09-4e8c-b414-9da9f1905fff,it,"Centara Grand Lagoon Maldives - Free Round Trip Speedboat when stay 4 nights or more between 17 April - 15 October 2026 è un alloggio a 5 stelle ubicato a Nakatukufuri. Alcune camere della struttura hanno una terrazza con vista mare.

Alcune camere sono fornite di un angolo cottura con un frigorifero e un minibar.

Presso questo resort potrete gustare una colazione a buffet.",2026-03-31 15:51:14.915657+01,2026-03-31 15:51:14.916548+01
3827c5da-5eb1-4ca5-badc-169dc7a2e63d,a63ff6d0-c705-4e3a-ba73-fc3acaa0bc66,05ca6d3b-cc21-4554-aac8-f5a3a07d8e17,fr,"Boasting a 24-hour spa and the world's first underwater nightclub, the luxurious  Niyama Private Islands Maldives is tropical paradise offering a quiet private beach, Thakuru (Villa Host Services). and free WiFi is available in the rooms and throughout the resort. Rooms offered are luxurious beach pool villas and over water pool villas.

Spacious and modern, the villas at Niyama Private Islands Maldives are located on the beach or over the crystal lagoon. Two to three bedroom villas complete with large infinity pools and commanding absolute privacy. All come with a 40-inch flat-screen TV, international TV channels, Bose surround sound system and a well-stocked minibar. Outdoor bathrooms have a soaking tub and soothing rainshowers. The accommodation has electric kettle, slippers and free toiletries.

Drift Spa features relaxing body massage and other beauty treatments. Guided snorkelling trips, sunset cruises, manta ray snorkeling, and fishing trips can be arranged by the butlers. On-site, guests can also look forward to playing the latest video games, swimming in the main pool or exercising at the gym. Staff at the restaurant and spa can assist the guests. It houses a world class Kids Club which is one of the largest and the only kids club that caters from 12 months to 12 years old children.

The world’s first underwater restaurant-Subsix is located 6 metres below sea level and is known for its champagne breakfasts and glow parties fitted with glass walls with views of the underwater marine life. Edge is a modern fine dining restaurant, set 500 metres out in the ocean, accessible only by boat. Nest offers a surreal tree top setting perfect for romantic soirees, private and family dining serving Asian avant-garde cuisines including Thai, Cantonese, Teppanyaki, Japanese, Indonesian and more. Niyama Private Islands Maldives is the only resort in the Maldives to have an Afro Latin restaurant - Tribal that offers an innovative campsite dining experience showcasing exotic African, Central and South American dishes.

Niyama Private Islands Maldives is a 40-minute sea plane ride from Male International Airport while Maldives’ Dhaalu Airport is now open to private jets transfers that can be arranged at an extra charge.

Daily Outer Reef Snorkeling Experience Included"".",2026-03-31 15:51:51.151863+01,2026-03-31 15:51:51.152734+01
6da8ab88-1ccd-41ca-bc6d-2598cb09cc0f,42566fac-c3a3-4ce0-8f17-01c9fb2056eb,366c3ced-2b09-4e8c-b414-9da9f1905fff,fr,"L’établissement 5 étoiles Centara Grand Lagoon Maldives - Free Round Trip Speedboat when stay 4 nights or more between 17 April - 15 October 2026 vous accueille à Nakatukufuri. Certains hébergements sont pourvus d’une terrasse offrant une vue sur la mer.

Certains hébergements possèdent une kitchenette équipée d’un réfrigérateur et d’un minibar.

Un petit-déjeuner buffet est servi sur place.",2026-03-31 15:52:27.609009+01,2026-03-31 15:52:27.609881+01
c33da9a6-f1db-4a59-878d-0b563b233014,a879abe8-96c2-4b7e-8477-31755a06e92d,05ca6d3b-cc21-4554-aac8-f5a3a07d8e17,pt,"Boasting a 24-hour spa and the world's first underwater nightclub, the luxurious  Niyama Private Islands Maldives is tropical paradise offering a quiet private beach, Thakuru (Villa Host Services). and free WiFi is available in the rooms and throughout the resort. Rooms offered are luxurious beach pool villas and over water pool villas.

Spacious and modern, the villas at Niyama Private Islands Maldives are located on the beach or over the crystal lagoon. Two to three bedroom villas complete with large infinity pools and commanding absolute privacy. All come with a 40-inch flat-screen TV, international TV channels, Bose surround sound system and a well-stocked minibar. Outdoor bathrooms have a soaking tub and soothing rainshowers. The accommodation has electric kettle, slippers and free toiletries.

Drift Spa features relaxing body massage and other beauty treatments. Guided snorkelling trips, sunset cruises, manta ray snorkeling, and fishing trips can be arranged by the butlers. On-site, guests can also look forward to playing the latest video games, swimming in the main pool or exercising at the gym. Staff at the restaurant and spa can assist the guests. It houses a world class Kids Club which is one of the largest and the only kids club that caters from 12 months to 12 years old children.

The world’s first underwater restaurant-Subsix is located 6 metres below sea level and is known for its champagne breakfasts and glow parties fitted with glass walls with views of the underwater marine life. Edge is a modern fine dining restaurant, set 500 metres out in the ocean, accessible only by boat. Nest offers a surreal tree top setting perfect for romantic soirees, private and family dining serving Asian avant-garde cuisines including Thai, Cantonese, Teppanyaki, Japanese, Indonesian and more. Niyama Private Islands Maldives is the only resort in the Maldives to have an Afro Latin restaurant - Tribal that offers an innovative campsite dining experience showcasing exotic African, Central and South American dishes.

Niyama Private Islands Maldives is a 40-minute sea plane ride from Male International Airport while Maldives’ Dhaalu Airport is now open to private jets transfers that can be arranged at an extra charge.

Daily Outer Reef Snorkeling Experience Included"".",2026-03-31 15:53:03.64991+01,2026-03-31 15:53:03.650492+01
855863f9-0f6d-45da-9bac-aa6d00e2c834,e2291a01-89c4-4484-a817-8ff65a913c12,366c3ced-2b09-4e8c-b414-9da9f1905fff,pt,"Centara Grand Lagoon Maldives - Free Round Trip Speedboat when stay 4 nights or more between 17 April - 15 October 2026 é um alojamento de 5 estrelas em Nakatukufuri. Alguns quartos do alojamento têm terraço com vista do mar.

Alguns quartos estão equipados com uma kitchenette com um frigorífico e um minibar.

Centara Grand Lagoon Maldives - Free Round Trip Speedboat when stay 4 nights or more between 17 April - 15 October 2026 disponibiliza pequeno-almoço buffet aos seus hóspedes.",2026-03-31 15:53:39.774448+01,2026-03-31 15:53:39.774896+01
d598a33d-5ffd-4ad0-83e6-65679c98c446,71a026c6-930f-4057-9252-6e75a2ab132a,38fb5bff-1ce7-4339-91b2-86cc5c11caa0,en,"Elegant Accommodation:South Bank in Turks & Caicos offers a 5-star resort experience with luxurious rooms featuring sea views, balconies, and modern amenities. Each room includes air-conditioning, a minibar, and free WiFi, ensuring a comfortable stay.Exceptional Facilities:Guests can enjoy spa facilities, a fitness centre, sun terrace, outdoor swimming pool, tennis court, and free bicycles. Additional amenities include a yoga studio, outdoor fireplace, and a variety of dining options, including a family-friendly restaurant serving Mediterranean cuisine.Prime Location:Located a few steps from Long Bay Beach and 14 km from Providenciales International Airport, South Bank provides easy access to local attractions. The resort offers a range of activities, including yoga classes, and a tour desk to explore the surrounding area.",2026-03-31 15:54:26.115181+01,2026-03-31 15:54:26.11629+01
00dcee2b-8b97-43b3-bed0-61746854515f,19050bc3-65eb-450d-9561-ba0da116e0ec,4f4e177b-7217-45ca-9a04-55e87f1844dd,en,"Beachfront and Leisure:Mandarin Oriental, Canouan in Canouan offers a private beach area, beachfront, and a swimming pool with stunning views. Guests can enjoy spa facilities, a fitness centre, sun terrace, and free use of bicycles. Water sports and yoga classes are available, alongside free WiFi throughout the property.Comfortable Accommodations:Rooms feature balconies with sea views, kitchenettes, and private bathrooms. Family rooms and interconnected rooms cater to all needs, complemented by amenities such as a hot tub and children’s playground. Free on-site private parking and a 24-hour front desk ensure convenience.Dining and Refreshments:The family-friendly restaurant serves Mediterranean, international, and Caribbean cuisines in a modern and romantic ambience. Breakfast options include continental and American styles, while the bar offers a pool bar and outdoor seating area. Additional facilities include a tennis court and kids’ pool.",2026-03-31 15:55:01.345669+01,2026-03-31 15:55:01.346344+01
cc1507da-6811-4ef5-bd04-18968797e673,cfb69b42-afef-4415-99ed-115af99a79b1,38fb5bff-1ce7-4339-91b2-86cc5c11caa0,es,"South Bank está en Long Bay Hills y tiene bicicletas gratis, centro de fitness, una terraza solárium con piscina y desayuno a la carta. Este alojamiento ofrece restaurante, servicio de habitaciones y recepción 24 horas, además de wifi gratis en todo el alojamiento. Hay parking privado gratis y resort también dispone de alquiler de coches para descubrir los alrededores.

En el resort, las habitaciones tienen escritorio. En South Bank, cada habitación dispone de aire acondicionado y TV de pantalla plana, y algunas también ofrecen vistas al mar. Todas las habitaciones tienen ropa de cama.

En el alojamiento se sirve un continental americano o vegetariano.

Se puede jugar al tenis en este resort de 5 estrellas.

Long Bay Beach está a pocos pasos del alojamiento. El aeropuerto (Aeropuerto internacional de Providenciales) está a 14 km.",2026-03-31 15:55:39.20535+01,2026-03-31 15:55:39.205955+01
405ad626-98c5-4fea-8858-228362bdc70b,468f52c5-9c21-47c5-98a0-eefde653c52a,4f4e177b-7217-45ca-9a04-55e87f1844dd,es,"Mandarin Oriental, Canouan tiene bicicletas gratis, piscina al aire libre, centro de fitness y jardín en Canouan. El alojamiento dispone de zona de playa privada y una serie de instalaciones para practicar deportes acuáticos, además de terraza y restaurante. El alojamiento ofrece recepción 24 horas, traslado para ir o volver del aeropuerto, club infantil y wifi gratis en todo el alojamiento.

En el hotel, las habitaciones disponen de balcón.

Hay opciones continentales o americanas de desayuno disponibles en Mandarin Oriental, Canouan.

En el alojamiento, la clientela puede disfrutar de bañera de hidromasaje. Se puede jugar al billar, al ping-pong y al tenis en Mandarin Oriental, Canouan, y la zona es ideal para practicar senderismo y windsurf.",2026-03-31 15:56:18.434769+01,2026-03-31 15:56:18.435356+01
7517b053-7c8e-4bda-bf44-e6027554519f,4d265a70-0074-4e22-b7bb-41206b4c869d,38fb5bff-1ce7-4339-91b2-86cc5c11caa0,de,"Die Unterkunft South Bank hat kostenlose Fahrräder, ein Fitnesscenter und eine Sonnenterrasse mit Pool und à la carte Frühstück in Long Bay Hills. Dieses Resort mit 5 Sternen besticht durch einen Garten und klimatisierte Zimmer mit kostenlosem WLAN. Ein kostenloser Privatparkplatz steht zur Verfügung und dieses Resort bietet außerdem eine Autovermietung für Gäste, die die Umgebung erkunden möchten.

Alle Zimmer in der Unterkunft South Bank sind eingerichtet mit einem Sitzbereich, einem Flachbild-TV und einem Safe. Die Unterkunft South Bank bietet einige Zimmer mit Meerblick und alle Zimmer sind ausgestattet mit einem Balkon. Die Gästezimmer haben Bettwäsche.

In der Unterkunft South Bank finden Sie ein Restaurant, das mediterrane Küche serviert. Auf Anfrage gibt es auch vegetarische, vegane und glutenfreie Optionen.

An der Unterkunft South Bank können Sie Tennis spielen.

Die Mitarbeitenden an der Rezeption, die Englisch, Spanisch und Französisch sprechen, stehen Gästen jederzeit zur Verfügung.

Strand Long Bay Beach liegt 50 m von der Unterkunft South Bank entfernt. Der nächstgelegene Flughafen ist der Internationaler Flughafen Providenciales, 14 km von der Unterkunft South Bank entfernt.",2026-03-31 15:56:51.30542+01,2026-03-31 15:56:51.306153+01
9ea44d62-49b3-45b3-9515-6c1a2914993d,bea61a06-a127-41b8-9a32-86221eecc9f5,4f4e177b-7217-45ca-9a04-55e87f1844dd,de,"Die Unterkunft Mandarin Oriental, Canouan hat kostenlose Fahrräder, einen Außenpool, ein Fitnesscenter und einen Garten in Canouan. Die Unterkunft bietet einen eigenen Strandbereich und eine Reihe von Wassersportmöglichkeiten sowie eine Terrasse und ein Restaurant. Die Unterkunft bietet eine rund um die Uhr besetzte Rezeption, Flughafentransfers, einen Kinderclub und kostenloses WLAN in der ganzen Unterkunft.

Die Unterkunft Mandarin Oriental, Canouan bietet einige Wohneinheiten mit Meerblick und alle Zimmer sind ausgestattet mit einem Balkon.

Die Unterkunft Mandarin Oriental, Canouan bietet ein kontinentales oder amerikanisches Frühstück.

In der Unterkunft Mandarin Oriental, Canouan können Gäste einen Whirlpool nutzen. An der Unterkunft Mandarin Oriental, Canouan können Sie Billard, Tischtennis und Tennis spielen. Die Gegend ist beliebt zum Wandern und Windsurfen.",2026-03-31 15:57:26.843814+01,2026-03-31 15:57:26.845922+01
6fc617b1-acbd-49cd-af68-afa4c9470104,5993508b-6dc5-43aa-a0d9-c611c5407a66,38fb5bff-1ce7-4339-91b2-86cc5c11caa0,it,"South Bank offre biciclette gratuite, un centro fitness, una terrazza solarium con piscina e la colazione à la carte, nella cornice di Long Bay Hills. Con un giardino, il resort a 5 stelle presenta camere climatizzate con WiFi gratuito. Presso il resort è presente un parcheggio privato gratuito, e la struttura inoltre propone il noleggio auto per gli ospiti che desiderano esplorare la zona circostante.

Tutte le camere presso questo resort prevedono un’area salotto, una TV a schermo piatto e la cassaforte. South Bank prevede alcune camere con vista sul mare e tutte le camere comprendono un balcone. Le camere hanno le lenzuola.

Presso questa struttura troverete un ristorante che serve piatti mediterranei. Su richiesta sono disponibili anche opzioni vegetariane, vegan e senza glutine.

Presso South Bank potrete giocare a tennis.

Lo staff della reception è a disposizione per fornirvi assistenza e parla inglese, spagnolo e francese.

Long Bay Beach è a 50 metri da questo resort. Aeroporto Internazionale di Providenciales si trova a 14 km dalla struttura.",2026-03-31 15:58:04.488288+01,2026-03-31 15:58:04.489205+01
cafde0eb-b8ac-41aa-86ee-94ad0d8ce4e9,3c52a0b6-7d52-442a-be70-b1c460fb8c72,4f4e177b-7217-45ca-9a04-55e87f1844dd,it,"Mandarin Oriental, Canouan offre biciclette gratuite, una piscina all'aperto, un centro fitness e un giardino a Canouan. La struttura propone una zona spiaggia privata e varie attrezzature per sport acquatici, oltre a una terrazza e un ristorante. L'alloggio prevede una reception 24 ore su 24, trasferimenti aeroportuali, un mini club e il WiFi gratuito in tutta la struttura.

Questo hotel mette a disposizione alcune unità con vista sul mare e le camere sono dotate di un balcone.

Mandarin Oriental, Canouan offre una colazione continentale o americana.

Presso questa struttura potrete usufruire di una vasca idromassaggio. Presso Mandarin Oriental, Canouan, potrete giocare a biliardo, ping pong e tennis, mentre la zona è famosa per l’escursionismo e il windsurf.",2026-03-31 15:58:39.506994+01,2026-03-31 15:58:39.507606+01
175a5d12-2dff-49b4-bb61-5d6ae40fde53,ae0b9006-3d96-4775-ba21-890ce861d88c,38fb5bff-1ce7-4339-91b2-86cc5c11caa0,fr,"Situé à Long Bay Hills, l’établissement South Bank possède un service de prêt de vélos, une salle de sport, une terrasse bien exposée et une piscine. Il sert un petit-déjeuner à la carte. Ce complexe hôtelier 5 étoiles propose un jardin ainsi que des hébergements dotés de la climatisation et d’une connexion Wi-Fi gratuite. Un parking privé gratuit est disponible sur place. Ce complexe hôtelier propose également une location de voitures si vous souhaitez explorer les environs.

Tous les hébergements sont dotés d’un coin salon, d’une télévision à écran plat et d’un coffre-fort. Certains hébergements offrent une vue sur la mer. Tous disposent d’un balcon. Vous profiterez aussi de linge de lit.

Sur place, vous pourrez profiter d’un restaurant qui propose des plats méditerranéens, ainsi que des options végétariennes, végétaliennes et sans gluten.

Vous pourrez jouer au tennis sur place.

Parlant anglais, espagnol et français, le personnel de la réception se fera un plaisir de vous aider à tout moment.

Vous séjournerez à quelques pas de ce lieu d’intérêt : Long Bay Beach. L'aéroport le plus proche (Aéroport international de Providenciales) est à 14 km.",2026-03-31 15:59:16.969712+01,2026-03-31 15:59:16.970361+01
265eb042-27f2-4313-9c51-e5fc8c7faadd,be8c6d5a-4ab0-45a6-86ed-a350c2f05b60,4f4e177b-7217-45ca-9a04-55e87f1844dd,fr,"Situé à Canouan, l’établissement Mandarin Oriental, Canouan possède un service de prêt de vélos, une piscine extérieure, une salle de sport et un jardin. Il comprend une plage privée, des installations de sports nautiques, une terrasse et un restaurant. L’établissement propose une réception ouverte 24h/24, des transferts aéroport, un club pour enfants et une connexion Wi-Fi gratuite dans l’ensemble de ses locaux.

Certains hébergements offrent une vue sur la mer. Tous disposent d’un balcon.

L’établissement Mandarin Oriental, Canouan sert un petit-déjeuner continental ou américain.

L’établissement Mandarin Oriental, Canouan dispose d’un bain à remous. Vous pourrez jouer au billard, au ping-pong et au tennis sur place. La région est prisée des amateurs de randonnée et de planche à voile.",2026-03-31 15:59:52.617275+01,2026-03-31 15:59:52.61787+01
2c5e99f6-5227-419d-8d65-c6f873cfb174,89c856ca-05f6-488e-91fa-1e0086e10968,38fb5bff-1ce7-4339-91b2-86cc5c11caa0,pt,"South Bank tem bicicletas gratuitas, um centro de fitness e um terraço para banhos de sol com piscina e pequeno-almoço à carta em Long Bay Hills. Este resort de 5 estrelas dispõe de um jardim, quartos com ar condicionado e acesso Wi-Fi gratuito. Há estacionamento privado gratuito e este resort também apresenta aluguer de carros para explorar a área circundante.

Todos os quartos do alojamento dispõem de área de estar, televisão de ecrã plano e cofre. O alojamento fornece alguns quartos com vistas do mar, e cada quarto inclui varanda. As acomodações têm roupa de cama.

Em South Bank vai encontrar um restaurante que serve gastronomia mediterrânica. Além disso, há também a possibilidade de solicitar opções vegetariano, vegan e sem glúten.

Pode jogar ténis em South Bank.

Os funcionários da receção falam inglês, espanhol e francês, e estão sempre disponíveis para ajudar.

Long Bay Beach fica a alguns passos de South Bank. O Aeroporto Internacional de Providenciales fica a 14 km da propriedade.",2026-03-31 16:00:29.638692+01,2026-03-31 16:00:29.639294+01
d469805d-fad0-49df-8769-2bc9bd0b432a,9087c3d5-d7c3-4a40-beee-e9085de519b0,4f4e177b-7217-45ca-9a04-55e87f1844dd,pt,"Mandarin Oriental, Canouan tem bicicletas gratuitas, piscina exterior, um centro de fitness e jardim em Canouan. O alojamento apresenta uma área de praia privada e uma variedade de comodidades para desportos aquáticos, assim como um terraço e um restaurante. O alojamento fornece receção aberta 24 horas, transfers do aeroporto, um clube infantil e acesso Wi-Fi gratuito em toda a propriedade.

O alojamento dispõe de algumas unidades com vistas do mar, e os quartos estão equipados com varanda.

Mandarin Oriental, Canouan disponibiliza pequeno-almoço continental ou americano.

Mandarin Oriental, Canouan oferece aos hóspedes a oportunidade de desfrutar de uma banheira de hidromassagem. Pode jogar bilhar, ténis de mesa e ténis em Mandarin Oriental, Canouan, e a área é popular para caminhadas e windsurf.",2026-03-31 16:01:04.676266+01,2026-03-31 16:01:04.67664+01
8169dea1-d36c-4f2b-aaa3-2b45ef961876,db87ec3c-da23-4865-a354-74c341fdd8ac,8fca20b6-1cf4-47a7-bc53-2a6e58b33337,pt,"This impressive resort is located on Grace Bay Beach, on Providenciales, part of the Turks and Caicos Islands. It offers an extensive spa, 3 outdoor pools and a private beach area.

The stylish, air-conditioned suites at Grace Bay Club feature free Wi-Fi, a flat-screen TV, DVD player and iPod docking station. Each one has a private terrace with ocean views.

The resort features  Infiniti Restaurant & Raw Bar, where guests enjoy fine dining on dishes with fresh, local ingredients, while The Grill and Krave Restaurants offer international dishes in an informal environment. There is also a pool bar and an infinity bar which stretches right to the ocean.

The Anani Spa offers a range of fitness and massage treatments. There is also a fitness centre and tennis courts. For children there is the Kids’ Town, which offers entertainment, arts and crafts.

There is a golf course just 2 minutes’ drive from Grace Bay Club, and the nearby beaches are great for scuba diving and other water sports. Providenciales Airport is 12 minutes’ drive away.",2026-03-31 16:08:12.563242+01,2026-03-31 16:08:12.563645+01
2bf82def-8353-40ee-8e22-f6f0e24cd2e2,b5c4fa4a-c1ae-4ce9-bba7-a3f42d37962e,08ef9f35-6dd6-47a6-979f-e646c274d0c2,pt,"Beachfront Location: Hôtel Le Roy in Oistins offers direct beachfront access with stunning sea views. Guests can relax on the terrace or balcony and enjoy the lush garden.

Spa Facilities: The hotel features a year-round outdoor swimming pool and spa facilities. Free WiFi is available throughout the property.

Dining Experience: A family-friendly restaurant serves British, American, and Caribbean cuisines for lunch and dinner. Vegetarian options are available, complemented by a buffet breakfast.

Convenient Services: The hotel provides a paid airport shuttle service, concierge, housekeeping, room service, car hire, and a tour desk. Free on-site private parking is available.",2026-03-31 16:15:29.739824+01,2026-03-31 16:15:29.740188+01
5caa1ac7-e8df-4642-aeba-023a5b36d988,b7c45505-6cb5-4cbe-8ea5-aaa45ba6b508,2d5fdc59-d3bf-4b41-8c56-e8d499e046f0,en,"Comfortable Accommodations:Gardens Hill Resort & Spa in Beau Vallon offers family rooms with sea, garden, or mountain views. Each room includes air-conditioning, a private bathroom, and free WiFi.Exceptional Facilities:Guests enjoy a spa, fitness centre, terrace, restaurant, bar, and a year-round outdoor swimming pool. Additional amenities include a steam room, fitness room, and free on-site private parking.Dining Experience:The resort serves continental, buffet, vegetarian, and vegan breakfasts. Lunch and dinner are available at the restaurant, offering diverse menus to suit all dietary needs.Prime Location:Beau Vallon Beach is a 5-minute walk away. Seychelles International Airport is 14 km from the resort, and hiking trails surround the area.",2026-03-31 16:16:47.88134+01,2026-03-31 16:16:47.881813+01
1f048018-14bc-4a70-a906-33b020822518,e044b7cc-7ec0-49c3-bb22-46b29fd32fde,e856ae4d-91bf-4ff5-b65a-b16670b06b24,es,"El Golden Beach Resort & Spa cuenta con 2 piscinas, centro de fitness, spa y habitaciones con aire acondicionado. La playa El Emir queda a 50 metros. El puerto deportivo está a 700 metros.

Las habitaciones del Resort & Spa Golden Beach tienen suelo de baldosa y armarios grandes de madera. Cuentan con TV con canales por cable y aire acondicionado. Se facilita aparcamiento por un suplemento.

Todos los días se sirve un desayuno buffet.

El spa está equipado con bañera de hidromasaje y sala de masajes. En verano, la zona de la piscina está equipada con tumbonas. También hay una piscina climatizada abierta todo el año. Hay mesa de billar, ping pong y parque infantil. 

La recepción 24 horas presta servicio de enlace con el aeropuerto, situado a 20 km. El Golden Beach Resort & Spa está ubicado a 50 metros de la avenida Gorlero y a 100 metros de las tiendas de diseñadores de la Calle 20.",2026-03-31 16:17:22.677368+01,2026-03-31 16:17:22.678169+01
c1a58f2f-02e1-4cc9-b446-86d28acdf0a4,6b614b48-95ae-4a1b-b2ae-a922b8c9dbbc,972d39d5-67f5-40a8-96fd-66a9d6bdd560,en,"Comfortable Accommodations:The Island Garden Hotel in Nassau offers family rooms with air-conditioning, private bathrooms, and modern amenities including refrigerators, work desks, microwaves, showers, TVs, and wardrobes.Leisure Facilities:Guests can enjoy a year-round outdoor swimming pool and free WiFi throughout the property. Balconies and patios provide garden views, enhancing the relaxing atmosphere.Convenient Location:Located 4 minutes from Cable Beach and 6 km from Lynden Pindling International Airport, the hotel is also 13 km from Atlantis Aquaventure Water Park.",2026-03-31 16:01:46.87936+01,2026-03-31 16:01:46.879847+01
dc336ac6-469b-4a1d-8f2c-1787d4204fce,f6bed46d-313f-4dcf-b585-7e5e0d0a6425,972d39d5-67f5-40a8-96fd-66a9d6bdd560,es,"The Island Garden Hotel se encuentra en Nassau, en la región de Nueva Providencia, a 13 km de Parque acuático Atlantis Aquaventure. Este hotel de 2 estrellas ofrece piscina al aire libre y tiene habitaciones con aire acondicionado, wifi gratis y baño privado. Este alojamiento libre de humo está a 4 min a pie de Cable Beach.

En el hotel, cada habitación dispone de armario. En The Island Garden Hotel, las habitaciones tienen escritorio y TV de pantalla plana, y algunas también ofrecen balcón. Todas las habitaciones cuentan con nevera.

El aeropuerto (Aeropuerto Internacional Lynden Pindling) está a 6 km.",2026-03-31 16:02:57.478397+01,2026-03-31 16:02:57.479142+01
465af3e7-461c-401b-b546-9888c8f6da87,426c3cab-7b16-443e-a305-cea3ed66cb36,8fca20b6-1cf4-47a7-bc53-2a6e58b33337,es,"Este impresionante resort está situado en la playa de Grace Bay, en Providenciales, una parte de las Islas Turcas y Caicos. Ofrece un amplio spa, 3 piscinas al aire libre y una zona de playa privada.

Las elegantes suites del Grace Bay Club cuentan con aire acondicionado, conexión wifi gratuita, TV de pantalla plana, reproductor de DVD y conexión para iPod. Cada una dispone de terraza privada con vistas al mar.

El resort disfruta del Infiniti Restaurant & Raw Bar, donde probar su excelente gastronomía con ingredientes locales frescos, y de los restaurantes The Grill y Krave, que ofrecen platos internacionales en un ambiente informal. También hay un bar en la piscina y un bar infinito que se extiende hacia el océano.

El spa Anani ofrece una variedad de tratamientos fitness y masajes. También hay un gimnasio y pistas de tenis. Los niños cuentan con el Kids' Town, que ofrece entretenimiento, arte y manualidades.

A solo 2 minutos en coche del Grace Bay Club hay un campo de golf y las playas cercanas son ideales para bucear y practicar deportes acuáticos. El aeropuerto de Providenciales se encuentra a 12 minutos en coche.",2026-03-31 16:03:33.121351+01,2026-03-31 16:03:33.121932+01
25512df6-326c-4681-a58c-54180db9ae61,bd7d6231-7a62-4968-a31e-a8be2d25fc05,972d39d5-67f5-40a8-96fd-66a9d6bdd560,de,"Die Unterkunft The Island Garden Hotel, die in Nassau, in der Region New Providence gelegen ist, befindet sich 13 km von Wasserpark Aquaventure im Atlantis entfernt. Dieses Hotel mit 2 Sternen besticht durch einen Außenpool und klimatisierte Zimmer mit kostenlosem WLAN, jedes mit einem eigenen Badezimmer. Die Nichtraucher Unterkunft ist 300 m von Strand Cable Beach entfernt gelegen.

In der Unterkunft The Island Garden Hotel ist jedes Zimmer versehen mit einem Kleiderschrank. In der Unterkunft The Island Garden Hotel ist jedes Zimmer versehen mit einem Schreibtisch sowie einem Flachbild-TV und einige Zimmer haben einen Balkon. Alle Zimmer bieten den Gästen einen Kühlschrank.

Der nächstgelegene Flughafen ist der Flughafen Nassau Lynden Pindling, 6 km von der Unterkunft The Island Garden Hotel entfernt.",2026-03-31 16:04:07.301913+01,2026-03-31 16:04:07.302571+01
677cd320-17a6-470e-b624-4dafa78684fb,31283160-f345-46aa-89ad-6851041139e9,8fca20b6-1cf4-47a7-bc53-2a6e58b33337,de,"This impressive resort is located on Grace Bay Beach, on Providenciales, part of the Turks and Caicos Islands. It offers an extensive spa, 3 outdoor pools and a private beach area.

The stylish, air-conditioned suites at Grace Bay Club feature free Wi-Fi, a flat-screen TV, DVD player and iPod docking station. Each one has a private terrace with ocean views.

The resort features  Infiniti Restaurant & Raw Bar, where guests enjoy fine dining on dishes with fresh, local ingredients, while The Grill and Krave Restaurants offer international dishes in an informal environment. There is also a pool bar and an infinity bar which stretches right to the ocean.

The Anani Spa offers a range of fitness and massage treatments. There is also a fitness centre and tennis courts. For children there is the Kids’ Town, which offers entertainment, arts and crafts.

There is a golf course just 2 minutes’ drive from Grace Bay Club, and the nearby beaches are great for scuba diving and other water sports. Providenciales Airport is 12 minutes’ drive away.",2026-03-31 16:04:42.993743+01,2026-03-31 16:04:42.994325+01
fa8d65cb-404e-4130-8597-bacd10a563c5,33524a17-bdf3-4492-b7e2-59f5985ddce1,972d39d5-67f5-40a8-96fd-66a9d6bdd560,it,"Situato a Nassau (New Providence), The Island Garden Hotel è posizionato a 13 km da Parco acquatico Aquaventure presso l'Atlantis Paradise Island. Con una piscina all'aperto, l'hotel a 2 stelle presenta camere climatizzate con WiFi gratuito e bagno privato. L'alloggio è interamente non fumatori ed è ubicato a 300 metri da Cable Beach.

Presso questo hotel, tutte le camere sono dotate di un armadio. Presso The Island Garden Hotel, alcune camere presentano un balcone mentre ogni camera dispone di scrivania e TV a schermo piatto. Tutte le camere presentano un frigorifero.

Aeroporto Internazionale Lynden Pindling si trova a 6 km dalla struttura.",2026-03-31 16:05:16.855094+01,2026-03-31 16:05:16.855804+01
ab31c8d2-530a-4d19-8928-0e70d7a7fe68,51a7627d-2bde-4af8-92ab-3e3f5ef5d073,8fca20b6-1cf4-47a7-bc53-2a6e58b33337,it,"This impressive resort is located on Grace Bay Beach, on Providenciales, part of the Turks and Caicos Islands. It offers an extensive spa, 3 outdoor pools and a private beach area.

The stylish, air-conditioned suites at Grace Bay Club feature free Wi-Fi, a flat-screen TV, DVD player and iPod docking station. Each one has a private terrace with ocean views.

The resort features  Infiniti Restaurant & Raw Bar, where guests enjoy fine dining on dishes with fresh, local ingredients, while The Grill and Krave Restaurants offer international dishes in an informal environment. There is also a pool bar and an infinity bar which stretches right to the ocean.

The Anani Spa offers a range of fitness and massage treatments. There is also a fitness centre and tennis courts. For children there is the Kids’ Town, which offers entertainment, arts and crafts.

There is a golf course just 2 minutes’ drive from Grace Bay Club, and the nearby beaches are great for scuba diving and other water sports. Providenciales Airport is 12 minutes’ drive away.",2026-03-31 16:05:56.8353+01,2026-03-31 16:05:56.835987+01
bd26da94-21b2-4064-b2e8-8c9201196103,10513bc6-e451-40c2-aaac-f5b1ab093698,972d39d5-67f5-40a8-96fd-66a9d6bdd560,fr,"L’établissement The Island Garden Hotel se trouve à Nassau, dans la région New Providence. Il vous accueille à 13 km de ce lieu d’intérêt : Aquaventure Waterpark de l'Atlantis The Palm. Cet hôtel 2 étoiles propose une piscine extérieure ainsi que des hébergements dotés de la climatisation, d’une connexion Wi-Fi gratuite et d’une salle de bains privative. Cet établissement non-fumeurs vous accueille à 300 mètres de : Cable Beach.

Les hébergements possèdent une armoire. Vous bénéficierez d’un bureau et d’une télévision à écran plat. Certains hébergements possèdent également un balcon. Vous profiterez aussi d’un réfrigérateur.

L'aéroport le plus proche (Aéroport international Lynden Pindling) est à 6 km.",2026-03-31 16:06:27.089307+01,2026-03-31 16:06:27.090079+01
532fe6f8-cb63-4334-9ac5-e431756d6775,795a4198-702e-44e4-94e9-e044e591251f,8fca20b6-1cf4-47a7-bc53-2a6e58b33337,en,"This impressive resort is located on Grace Bay Beach, on Providenciales, part of the Turks and Caicos Islands. It offers an extensive spa, 3 outdoor pools and a private beach area.

The stylish, air-conditioned suites at Grace Bay Club feature free Wi-Fi, a flat-screen TV, DVD player and iPod docking station. Each one has a private terrace with ocean views.

The resort features  Infiniti Restaurant & Raw Bar, where guests enjoy fine dining on dishes with fresh, local ingredients, while The Grill and Krave Restaurants offer international dishes in an informal environment. There is also a pool bar and an infinity bar which stretches right to the ocean.

The Anani Spa offers a range of fitness and massage treatments. There is also a fitness centre and tennis courts. For children there is the Kids’ Town, which offers entertainment, arts and crafts.

There is a golf course just 2 minutes’ drive from Grace Bay Club, and the nearby beaches are great for scuba diving and other water sports. Providenciales Airport is 12 minutes’ drive away.",2026-03-31 16:02:23.179316+01,2026-03-31 16:02:23.179952+01
d475d36d-9be4-4846-89c7-d53acc27afc3,a572556b-d733-4d42-b202-edf6c1124517,7e19cbbf-0156-4b64-bd58-006067bbdf96,en,"Exceptional Facilities:Cheval Blanc Seychelles in Mahe offers spa facilities, a swimming pool with a view, sauna, garden, terrace, restaurant, bar, and free WiFi. Private check-in and check-out, a fitness room, and a 24-hour front desk ensure comfort and convenience.Comfortable Accommodations:Rooms feature air-conditioning, private bathrooms, balconies with sea views, and modern amenities such as iPads and minibars. Family rooms and ground-floor units cater to all guests, while free on-site parking and live music enhance the stay.Dining Experience:The family-friendly restaurant serves French, Italian, Japanese, Mediterranean, seafood, sushi, local, Asian, and international cuisines. Breakfast options include buffet and à la carte, while lunch and dinner are available in a modern and romantic ambience.Prime Location:Located a few steps from Anse Intendance Beach and 16 km from Seychelles International Airport, the resort is near attractions like Victoria Clock Tower and Seychelles National Botanical Gardens. Hiking trails and yoga classes enhance the outdoor experience.",2026-03-31 16:08:56.782795+01,2026-03-31 16:08:56.783318+01
044b0771-c85b-4069-b3e1-c00a75b69f37,7f034cdd-ed7a-476a-b782-d346b35e730f,7e19cbbf-0156-4b64-bd58-006067bbdf96,es,"Cheval Blanc Seychelles está en Mahé, a pocos pasos de Playa de Anse Intendance, y dispone de alojamiento con piscina al aire libre, parking privado gratis, jardín y restaurante. El alojamiento ofrece bar y se encuentra a 28 km de Victoria Clock Tower. El resort tiene sauna, club infantil y wifi gratis en todo el alojamiento.

El resort ofrece habitaciones con aire acondicionado, escritorio, cafetera, nevera, microondas, caja fuerte, TV de pantalla plana, terraza y baño privado con ducha. Todas las habitaciones están equipadas con hervidor, algunas ofrecen balcón y otras también cuentan con vistas al mar. En Cheval Blanc Seychelles, cada habitación cuenta con ropa de cama y toallas.

Hay opciones buffet o a la carta de desayuno disponibles en el alojamiento.

Se puede jugar al billar y al ping-pong en Cheval Blanc Seychelles, y también hay alquiler de coches.

El personal de recepción habla árabe, checo, alemán y inglés, y estará encantado de ayudar en cualquier momento.

Seychelles National Botanical Gardens está a 28 km del alojamiento, y Michael Adams Art Studio está a 6,2 km. El aeropuerto (Aeropuerto internacional de Seychelles) está a 16 km.",2026-03-31 16:10:09.07776+01,2026-03-31 16:10:09.078189+01
061062c6-0e8c-4286-82c3-c0741f3352fe,7a64c3d1-a246-4c33-9de0-83e6dd078433,08ef9f35-6dd6-47a6-979f-e646c274d0c2,es,"Beachfront Location: Hôtel Le Roy in Oistins offers direct beachfront access with stunning sea views. Guests can relax on the terrace or balcony and enjoy the lush garden.

Spa Facilities: The hotel features a year-round outdoor swimming pool and spa facilities. Free WiFi is available throughout the property.

Dining Experience: A family-friendly restaurant serves British, American, and Caribbean cuisines for lunch and dinner. Vegetarian options are available, complemented by a buffet breakfast.

Convenient Services: The hotel provides a paid airport shuttle service, concierge, housekeeping, room service, car hire, and a tour desk. Free on-site private parking is available.",2026-03-31 16:10:44.44688+01,2026-03-31 16:10:44.447518+01
2dc9b67c-4a1c-45b4-b1e8-1f78c07302d8,0c6c5166-e53b-4d56-a737-644094d7c3c7,7e19cbbf-0156-4b64-bd58-006067bbdf96,de,"Die Unterkunft Cheval Blanc Seychelles, die in Mahé, einen Katzensprung von Strand Anse Intendance entfernt gelegen ist, verfügt über Übernachtungsmöglichkeiten mit einem Außenpool, einem kostenlosen Privatparkplatz, einem Garten und einem Restaurant. Die Unterkunft verfügt über eine Bar und befindet sich weniger als 28 km von Victoria Clock Tower entfernt. Dieses Resort hat eine Sauna, einen Kinderclub und kostenloses WLAN in der ganzen Unterkunft.

Die Unterkunft Cheval Blanc Seychelles stellt Gästen klimatisierte Zimmer mit einem Schreibtisch, einer Kaffeemaschine, einem Kühlschrank, einer Mikrowelle, einem Safe, einem Flachbild-TV, einer Terrasse und einem eigenen Badezimmer mit einer Dusche zur Verfügung. Hier sind alle Zimmer versehen mit einem Wasserkocher – einige Zimmer sind darüber hinaus versehen mit einem Balkon und andere verfügen außerdem über Meerblick. In der Unterkunft Cheval Blanc Seychelles sind die Zimmer ausgestattet mit Bettwäsche und Handtüchern.

Die Unterkunft Cheval Blanc Seychelles bietet ein als Buffet angebotenes oder à la carte Frühstück.

An der Unterkunft Cheval Blanc Seychelles können Sie Billard und Tischtennis spielen. Autovermietung ist verfügbar.

Die Mitarbeitenden an der Rezeption, die Arabisch, Tschechisch, Deutsch und Englisch sprechen, helfen Gästen jederzeit gerne weiter.

Seychelles National Botanical Gardens liegt 28 km von der Unterkunft Cheval Blanc Seychelles entfernt, während Michael Adams Art Studio 6,2 km von der Unterkunft entfernt ist. Der nächstgelegene Flughafen ist der Flughafen Seychellen, 16 km von der Unterkunft Cheval Blanc Seychelles entfernt.",2026-03-31 16:11:19.620437+01,2026-03-31 16:11:19.620912+01
c92c6e89-6b50-4ed5-bfb3-9396df319f34,2398c50f-9726-4ea0-97c3-6a069e90be43,08ef9f35-6dd6-47a6-979f-e646c274d0c2,de,"Beachfront Location: Hôtel Le Roy in Oistins offers direct beachfront access with stunning sea views. Guests can relax on the terrace or balcony and enjoy the lush garden.

Spa Facilities: The hotel features a year-round outdoor swimming pool and spa facilities. Free WiFi is available throughout the property.

Dining Experience: A family-friendly restaurant serves British, American, and Caribbean cuisines for lunch and dinner. Vegetarian options are available, complemented by a buffet breakfast.

Convenient Services: The hotel provides a paid airport shuttle service, concierge, housekeeping, room service, car hire, and a tour desk. Free on-site private parking is available.",2026-03-31 16:11:55.606805+01,2026-03-31 16:11:55.607566+01
902f1211-ef3a-4ae9-bd05-0f0eb1a7f78c,3f968f79-eab0-4fad-b8f3-5ad7227ae2d3,e856ae4d-91bf-4ff5-b65a-b16670b06b24,de,"Featuring 2 swimming pools, a fitness centre and spa facilities, Golden Beach Resort & Spa offers air conditioned rooms. Only 50 metres from El Emir beach. The yacht harbour is 700 metres away.

Rooms at Resort & Spa Golden Beach have tiled floors and large wooden wardrobes. They feature cable TV and air conditioning. Parking is available for a supplement.

A buffet breakfast is served daily.

Spa facilities include a hot tub, and a massage room. In summer, guests can unwind on the sun lounger by the pool, and they can make use of the heated pool all year long. Billiards and table tennis are available, and there is a children playground.

The 24-hour front desk can secure shuttles to the airport, which is 20 km away. Golden Beach Resort & Spa is 50 metres from Gorlero Avenue and 100 metres from the designer shops on Calle 20.",2026-03-31 16:18:32.876849+01,2026-03-31 16:18:32.877352+01
81979eaa-403c-4eda-9a17-a79b2499bfe2,c0a94def-1d6d-4aa6-bec7-b111d72e7808,8fca20b6-1cf4-47a7-bc53-2a6e58b33337,fr,"This impressive resort is located on Grace Bay Beach, on Providenciales, part of the Turks and Caicos Islands. It offers an extensive spa, 3 outdoor pools and a private beach area.

The stylish, air-conditioned suites at Grace Bay Club feature free Wi-Fi, a flat-screen TV, DVD player and iPod docking station. Each one has a private terrace with ocean views.

The resort features  Infiniti Restaurant & Raw Bar, where guests enjoy fine dining on dishes with fresh, local ingredients, while The Grill and Krave Restaurants offer international dishes in an informal environment. There is also a pool bar and an infinity bar which stretches right to the ocean.

The Anani Spa offers a range of fitness and massage treatments. There is also a fitness centre and tennis courts. For children there is the Kids’ Town, which offers entertainment, arts and crafts.

There is a golf course just 2 minutes’ drive from Grace Bay Club, and the nearby beaches are great for scuba diving and other water sports. Providenciales Airport is 12 minutes’ drive away.",2026-03-31 16:07:02.969914+01,2026-03-31 16:07:02.970556+01
b9e6de9d-43a4-4cc8-9735-c6a311201bb1,c8022ca9-344b-4ca2-9b84-2f48f10f0696,972d39d5-67f5-40a8-96fd-66a9d6bdd560,pt,"Em Nassau, na área de New Providence, The Island Garden Hotel localiza-se a 13 km de Parque Aquático Atlantis Aquaventure. Este hotel de 2 estrelas dispõe de uma piscina exterior, quartos com ar condicionado, acesso Wi-Fi gratuito e casa de banho privativa. Este alojamento não fumador encontra-se a 4 minutos a pé de Cable Beach.

No alojamento, cada quarto está equipado com roupeiro. Cada quarto tem secretária e uma televisão de ecrã plano, e alguns quartos incluem varanda. Todos os quartos providenciam um frigorífico.

O Aeroporto Internacional Lynden Pindling fica a 6 km da propriedade.",2026-03-31 16:07:36.734579+01,2026-03-31 16:07:36.73517+01
3aa827b7-32c8-471f-a278-e05616f6cdd9,b95405c3-8279-4ca2-8ced-fcca32805032,08ef9f35-6dd6-47a6-979f-e646c274d0c2,en,"Beachfront Location: Hôtel Le Roy in Oistins offers direct beachfront access with stunning sea views. Guests can relax on the terrace or balcony and enjoy the lush garden.

Spa Facilities: The hotel features a year-round outdoor swimming pool and spa facilities. Free WiFi is available throughout the property.

Dining Experience: A family-friendly restaurant serves British, American, and Caribbean cuisines for lunch and dinner. Vegetarian options are available, complemented by a buffet breakfast.

Convenient Services: The hotel provides a paid airport shuttle service, concierge, housekeeping, room service, car hire, and a tour desk. Free on-site private parking is available.",2026-03-31 16:09:33.507886+01,2026-03-31 16:09:33.508338+01
91f9857e-b010-46a5-a06f-2b708b04050a,dc3b6861-fd58-4841-a79f-243c2ffdb5b3,7e19cbbf-0156-4b64-bd58-006067bbdf96,it,"Posizionato a Mahe, a a due passi da Spiaggia di Anse Intendance, Cheval Blanc Seychelles mette a disposizione una piscina all'aperto, un parcheggio privato gratuito, un giardino e un ristorante. Dotato di un bar, l’alloggio si trova a 28 km da Victoria Clock Tower. Il resort offre una sauna, un mini club e il WiFi gratuito in tutta la struttura.

Questo resort offre agli ospiti camere climatizzate dotate di scrivania, macchina da caffè, frigorifero, microonde, cassaforte e TV a schermo piatto. In più avrete a disposizione una terrazza e un bagno privato con doccia. Tutte le camere comprendono un bollitore elettrico, mentre alcune camere dispongono anche di un balcone e altre presentano anche la vista sul mare. Presso Cheval Blanc Seychelles, le camere comprendono lenzuola e asciugamani.

Presso questa struttura la colazione include opzioni a buffet e à la carte.

Presso Cheval Blanc Seychelles, potrete giocare a biliardo e ping pong ed è disponibile un servizio di noleggio auto.

Lo staff della reception parla arabo, ceco, tedesco e inglese, ed è a vostra disposizione in qualsiasi momento della giornata.

Seychelles National Botanical Gardens è a 28 km da questo resort, mentre Michael Adams Art Studio si trova a 6,2 km dalla struttura. Aeroporto Internazionale delle Seychelles si trova a 16 km di distanza.",2026-03-31 16:12:30.841336+01,2026-03-31 16:12:30.841913+01
fca42d62-9d1a-45b5-be26-849d88843bd1,409ce334-fec3-4101-b30e-6c73a16be76c,08ef9f35-6dd6-47a6-979f-e646c274d0c2,it,"Posizione fronte oceano: l’Hôtel Le Roy di Oistins offre accesso diretto alla spiaggia con splendide viste sul mare. Gli ospiti possono rilassarsi sulla terrazza o sul balcone e nel rigoglioso giardino.

Zona spa: l’hotel dispone di una piscina scoperta, aperta tutto l’anno, e di una zona spa. Il WiFi è gratuito in tutte le aree.

Servizio di ristorazione: Un ristorante adatto alle famiglie serve piatti della cucina britannica, americana e caraibica a pranzo e a cena. Sono disponibili opzioni vegetariane, completate da una colazione a buffet.

Servizi per il massimo comfort: l’hotel offre un servizio navetta aeroportuale a pagamento, concierge, servizio di pulizia, servizio in camera, autonoleggio e un banco escursioni. In loco troverete anche un parcheggio privato gratuito.",2026-03-31 16:13:07.413144+01,2026-03-31 16:13:07.41395+01
7eb6d65d-8941-4353-b384-57b2b84eab09,7d547d83-487a-4c63-a160-bdb569cbcac9,7e19cbbf-0156-4b64-bd58-006067bbdf96,fr,"L’établissement Cheval Blanc Seychelles se situe à Mahé, à quelques pas de ce lieu d’intérêt : Anse Intendance. Il possède une piscine extérieure, un jardin, un restaurant et un parking privé gratuit. Il propose un bar et est installé à 28 km de : Victoria Clock Tower. Ce complexe hôtelier possède un sauna, un club pour enfants et une connexion Wi-Fi gratuite dans l’ensemble de ses locaux.

Les hébergements comprennent la climatisation, un bureau, une machine à café, un réfrigérateur, un micro-ondes, un coffre-fort, une télévision à écran plat, une terrasse et une salle de bains privative dotée d’une douche. Vous bénéficierez d'une bouilloire. Certains hébergements possèdent également un balcon et d'autres offrent une vue sur la mer. Des serviettes et du linge de lit sont fournis.

L’établissement Cheval Blanc Seychelles sert un petit-déjeuner buffet ou à la carte.

L’établissement Cheval Blanc Seychelles assure un service de location de voitures, et vous pourrez jouer au billard et au ping-pong sur place.

Parlant arabe, tchèque, allemand et anglais, le personnel de la réception se fera un plaisir de vous renseigner à toute heure de la journée.

Vous séjournerez à respectivement 28 km et 6,2 km de ces lieux d’intérêt : Seychelles National Botanical Gardens et Michael Adams Art Studio. L'aéroport le plus proche (Aéroport international des Seychelles) est à 16 km.",2026-03-31 16:13:43.118191+01,2026-03-31 16:13:43.118609+01
7fa7b379-9a9a-4177-966f-66674f3895dd,646ad355-a716-4427-a389-96a90ef5caf9,08ef9f35-6dd6-47a6-979f-e646c274d0c2,fr,"Beachfront Location: Hôtel Le Roy in Oistins offers direct beachfront access with stunning sea views. Guests can relax on the terrace or balcony and enjoy the lush garden.

Spa Facilities: The hotel features a year-round outdoor swimming pool and spa facilities. Free WiFi is available throughout the property.

Dining Experience: A family-friendly restaurant serves British, American, and Caribbean cuisines for lunch and dinner. Vegetarian options are available, complemented by a buffet breakfast.

Convenient Services: The hotel provides a paid airport shuttle service, concierge, housekeeping, room service, car hire, and a tour desk. Free on-site private parking is available.",2026-03-31 16:14:18.657536+01,2026-03-31 16:14:18.657926+01
c37552fb-3bd8-4824-a4c0-a932dd9de608,df42488b-8bfc-4144-858b-9294f2075d6f,7e19cbbf-0156-4b64-bd58-006067bbdf96,pt,"Cheval Blanc Seychelles situa-se em Mahé, a alguns passos de Praia Anse Intendance, e dispõe de acomodações com uma piscina exterior, estacionamento privado gratuito, um jardim e um restaurante. Providenciando um bar, o alojamento está situado a 28 km de Victoria Clock Tower. Este resort tem sauna, um clube infantil e acesso Wi-Fi gratuito em toda a propriedade.

Este alojamento com ar condicionado providencia quartos com secretária, máquina de café, um frigorífico, um micro-ondas, cofre, televisão de ecrã plano, terraço e uma casa de banho privativa com chuveiro. Todos os quartos incluem chaleira, enquanto alguns quartos também apresentam varanda e outros também apresentam vistas do mar. No alojamento, os quartos incluem roupa de cama e toalhas.

Cheval Blanc Seychelles disponibiliza opções de pequeno-almoço buffet e à carta.

Pode jogar bilhar e ténis de mesa em Cheval Blanc Seychelles, e há aluguer de carros disponível.

Os funcionários da receção falam árabe, checo, alemão e inglês, e estão disponíveis para ajudar a qualquer hora do dia.

Seychelles National Botanical Gardens fica a 28 km de Cheval Blanc Seychelles, enquanto Michael Adams Art Studio fica a 6,2 km da propriedade. O Aeroporto Internacional das Seychelles fica a 16 km de distância.",2026-03-31 16:14:54.090675+01,2026-03-31 16:14:54.091151+01
9028a1b4-3e21-4ae8-bb3e-2739ca244791,d7345f86-45f6-4cb7-9160-33624b023139,e856ae4d-91bf-4ff5-b65a-b16670b06b24,en,"Featuring 2 swimming pools, a fitness centre and spa facilities, Golden Beach Resort & Spa offers air conditioned rooms. Only 50 metres from El Emir beach. The yacht harbour is 700 metres away.

Rooms at Resort & Spa Golden Beach have tiled floors and large wooden wardrobes. They feature cable TV and air conditioning. Parking is available for a supplement.

A buffet breakfast is served daily.

Spa facilities include a hot tub, and a massage room. In summer, guests can unwind on the sun lounger by the pool, and they can make use of the heated pool all year long. Billiards and table tennis are available, and there is a children playground.

The 24-hour front desk can secure shuttles to the airport, which is 20 km away. Golden Beach Resort & Spa is 50 metres from Gorlero Avenue and 100 metres from the designer shops on Calle 20.",2026-03-31 16:16:16.514612+01,2026-03-31 16:16:16.515452+01
7c99eaf4-df2e-458d-909b-e0b8ff0b3a1f,123d1ae5-0c3d-4db8-815a-596f12480f58,2d5fdc59-d3bf-4b41-8c56-e8d499e046f0,es,"Gardens Hill Resort & Spa está en Beau Vallon, a 5 min a pie de Playa de Beau Vallon, y dispone de alojamiento con piscina al aire libre, parking privado gratis, centro de fitness y terraza. El alojamiento tiene restaurante, además de bar. El alojamiento ofrece recepción 24 horas, traslado para ir o volver del aeropuerto, servicio de conserjería y wifi gratis en todo el alojamiento.

El resort ofrece habitaciones con aire acondicionado, escritorio, cafetera, minibar, caja fuerte, TV de pantalla plana y baño privado con bidet. Cada habitación cuenta con hervidor, algunas ofrecen balcón y otras también incluyen vistas al mar. En Gardens Hill Resort & Spa, las habitaciones tienen ropa de cama y toallas.

El desayuno está disponible e incluye opciones buffet, continentales o vegetarianas.

Victoria Clock Tower está a 5 km del alojamiento, y Seychelles National Botanical Gardens está a 6,6 km. El aeropuerto (Aeropuerto internacional de Seychelles) está a 14 km.",2026-03-31 16:17:58.191571+01,2026-03-31 16:17:58.192522+01
33260483-7f26-4c8f-a0c8-6fdc0737a18d,e7750040-a33d-4c12-aa70-5b9e0136f2fa,2d5fdc59-d3bf-4b41-8c56-e8d499e046f0,de,"Die Unterkunft Gardens Hill Resort & Spa, die in Beau Vallon, 500 m von Strand Beau Vallon entfernt gelegen ist, verfügt über Übernachtungsmöglichkeiten mit einem Außenpool, einem kostenlosen Privatparkplatz, einem Fitnesscenter und einer Terrasse. 5 km von Victoria Clock Tower und 6,6 km von Seychelles National Botanical Gardens, bietet die Unterkunft ein Restaurant und eine Bar. Die Unterkunft bietet eine rund um die Uhr besetzte Rezeption, Flughafentransfers, einen Conciergeservice und kostenloses WLAN in der ganzen Unterkunft.

Die Unterkunft Gardens Hill Resort & Spa bietet den Gästen klimatisierte Zimmer mit einem Schreibtisch, einer Kaffeemaschine, einer Minibar, einem Safe, einem Flachbild-TV und einem eigenen Badezimmer mit einem Bidet. Hier sind die Zimmer ausgestattet mit einem Wasserkocher – einige Zimmer sind ausgerüstet mit einem Balkon und andere bestechen außerdem durch Meerblick. In der Unterkunft Gardens Hill Resort & Spa ist jedes Zimmer versehen mit Bettwäsche und Handtüchern.

Ein als Buffet angebotenes, ein kontinentales oder ein vegetarisches Frühstück wird in der Unterkunft angeboten.

Seychelles National Museum liegt 4,9 km von der Unterkunft Gardens Hill Resort & Spa entfernt, während Morne Seychellois 11 km von der Unterkunft entfernt ist. Der nächstgelegene Flughafen ist der Flughafen Seychellen, 14 km von der Unterkunft Gardens Hill Resort & Spa entfernt.",2026-03-31 16:19:07.805928+01,2026-03-31 16:19:07.806685+01
b010922c-a43c-4a72-824a-8482986a69a2,1d76ad0b-5c70-495a-ab61-2184c0d99838,e856ae4d-91bf-4ff5-b65a-b16670b06b24,it,"Featuring 2 swimming pools, a fitness centre and spa facilities, Golden Beach Resort & Spa offers air conditioned rooms. Only 50 metres from El Emir beach. The yacht harbour is 700 metres away.

Rooms at Resort & Spa Golden Beach have tiled floors and large wooden wardrobes. They feature cable TV and air conditioning. Parking is available for a supplement.

A buffet breakfast is served daily.

Spa facilities include a hot tub, and a massage room. In summer, guests can unwind on the sun lounger by the pool, and they can make use of the heated pool all year long. Billiards and table tennis are available, and there is a children playground.

The 24-hour front desk can secure shuttles to the airport, which is 20 km away. Golden Beach Resort & Spa is 50 metres from Gorlero Avenue and 100 metres from the designer shops on Calle 20.",2026-03-31 16:19:42.264565+01,2026-03-31 16:19:42.265181+01
2551daaf-9e7d-4d48-992c-67acf4050f0d,775408fb-89dd-4151-8666-0996beb0ddce,2d5fdc59-d3bf-4b41-8c56-e8d499e046f0,it,"Ubicato a Beau Vallon, a 500 metri da Beau Vallon Beach, Gardens Hill Resort & Spa propone una piscina all'aperto, un parcheggio privato gratuito, un centro fitness e una terrazza. A 5 km da Victoria Clock Tower e 6,6 km da Seychelles National Botanical Gardens, la struttura mette a disposizione un ristorante e un bar. L'alloggio prevede una reception 24 ore su 24, transfer aeroportuali, un servizio concierge e il WiFi gratuito in tutta la struttura.

Questo resort offre agli ospiti camere climatizzate dotate di scrivania, macchina da caffè, minibar, cassaforte, TV a schermo piatto e bagno privato con bidet. Le camere comprendono un bollitore elettrico, mentre alcune camere hanno un balcone e altre vantano anche la vista sul mare. Presso Gardens Hill Resort & Spa, ogni camera dispone di lenzuola e asciugamani.

A colazione troverete opzioni a buffet, continentali o vegetariane.

Seychelles National Museum è a 4,9 km da questa struttura, mentre Morne Seychellois si trova a 11 km dalla struttura. Aeroporto Internazionale delle Seychelles si trova a 14 km di distanza.",2026-03-31 16:20:21.586596+01,2026-03-31 16:20:21.587222+01
2f5e9a99-6f25-4a90-92a3-f150f070d994,284b51ea-0290-41b1-a711-c079f1009ada,e856ae4d-91bf-4ff5-b65a-b16670b06b24,fr,"Featuring 2 swimming pools, a fitness centre and spa facilities, Golden Beach Resort & Spa offers air conditioned rooms. Only 50 metres from El Emir beach. The yacht harbour is 700 metres away.

Rooms at Resort & Spa Golden Beach have tiled floors and large wooden wardrobes. They feature cable TV and air conditioning. Parking is available for a supplement.

A buffet breakfast is served daily.

Spa facilities include a hot tub, and a massage room. In summer, guests can unwind on the sun lounger by the pool, and they can make use of the heated pool all year long. Billiards and table tennis are available, and there is a children playground.

The 24-hour front desk can secure shuttles to the airport, which is 20 km away. Golden Beach Resort & Spa is 50 metres from Gorlero Avenue and 100 metres from the designer shops on Calle 20.",2026-03-31 16:20:52.196601+01,2026-03-31 16:20:52.197542+01
c87c0132-de87-40b2-95f8-6a92faec1ff0,2c62815a-741b-4a1e-8f3b-ea6fdcba4054,2d5fdc59-d3bf-4b41-8c56-e8d499e046f0,fr,"L’établissement Gardens Hill Resort & Spa vous accueille à Beau Vallon, à 500 mètres de ce lieu d’intérêt : Plage de Beau Vallon. Il comprend une piscine extérieure, une salle de sport, une terrasse et un parking privé gratuit. Il possède un restaurant et un bar, à respectivement 5 km et 6,6 km de : Victoria Clock Tower et Seychelles National Botanical Gardens. L’établissement propose une réception ouverte 24h/24, des transferts aéroport, un service de concierge et une connexion Wi-Fi gratuite dans l’ensemble de ses locaux.

L’établissement propose des hébergements dotés de la climatisation, d’un bureau, d'une machine à café, d'un minibar, d'un coffre-fort et d'une télévision à écran plat. Ils comprennent également une salle de bains privative pourvue d’un bidet. Vous bénéficierez d'une bouilloire. Certains hébergements possèdent également un balcon et d'autres offrent une vue sur la mer. Des serviettes et du linge de lit sont fournis.

Un petit-déjeuner buffet, continental ou végétarien est servi sur place.

Vous séjournerez à respectivement 4,9 km et 11 km de ces lieux d’intérêt : Seychelles National Museum et Morne Seychellois. L'aéroport le plus proche (Aéroport international des Seychelles) est à 14 km.",2026-03-31 16:21:27.303233+01,2026-03-31 16:21:27.303954+01
17957322-b46b-4a18-9574-952e4fa28d26,7aeb68d5-81c2-428b-9525-da7a3b03f06b,e856ae4d-91bf-4ff5-b65a-b16670b06b24,pt,"Featuring 2 swimming pools, a fitness centre and spa facilities, Golden Beach Resort & Spa offers air conditioned rooms. Only 50 metres from El Emir beach. The yacht harbour is 700 metres away.

Rooms at Resort & Spa Golden Beach have tiled floors and large wooden wardrobes. They feature cable TV and air conditioning. Parking is available for a supplement.

A buffet breakfast is served daily.

Spa facilities include a hot tub, and a massage room. In summer, guests can unwind on the sun lounger by the pool, and they can make use of the heated pool all year long. Billiards and table tennis are available, and there is a children playground.

The 24-hour front desk can secure shuttles to the airport, which is 20 km away. Golden Beach Resort & Spa is 50 metres from Gorlero Avenue and 100 metres from the designer shops on Calle 20.",2026-03-31 16:22:01.998729+01,2026-03-31 16:22:01.99936+01
d3f00c9e-6f90-4872-a66e-8bfd9427df9e,62459c09-88b5-4756-9b46-4d8d642c335d,2d5fdc59-d3bf-4b41-8c56-e8d499e046f0,pt,"Gardens Hill Resort & Spa encontra-se em Beau Vallon, a 5 minutos a pé de Praia de Beau Vallon, e apresenta acomodações com uma piscina exterior, estacionamento privado gratuito, um centro de fitness e um terraço. A 5 km de Victoria Clock Tower e 6,6 km de Seychelles National Botanical Gardens, o alojamento providencia dispõe de um restaurante e um bar. O alojamento fornece receção aberta 24 horas, transfers do aeroporto, um serviço de concierge e acesso Wi-Fi gratuito em toda a propriedade.

O alojamento providencia quartos com com ar condicionado, secretária, máquina de café, um minibar, cofre, televisão de ecrã plano e uma casa de banho privativa com bidé. Cada quarto tem chaleira, enquanto alguns quartos têm varanda e outros também possuem vistas do mar. Todos os quartos providenciam roupa de cama e toalhas.

São oferecidas opções de pequeno-almoço buffet, continental e vegetariano.

Seychelles National Museum fica a 4,9 km de Gardens Hill Resort & Spa, enquanto Morne Seychellois está a 11 km da propriedade. O Aeroporto Internacional das Seychelles fica a 14 km de distância.",2026-03-31 16:22:37.14773+01,2026-03-31 16:22:37.148413+01
9abc24e6-4fc9-4e19-b070-b65c8f3355fa,0213d7a0-ddec-4cd8-992c-643481b2e98f,ed56a1a9-066e-40f3-a481-8754e9e67641,en,"Set 500 metres from Rio de Janeiro’s famous and trendy Copacabana Beach, the 4-star Hotel Atlântico Rio offers an outdoor pool and free daily breakfast. Boasting a restaurant and privileged location, guests can also find dining and lunch options within a short walk.

Each room features contemporary décor and comes equipped with air conditioning, a 32"" flat-screen TV with cable channels and a minibar. Room service can be ordered.

Hotel facilities also include a bar, which serves exotic drinks and cocktails. Bikes can be rented on a station nearby.

Atlantico Rio is a 80 metres from Cantagalo metro station, and 3.6 km from Lagoa Stadium. Santos Dumont Airport is 11.5 km away, while Galeão International Airport is at a distance of 26 km.",2026-03-31 16:23:20.064007+01,2026-03-31 16:23:20.064655+01
af282934-8340-4639-b19b-9d9061a8d433,f4d74a51-ea1b-4361-b8ba-050c7243f0b6,9ca27c7f-b2ec-44bd-9cf2-4689ba4e9b2c,pt,"O Colonna Park Hotel de 4 estrelas está localizado no topo de uma falésia entre as Praias de João Fernandes e João Fernandinho, em Búzios. Disponibiliza quartos com ar condicionado, uma piscina exterior e acesso Wi-Fi gratuito.

Os quartos do Colonna Park Hotel exibem vistas espectaculares do oceano e alguns beneficiam de uma banheira de hidromassagem.

Todas as manhãs é servido um buffet de pequeno-almoço com uma variedade de frutas, pães e doces. Os hóspedes também poderão apreciar vários pratos internacionais complementados por uma extensa carta de vinhos no Restaurante Smeraldo.

Os hóspedes podem ainda usufruir de uma sala de jogos e das áreas de jardim, enquanto os adultos podem relaxar com uma massagem ou utilizar o banho turco ou sauna. É providenciado aluguer de bicicletas.

A encantadora Rua das Pedras, em calçada, fica a 30 minutos a pé e alberga uma variedade de lojas encantadoras, restaurantes locais e internacionais, bem como uma animada vida nocturna. Existe estacionamento na rua.",2026-03-31 16:29:42.97693+01,2026-03-31 16:29:42.977318+01
7004f109-0f30-4d3b-91cc-90539b46388b,64bb98c5-8450-49c9-9fa4-ee905f88962a,9ca27c7f-b2ec-44bd-9cf2-4689ba4e9b2c,en,"The 4-star Colonna Park Hotel is ideally located on a cliff top between Joao Fernandes and Joao Fernandinho beaches in Búzios. It offers air conditioned rooms with an outdoor swimming pool and free WiFi.

Rooms at Colonna Park Hotel offer spectacular ocean views and some contain a hot tub.

Every morning a buffet breakfast is served, which includes a variety of fruits, breads and sweets. Guests can also indulge in several international dishes that are complemented by an extensive wine list from the Smeraldo Restaurant.

Guests can enjoy the game-room and garden areas, while adults can relax with a massage or make full use of the Turkish steam bath or sauna. Bicycle rental is also available.

The charming cobblestone road of Rua das Pedras is just a 30-minute walk away and offers a variety of delightful shops, local and international restaurants and a lively nightlife. Street parking is available.",2026-03-31 16:23:55.549946+01,2026-03-31 16:23:55.551361+01
a823caea-0911-4410-a177-bff3d76ceba6,145c407e-e694-4dc4-95b0-68b68b77885b,7a679640-d0ad-41e0-bbf3-e5b39aa7be7c,en,"Manaus Hotéis Millennium is located within the Millennium Center Complex, along with the Business Towers, Medical Towers and Millennium Shopping. Featuring an outdoor pool, a fitness centre and sauna, this hotel has free WiFi throughout the property.

All apartments at Hotel Millenium are equipped with a balcony, air conditioning, kitchen and satellite TV.

The restaurant is open 24-hours and private parking can be arranged for an extra fee. A complimentary breakfast is served daily.

Hotel Millenium is 5 km away from the centre of Manaus and 10 km away from Eduardo Gomes International Airport.",2026-03-31 16:30:25.735267+01,2026-03-31 16:30:25.735864+01
3d09aebd-bf28-4dba-8213-76c4b49f497d,9355fbce-3cbd-419d-ac93-8b2f3f59162b,7a679640-d0ad-41e0-bbf3-e5b39aa7be7c,es,"El Manaus Hotéis Millennium está ubicado dentro del complejo Millennium Center, que incluye las torres de negocios, las torres médicas y el centro comercial Millennium Shopping. Este hotel proporciona WiFi gratuito en todas sus instalaciones y ofrece piscina al aire libre, sauna y centro de fitness.

Los apartamentos del Hotel Millenium disponen de aire acondicionado, TV vía satélite, cocina y balcón.

El restaurante abre las 24 horas. Se facilita aparcamiento privado por un suplemento. Se sirve un desayuno gratuito a diario.

El Hotel Millenium se encuentra a 5 km del centro de Manaos y a 10 km del aeropuerto internacional Eduardo Gomes.",2026-03-31 16:31:18.172704+01,2026-03-31 16:31:18.173256+01
0a3fc8f8-ffeb-477f-9ac6-4e328575ddf9,4f8063e2-c501-4334-8d5a-a0a3f3bdf7fa,7a679640-d0ad-41e0-bbf3-e5b39aa7be7c,de,"Das Manaus Hotéis Millennium befindet sich im Millennium Center Complex, wo Sie auch Business Towers, Medical Towers und Millennium Shopping finden können. Zu den Vorzügen des Hotels zählen ein Außenpool, ein Fitnesscenter und Sauna sowie kostenloses WLAN in allen Bereichen.

Die klimatisierten Apartments im Hotel Millenium verfügen alle über einen Balkon, eine Küche und Sat-TV.

Das Restaurant ist 24 Stunden geöffnet und ein Privatparkplatz kann gegen Aufpreis arrangiert werden. Starten Sie jeden Tag mit einem kostenlosen Frühstück.

Das Hotel Millenium liegt 5 km vom Zentrum von Manaus und 10 km vom internationalen Flughafen Manaus-Eduardo Gomes entfernt.",2026-03-31 16:32:11.038547+01,2026-03-31 16:32:11.038949+01
78c7e6e7-f660-41f3-973d-0d7f146195a3,d133259d-757f-4ce1-a491-acf71d7de1ba,7a679640-d0ad-41e0-bbf3-e5b39aa7be7c,it,"Manaus Hotéis Millennium is located within the Millennium Center Complex, along with the Business Towers, Medical Towers and Millennium Shopping. Featuring an outdoor pool, a fitness centre and sauna, this hotel has free WiFi throughout the property.

All apartments at Hotel Millenium are equipped with a balcony, air conditioning, kitchen and satellite TV.

The restaurant is open 24-hours and private parking can be arranged for an extra fee. A complimentary breakfast is served daily.

Hotel Millenium is 5 km away from the centre of Manaus and 10 km away from Eduardo Gomes International Airport.",2026-03-31 16:32:55.7961+01,2026-03-31 16:32:55.79647+01
db59a9d0-8eb6-47be-a4c0-dbe96c84331a,12d11d19-09de-45d4-8606-98eb629dbbad,7a679640-d0ad-41e0-bbf3-e5b39aa7be7c,fr,"Le Manaus Hotéis Millennium est installé au sein du complexe Millennium Center Complexe, qui abrite également les tours d'affaires, les tours médicales et le centre commercial Millennium. Il dispose d'une piscine extérieure, d'une salle de sport, d'un sauna et d'une connexion Wi-Fi gratuite dans l'ensemble des locaux.

Tous les appartements de l'Hotel Millenium sont pourvus d'un balcon, de la climatisation, d'une cuisine et d'une télévision par satellite.

Le restaurant est ouvert 24h/24 et un parking privé est disponible moyennant des frais supplémentaires. Un petit-déjeuner est servi gratuitement chaque matin.

Le Manaus Hotéis Millennium se trouve à 5 km du centre de Manaus et à 10 km de l'aéroport international Eduardo Gomes.",2026-03-31 16:33:41.004631+01,2026-03-31 16:33:41.004943+01
9c7367a1-a4db-4779-bbd6-2bda4d1688d4,9888b203-747c-4768-afe1-566ad3d002b3,7a679640-d0ad-41e0-bbf3-e5b39aa7be7c,pt,"O Manaus Hotéis Millennium está localizado dentro do Complexo Millennium Center, juntamente com as Torres Empresariais, as Torres Médicas e o Millennium Shopping (centro comercial). Este hotel apresenta uma piscina exterior, um centro de fitness e sauna, além disso disponibiliza acesso Wi-Fi gratuito em toda a propriedade.

Todos os apartamentos do Hotel Millenium incluem uma varanda, ar condicionado, uma cozinha e uma televisão por satélite.

O restaurante está aberto 24 horas e o estacionamento privado pode ser organizado por um custo adicional. Todos os dias é servido um pequeno-almoço gratuito.

O Hotel Millenium fica a 5 km do centro de Manaus e a 10 km do Aeroporto Internacional Eduardo Gomes.",2026-03-31 16:34:26.155194+01,2026-03-31 16:34:26.155657+01
7a171493-255a-4a23-a364-5a92a8e5afe8,5c45e51f-e741-4271-8110-415fc865b51c,ed56a1a9-066e-40f3-a481-8754e9e67641,es,"El Hotel Atlântico Rio, de 4 estrellas, ofrece piscina al aire libre y desayuno diario gratuito a 500 metros de la emblemática playa de Copacabana de Río de Janeiro. Alberga un restaurante y goza de una ubicación privilegiada, y también hay varios sitios para comer y cenar a poca distancia a pie.

Las habitaciones cuentan con una decoración contemporánea y están equipadas con aire acondicionado, TV de pantalla plana de 32 pulgadas con canales por cable y minibar. Además, hay servicio de habitaciones.

El bar del hotel sirve cócteles y bebidas exóticas. Se pueden alquilar bicicletas en un sitio cercano.

El Atlantico Río está a 80 metros de la estación de metro de Cantagalo y a 3,6 km del estadio Lagoa. El aeropuerto Santos Dumont se halla a 11,5 km y el aeropuerto internacional Galeao, a 26 km.",2026-03-31 16:24:30.439512+01,2026-03-31 16:24:30.440243+01
3d708024-4675-414d-9193-2f0b10a701ab,c072d579-c341-431f-9945-e36693391ed8,9ca27c7f-b2ec-44bd-9cf2-4689ba4e9b2c,es,"El Colonna Park Hotel, de 4 estrellas, está muy bien situado en lo alto de un acantilado, entre las playas Joao Fernandes y Joao Fernandinho, en Búzios. Ofrece habitaciones con aire acondicionado, piscina al aire libre y WiFi gratuita.

Las habitaciones del Colonna Park Hotel tienen vistas espectaculares al océano. Algunas incluyen bañera de hidromasaje.

Por las mañanas se sirve un desayuno buffet con una selección de frutas, panes y dulces. El restaurante Smeraldo elabora platos internacionales y ofrece una amplia selección de vinos.

El establecimiento cuenta con sala de juegos, zonas ajardinadas, servicio de masajes, sauna y baño de vapor. También hay servicio de préstamo de bicicletas.

La encantadora calle adoquinada Rua das Pedras está a solo 30 minutos a pie y alberga una gran variedad de tiendas exclusivas, restaurantes locales e internacionales y locales de ocio nocturno. Hay aparcamiento en la calle.",2026-03-31 16:25:05.129411+01,2026-03-31 16:25:05.129819+01
f245c39c-bbcd-4fbc-a4c6-e8d053d65702,abbba992-398b-49d5-a832-defa7252c77a,ed56a1a9-066e-40f3-a481-8754e9e67641,de,"In Rio de Janeiro, 500 m vom berühmten und angesagten Strand der Copacabana entfernt begrüßt Sie das 4-Sterne-Hotel Atlântico Rio. Die Unterkunft bietet einen Außenpool und ein kostenfreies Frühstück. Ihnen steht ein Restaurant zur Verfügung und dank der hervorragenden Lage erreichen Sie gastronomische Einrichtungen schnell und bequem zu Fuß.

Jedes Zimmer ist modern eingerichtet, klimatisiert und verfügt über einen 32-Zoll-Flachbild-Kabel-TV und eine Minibar. Zimmerservice ist ebenfalls möglich.

Zu den Einrichtungen des Hotels gehört eine Bar, wo Ihnen exotische Getränke und Cocktails serviert werden. Ganz in der Nähe können Sie Fahrräder ausleihen.

Das Atlântico Rio liegt 80 m vom U-Bahnhof Cantagalo und 3,6 km vom Lagoa-Stadion entfernt. Vom Flughafen Rio de Janeiro-Santos Dumont trennen Sie 11,5 km und vom internationalen Flughafen Rio de Janeiro-Galeão 26 km.",2026-03-31 16:25:39.607616+01,2026-03-31 16:25:39.608024+01
7f30afbc-8b10-4bd9-ade4-3f8b1f7424fc,a409e6ac-807a-49d1-bb11-3877a2336332,9ca27c7f-b2ec-44bd-9cf2-4689ba4e9b2c,de,"Ideal gelegen auf einer Klippe zwischen den Stränden von Joao Fernandes und Joao Fernandinho in Búzios erwartet Sie das 4-Sterne-Hotel Colonna Park. Freuen Sie sich auf klimatisierte Zimmer, einen Außenpool und kostenfreies WLAN.

Die Zimmer im Colonna Park Hotel bieten einen spektakulären Blick auf das Meer und einige besitzen einen Whirlpool.

Jeden Morgen wird Ihnen ein Frühstücksbuffet mit verschiedenen Obstsorten, Brot und Süßigkeiten serviert. Das Restaurant Smeraldo verwöhnt Sie mit mehreren internationalen Gerichten und hält eine umfangreiche Weinkarte für Sie bereit.

Die kleinen Gäste vergnügen sich im Spielezimmer und in den Gartenbereichen, während die Erwachsenen sich bei einer Massage erholen, das türkische Dampfbad besuchen oder in der Sauna entspannen. Ein Fahrradverleih gehört zu den weiteren Annehmlichkeiten.

Die bezaubernde, mit Kopfstein gepflasterte Straße Rua das Pedras liegt nur 30 Gehminuten entfernt und bietet eine Vielzahl von hübschen Geschäften, regionalen und internationalen Restaurants sowie ein reges Nachtleben. Parkplätze stehen an der Straße zur Verfügung.",2026-03-31 16:26:14.556827+01,2026-03-31 16:26:14.557335+01
0e8952bc-43fd-403c-95ee-cac74186de41,0df98d8d-1a7c-4667-bc4b-1a34329d4eb8,ed56a1a9-066e-40f3-a481-8754e9e67641,it,"Situato in una posizione privilegiata, a 500 metri dalla famosa spiaggia trendy di Copacabana e a pochi passi da vari punti ristoro, il 4 stelle Hotel Atlântico Rio offre una piscina all'aperto, una colazione giornaliera gratuita e un ristorante.

Le sistemazioni sono provviste di arredi contemporanei, aria condizionata, TV via cavo a schermo piatto da 32 pollici, minibar e servizio in camera.

In loco avrete a disposizione un bar con servizio di cocktail e drink esotici, mentre nelle vicinanze troverete un punto di noleggio biciclette.

L'Atlantico Rio dista 80 metri dalla stazione della metropolitana Cantagalo, 3,6 km dallo Stadio Lagoa, 11,5 km dall'Aeroporto Santos Dumont e 26 km dallo scalo internazionale Galeão.",2026-03-31 16:26:49.280084+01,2026-03-31 16:26:49.280641+01
b4f38ced-f9ba-494c-aba0-4ec73d0bd1a2,746b25e8-9348-4d85-b9b2-00c0d037912f,9ca27c7f-b2ec-44bd-9cf2-4689ba4e9b2c,it,"Situato in una posizione ideale a Búzios, in cima a una scogliera tra le spiagge di João Fernandes e João Fernandinho, il Colonna Park Hotel è una struttura a 4 stelle dotata di camere climatizzate, piscina all'aperto e connessione WiFi gratuita.

Le sistemazioni del Colonna Park Hotel vantano una vista spettacolare sull'oceano e, in alcuni casi, una vasca idromassaggio.

Ogni mattina la struttura allestisce una colazione a buffet con un ampio assortimento di frutta, pane e dolci. Il ristorante Smeraldo vi delizierà invece con una varietà di piatti internazionali accompagnati da una vasta lista di vini.

Per il tempo libero avrete a disposizione biciclette a noleggio, diverse parti del giardino e una sala per i giochi, mentre se desiderate un momento di relax potrete concedervi un massaggio o una sessione nella sauna o nel bagno turco.

Dal Colonna Park Hotel vi basteranno 30 minuti a piedi per raggiungere l'incantevole strada acciottolata Rua das Pedras, ricca di bei negozi, ristoranti locali e internazionali, e vivaci locali notturni. Approfittatene infine per parcheggiare la vostra auto lungo la strada.",2026-03-31 16:27:24.275004+01,2026-03-31 16:27:24.275634+01
577b98e3-b642-4703-80a6-71a283e188d1,133350db-e2e2-4122-9da1-066a0bb1f467,ed56a1a9-066e-40f3-a481-8754e9e67641,fr,"Situé à Rio de Janeiro, à 500 mètres de la célèbre plage de Copacabana, l'établissement 4 étoiles Hotel Atlântico Rio propose une piscine extérieure et un petit-déjeuner gratuit servi tous les jours. Doté d'un restaurant, il bénéficie d'un emplacement privilégié, à seulement quelques pas de plusieurs restaurants ouverts pour le déjeuner et le dîner.

Climatisées, toutes les chambres sont décorées dans un style moderne et comportent une télévision par câble à écran plat de 81 cm et un minibar. L'hôtel est doté d'un service d'étage.

Le bar sur place sert des boissons exotiques et une sélection de cocktails. Vous pourrez louer des vélos dans une gare voisine.

L'Atlantico Rio se trouve à 80 mètres de la station de métro Cantagalo et à 3,6 km du stade Lagoa. L'aéroport Santos Dumont se situe à 11,5 km, et l'aéroport international de Galeão est à 26 km.",2026-03-31 16:27:58.758576+01,2026-03-31 16:27:58.75907+01
362b0db0-40ea-4432-98d3-f834a9754662,aadd374b-597b-40ee-b02b-78b945016df5,9ca27c7f-b2ec-44bd-9cf2-4689ba4e9b2c,fr,"Le Colonna Park Hotel est un établissement 4 étoiles idéalement situé au sommet d'une falaise, entre les plages de Joao Fernandes et de Joao Fernandinho, à Búzios. Il propose des chambres climatisées, une piscine extérieure et une connexion Wi-Fi gratuite.

Les chambres du Colonna Park Hotel offrent une vue spectaculaire sur l'océan, tandis que certaines sont pourvues d'un bain à remous.

Servi chaque matin, le petit-déjeuner buffet se compose d'un choix de fruits, de pains et de douceurs. Vous pourrez déguster plusieurs plats internationaux au restaurant Smeraldo, accompagnés d'un vin provenant de la carte bien garnie.

Les enfants pourront s'amuser dans la salle de jeux et le jardin, tandis que les adultes se détendront avec un massage ou en utilisant le hammam turc ou le sauna. Un service de location de vélos est assuré.

La charmante route pavée de la Rua das Pedras se trouve à seulement 30 minutes de marche avec de belles boutiques, des restaurants préparant des plats locaux et internationaux, ainsi que des lieux de vie nocturne animés. Des places de stationnement sont à votre disposition dans la rue.",2026-03-31 16:28:33.26632+01,2026-03-31 16:28:33.266809+01
35b768e1-a9ab-4edf-8539-0da874ae134d,1cb9ccf2-830d-4bdd-964d-09ce97c7d709,ed56a1a9-066e-40f3-a481-8754e9e67641,pt,"O Hotel Atlântico Rio, de 4 estrelas, está situado a 500 metros da famosa e elegante Praia de Copacabana e dispõe de uma piscina exterior e de pequeno-almoço diário gratuito. Com um restaurante e uma localização privilegiada, os hóspedes também podem encontrar opções de restauração para almoço e jantar a uma curta caminhada.

Cada quarto apresenta uma decoração contemporânea, ar condicionado, uma televisão de ecrã plano de 81 cm com canais por cabo e um mini-bar. Pode ser solicitado serviço de quartos.

As comodidades do hotel também incluem um bar que serve bebidas e cocktails exóticos. Podem ser alugadas bicicletas numa estação nas proximidades.

O Atlantico Rio fica a 80 metros da Estação de Metro Cantagalo e a 3,6 km do Estádio Lagoa. O Aeroporto Santos Dumont está a 11,5 km, enquanto o Aeroporto Internacional do Galeão fica a 26 km.",2026-03-31 16:29:08.030963+01,2026-03-31 16:29:08.031474+01
