"id","hotel_id","url_id","language","description","created_at","updated_at"
"901be25f-61b1-4f0a-ab4c-b657812b21c9","f47d1e2e-4716-498a-87e8-04c7a99d7d50","4356f819-e6aa-42f8-b349-bd9ceb370bee","es","Boasting a 24-hour spa and the world's first underwater nightclub, the luxurious  Niyama Private Islands Maldives is tropical paradise offering a quiet private beach, Thakuru (Villa Host Services). and free WiFi is available in the rooms and throughout the resort. Rooms offered are luxurious beach pool villas and over water pool villas.

Spacious and modern, the villas at Niyama Private Islands Maldives are located on the beach or over the crystal lagoon. Two to three bedroom villas complete with large infinity pools and commanding absolute privacy. All come with a 40-inch flat-screen TV, international TV channels, Bose surround sound system and a well-stocked minibar. Outdoor bathrooms have a soaking tub and soothing rainshowers. The accommodation has electric kettle, slippers and free toiletries.

Drift Spa features relaxing body massage and other beauty treatments. Guided snorkelling trips, sunset cruises, manta ray snorkeling, and fishing trips can be arranged by the butlers. On-site, guests can also look forward to playing the latest video games, swimming in the main pool or exercising at the gym. Staff at the restaurant and spa can assist the guests. It houses a world class Kids Club which is one of the largest and the only kids club that caters from 12 months to 12 years old children.

The world’s first underwater restaurant-Subsix is located 6 metres below sea level and is known for its champagne breakfasts and glow parties fitted with glass walls with views of the underwater marine life. Edge is a modern fine dining restaurant, set 500 metres out in the ocean, accessible only by boat. Nest offers a surreal tree top setting perfect for romantic soirees, private and family dining serving Asian avant-garde cuisines including Thai, Cantonese, Teppanyaki, Japanese, Indonesian and more. Niyama Private Islands Maldives is the only resort in the Maldives to have an Afro Latin restaurant - Tribal that offers an innovative campsite dining experience showcasing exotic","2026-03-20 22:31:58.878676+00","2026-03-20 22:31:58.878679+00"
"007b5338-4835-4001-9b33-7c2a542f6e28","7b535877-4655-41e0-9aca-1e24eb5a584d","493d91e2-866e-4566-abed-318b8ce16a41","es","Centara Grand Lagoon Maldives - Free Round Trip Speedboat when stay 4 nights or more between 17 April - 15 October 2026 es un alojamiento de 5 estrellas que está en Nakatukufuri. Algunas habitaciones del alojamiento tienen una terraza con vistas al mar.

Algunas de las habitaciones incluyen zona de cocina con nevera y minibar.

En el resort se puede disfrutar de un desayuno buffet.","2026-03-20 22:33:18.416194+00","2026-03-20 22:33:18.416196+00"
"1f11f5a9-d444-4bd9-93be-37cf23527729","a9b7575b-67e8-4080-aeda-4d21ec71a09f","4356f819-e6aa-42f8-b349-bd9ceb370bee","en","Boasting a 24-hour spa and the world's first underwater nightclub, the luxurious  Niyama Private Islands Maldives is tropical paradise offering a quiet private beach, Thakuru (Villa Host Services). and free WiFi is available in the rooms and throughout the resort. Rooms offered are luxurious beach pool villas and over water pool villas.

Spacious and modern, the villas at Niyama Private Islands Maldives are located on the beach or over the crystal lagoon. Two to three bedroom villas complete with large infinity pools and commanding absolute privacy. All come with a 40-inch flat-screen TV, international TV channels, Bose surround sound system and a well-stocked minibar. Outdoor bathrooms have a soaking tub and soothing rainshowers. The accommodation has electric kettle, slippers and free toiletries.

Drift Spa features relaxing body massage and other beauty treatments. Guided snorkelling trips, sunset cruises, manta ray snorkeling, and fishing trips can be arranged by the butlers. On-site, guests can also look forward to playing the latest video games, swimming in the main pool or exercising at the gym. Staff at the restaurant and spa can assist the guests. It houses a world class Kids Club which is one of the largest and the only kids club that caters from 12 months to 12 years old children.

The world’s first underwater restaurant-Subsix is located 6 metres below sea level and is known for its champagne breakfasts and glow parties fitted with glass walls with views of the underwater marine life. Edge is a modern fine dining restaurant, set 500 metres out in the ocean, accessible only by boat. Nest offers a surreal tree top setting perfect for romantic soirees, private and family dining serving Asian avant-garde cuisines including Thai, Cantonese, Teppanyaki, Japanese, Indonesian and more. Niyama Private Islands Maldives is the only resort in the Maldives to have an Afro Latin restaurant - Tribal that offers an innovative campsite dining experience showcasing exotic","2026-03-20 22:36:09.328138+00","2026-03-20 22:36:09.328141+00"
"f6255dd1-3093-4870-b9ea-c1bf6e79d38e","81f78315-96d8-4f01-85db-3da03c88d183","493d91e2-866e-4566-abed-318b8ce16a41","en","Elegant Accommodation:Centara Grand Lagoon Maldives in Maldives offers a 5-star resort experience with sea views, air-conditioning, terrace, and a pool with a view. Each room includes a kitchenette, bathrobes, spa bath, and private bathroom.Comfortable Amenities:Guests enjoy free WiFi, a buffet breakfast, and a fitness centre. Additional amenities include a minibar, work desk, and executive lounge access.Prime Location:Located in North Male' Atoll, the resort is 15 km from Velana International Airport. Nearby attractions include Nakatukufuri and Hulhumale.","2026-03-20 22:39:02.474491+00","2026-03-20 22:39:02.474494+00"
"8b9277aa-120a-4266-a392-315224d52497","b4276028-c46f-4910-b9df-4166184b6679","4356f819-e6aa-42f8-b349-bd9ceb370bee","de","Das luxuriöse Niyama Private Islands Maldives ist ein tropisches Paradies mit einem 24-Stunden-Spa und dem ersten Unterwasser-Nachtclub der Welt. Es bietet einen ruhigen Privatstrand, Thakuru (Villa Host Services) und kostenloses WLAN in den Zimmern und im gesamten Resort. Sie wohnen in luxuriösen Poolvillen am Strand oder über dem Wasser.

Die geräumigen und modernen Villen der Unterkunft Niyama Private Islands Maldives befinden sich am Strand oder über dem kristallklaren Wasser der Lagune. Es erwarten Sie Villen mit 2 oder 3 Schlafzimmern, großen Infinity-Pools und absoluter Privatsphäre. Alle Villen verfügen über einen 40-Zoll-Flachbild-TV mit internationalen Kanälen, ein Surround-Sound-System von Bose und eine gut gefüllte Minibar. Die Bäder im Außenbereich sind mit einer tiefen Badewanne und einer entspannenden Regendusche ausgestattet. Ein Wasserkocher, Hausschuhe und kostenfreie Pflegeprodukte gehören zu den weiteren Annehmlichkeiten.

Im Spa Drift können Sie sich mit erholsamen Körpermassagen und anderen Schönheitsanwendungen verwöhnen lassen. Die Butler arrangieren gern geführte Schnorchelausflüge, Bootsfahrten bei Sonnenuntergang, Schnorchelgänge mit Mantarochen sowie Angeltouren für Sie. In der Unterkunft können Sie sich bei den neuesten Videospielen vergnügen oder im Fitnesscenter trainieren. Erfrischen Sie sich auch bei einem Bad im Hauptpool. Die Mitarbeiter im Restaurant und im Wellnessbereich stehen Ihnen gern hilfreich zur Seite. Die jüngsten Gäste erwartet ein erstklassiger Kids Club, der einer der größten und der einzige Miniclub ist, in dem Kinder von 12 Monaten bis 12 Jahren willkommen sind.

Das weltweit erste Unterwasser-Restaurant Subsix befindet sich 6 m unter dem Meeresspiegel und ist mit seinen Glaswänden mit Blick auf die Unterwasserwelt für sein Champagner-Frühstück und seine glühende Party-Kulisse bekannt. Das Edge, ein modernes Gourmetrestaurant, erwartet Sie 500 m von der Küste entfernt im Meer und ist nur per Boot zu erreichen. Das R","2026-03-20 22:40:21.969987+00","2026-03-20 22:40:21.969991+00"
"83547359-367d-4056-8260-ca05d53cea77","daaf6927-e029-4315-98f7-0e14bb055469","493d91e2-866e-4566-abed-318b8ce16a41","de","Die Unterkunft Centara Grand Lagoon Maldives - Free Round Trip Speedboat when stay 4 nights or more between 17 April - 15 October 2026 mit 5 Sternen ist in Nakatukufuri gelegen. Einige Zimmer in der Unterkunft haben eine Terrasse mit Meerblick.

Einige Zimmer sind ausgestattet mit einer Küchenzeile mit einem Kühlschrank und einer Minibar.

Gäste der Unterkunft Centara Grand Lagoon Maldives - Free Round Trip Speedboat when stay 4 nights or more between 17 April - 15 October 2026 können ein als Buffet angebotenes Frühstück genießen.","2026-03-20 22:41:39.194906+00","2026-03-20 22:41:39.194909+00"
"238116ad-c496-43f6-9a96-22e214d3b492","fbf206a4-2032-437c-8a49-872c72b8b5c9","4356f819-e6aa-42f8-b349-bd9ceb370bee","fr","Boasting a 24-hour spa and the world's first underwater nightclub, the luxurious  Niyama Private Islands Maldives is tropical paradise offering a quiet private beach, Thakuru (Villa Host Services). and free WiFi is available in the rooms and throughout the resort. Rooms offered are luxurious beach pool villas and over water pool villas.

Spacious and modern, the villas at Niyama Private Islands Maldives are located on the beach or over the crystal lagoon. Two to three bedroom villas complete with large infinity pools and commanding absolute privacy. All come with a 40-inch flat-screen TV, international TV channels, Bose surround sound system and a well-stocked minibar. Outdoor bathrooms have a soaking tub and soothing rainshowers. The accommodation has electric kettle, slippers and free toiletries.

Drift Spa features relaxing body massage and other beauty treatments. Guided snorkelling trips, sunset cruises, manta ray snorkeling, and fishing trips can be arranged by the butlers. On-site, guests can also look forward to playing the latest video games, swimming in the main pool or exercising at the gym. Staff at the restaurant and spa can assist the guests. It houses a world class Kids Club which is one of the largest and the only kids club that caters from 12 months to 12 years old children.

The world’s first underwater restaurant-Subsix is located 6 metres below sea level and is known for its champagne breakfasts and glow parties fitted with glass walls with views of the underwater marine life. Edge is a modern fine dining restaurant, set 500 metres out in the ocean, accessible only by boat. Nest offers a surreal tree top setting perfect for romantic soirees, private and family dining serving Asian avant-garde cuisines including Thai, Cantonese, Teppanyaki, Japanese, Indonesian and more. Niyama Private Islands Maldives is the only resort in the Maldives to have an Afro Latin restaurant - Tribal that offers an innovative campsite dining experience showcasing exotic","2026-03-20 22:42:58.484893+00","2026-03-20 22:42:58.484895+00"
"0efc2520-f016-4aab-9c56-aa9eabf4b999","99d89bdf-e208-4123-88ab-edb3c96df01a","493d91e2-866e-4566-abed-318b8ce16a41","fr","L’établissement 5 étoiles Centara Grand Lagoon Maldives - Free Round Trip Speedboat when stay 4 nights or more between 17 April - 15 October 2026 vous accueille à Nakatukufuri. Certains hébergements sont pourvus d’une terrasse offrant une vue sur la mer.

Certains hébergements possèdent une kitchenette équipée d’un réfrigérateur et d’un minibar.

Un petit-déjeuner buffet est servi sur place.","2026-03-20 22:44:29.269454+00","2026-03-20 22:44:29.269456+00"
"782ee4ae-1ce2-4198-aa8b-0dd36d5949f4","55af2629-e1fc-4bdb-a03f-96594893b457","4356f819-e6aa-42f8-b349-bd9ceb370bee","it","Boasting a 24-hour spa and the world's first underwater nightclub, the luxurious  Niyama Private Islands Maldives is tropical paradise offering a quiet private beach, Thakuru (Villa Host Services). and free WiFi is available in the rooms and throughout the resort. Rooms offered are luxurious beach pool villas and over water pool villas.

Spacious and modern, the villas at Niyama Private Islands Maldives are located on the beach or over the crystal lagoon. Two to three bedroom villas complete with large infinity pools and commanding absolute privacy. All come with a 40-inch flat-screen TV, international TV channels, Bose surround sound system and a well-stocked minibar. Outdoor bathrooms have a soaking tub and soothing rainshowers. The accommodation has electric kettle, slippers and free toiletries.

Drift Spa features relaxing body massage and other beauty treatments. Guided snorkelling trips, sunset cruises, manta ray snorkeling, and fishing trips can be arranged by the butlers. On-site, guests can also look forward to playing the latest video games, swimming in the main pool or exercising at the gym. Staff at the restaurant and spa can assist the guests. It houses a world class Kids Club which is one of the largest and the only kids club that caters from 12 months to 12 years old children.

The world’s first underwater restaurant-Subsix is located 6 metres below sea level and is known for its champagne breakfasts and glow parties fitted with glass walls with views of the underwater marine life. Edge is a modern fine dining restaurant, set 500 metres out in the ocean, accessible only by boat. Nest offers a surreal tree top setting perfect for romantic soirees, private and family dining serving Asian avant-garde cuisines including Thai, Cantonese, Teppanyaki, Japanese, Indonesian and more. Niyama Private Islands Maldives is the only resort in the Maldives to have an Afro Latin restaurant - Tribal that offers an innovative campsite dining experience showcasing exotic","2026-03-20 22:45:49.033847+00","2026-03-20 22:45:49.03385+00"
"ac9b2376-65a0-4058-83c6-420c90c7b0eb","dc7fa076-dfd5-47d7-b713-ca2642aad7e6","493d91e2-866e-4566-abed-318b8ce16a41","it","Centara Grand Lagoon Maldives - Free Round Trip Speedboat when stay 4 nights or more between 17 April - 15 October 2026 è un alloggio a 5 stelle ubicato a Nakatukufuri. Alcune camere della struttura hanno una terrazza con vista mare.

Alcune camere sono fornite di un angolo cottura con un frigorifero e un minibar.

Presso questo resort potrete gustare una colazione a buffet.","2026-03-20 22:47:08.026987+00","2026-03-20 22:47:08.02699+00"
"eb09317f-3097-4e0f-8ce4-4162a8047e6b","f83cee6a-28bd-4294-825b-e23d3625facd","4356f819-e6aa-42f8-b349-bd9ceb370bee","nl","Boasting a 24-hour spa and the world's first underwater nightclub, the luxurious  Niyama Private Islands Maldives is tropical paradise offering a quiet private beach, Thakuru (Villa Host Services). and free WiFi is available in the rooms and throughout the resort. Rooms offered are luxurious beach pool villas and over water pool villas.

Spacious and modern, the villas at Niyama Private Islands Maldives are located on the beach or over the crystal lagoon. Two to three bedroom villas complete with large infinity pools and commanding absolute privacy. All come with a 40-inch flat-screen TV, international TV channels, Bose surround sound system and a well-stocked minibar. Outdoor bathrooms have a soaking tub and soothing rainshowers. The accommodation has electric kettle, slippers and free toiletries.

Drift Spa features relaxing body massage and other beauty treatments. Guided snorkelling trips, sunset cruises, manta ray snorkeling, and fishing trips can be arranged by the butlers. On-site, guests can also look forward to playing the latest video games, swimming in the main pool or exercising at the gym. Staff at the restaurant and spa can assist the guests. It houses a world class Kids Club which is one of the largest and the only kids club that caters from 12 months to 12 years old children.

The world’s first underwater restaurant-Subsix is located 6 metres below sea level and is known for its champagne breakfasts and glow parties fitted with glass walls with views of the underwater marine life. Edge is a modern fine dining restaurant, set 500 metres out in the ocean, accessible only by boat. Nest offers a surreal tree top setting perfect for romantic soirees, private and family dining serving Asian avant-garde cuisines including Thai, Cantonese, Teppanyaki, Japanese, Indonesian and more. Niyama Private Islands Maldives is the only resort in the Maldives to have an Afro Latin restaurant - Tribal that offers an innovative campsite dining experience showcasing exotic","2026-03-20 22:48:26.397778+00","2026-03-20 22:48:26.397782+00"
"4d49bf66-8342-40ce-ab99-26371da169fd","0c7ebda2-e258-477e-85a8-edc91bc0eef4","493d91e2-866e-4566-abed-318b8ce16a41","nl","Centara Grand Lagoon Maldives - Free Round Trip Speedboat when stay 4 nights or more between 17 April - 15 October 2026 is een accommodatie met 5 sterren en bevindt zich in Nakatukufuri. Een aantal kamers bij de accommodatie hebben een terras met zeezicht.

Sommige kamers zijn voorzien van een kitchenette met een koelkast en een minibar.

Je kunt bij het resort genieten van een als buffet aangeboden ontbijt.","2026-03-20 22:50:11.301956+00","2026-03-20 22:50:11.301958+00"
"0d4cef76-c5cc-4679-a6bf-f1988f7f0de2","fff45044-56cd-49c4-9860-5d04cc8750c2","4356f819-e6aa-42f8-b349-bd9ceb370bee","pt","Boasting a 24-hour spa and the world's first underwater nightclub, the luxurious  Niyama Private Islands Maldives is tropical paradise offering a quiet private beach, Thakuru (Villa Host Services). and free WiFi is available in the rooms and throughout the resort. Rooms offered are luxurious beach pool villas and over water pool villas.

Spacious and modern, the villas at Niyama Private Islands Maldives are located on the beach or over the crystal lagoon. Two to three bedroom villas complete with large infinity pools and commanding absolute privacy. All come with a 40-inch flat-screen TV, international TV channels, Bose surround sound system and a well-stocked minibar. Outdoor bathrooms have a soaking tub and soothing rainshowers. The accommodation has electric kettle, slippers and free toiletries.

Drift Spa features relaxing body massage and other beauty treatments. Guided snorkelling trips, sunset cruises, manta ray snorkeling, and fishing trips can be arranged by the butlers. On-site, guests can also look forward to playing the latest video games, swimming in the main pool or exercising at the gym. Staff at the restaurant and spa can assist the guests. It houses a world class Kids Club which is one of the largest and the only kids club that caters from 12 months to 12 years old children.

The world’s first underwater restaurant-Subsix is located 6 metres below sea level and is known for its champagne breakfasts and glow parties fitted with glass walls with views of the underwater marine life. Edge is a modern fine dining restaurant, set 500 metres out in the ocean, accessible only by boat. Nest offers a surreal tree top setting perfect for romantic soirees, private and family dining serving Asian avant-garde cuisines including Thai, Cantonese, Teppanyaki, Japanese, Indonesian and more. Niyama Private Islands Maldives is the only resort in the Maldives to have an Afro Latin restaurant - Tribal that offers an innovative campsite dining experience showcasing exotic","2026-03-20 22:51:29.184937+00","2026-03-20 22:51:29.184939+00"
"f5c0d758-1be9-4d59-a9f4-ec0705782c88","3f076ffa-5ee4-4194-aeee-f206bddea2a2","493d91e2-866e-4566-abed-318b8ce16a41","pt","Centara Grand Lagoon Maldives - Free Round Trip Speedboat when stay 4 nights or more between 17 April - 15 October 2026 é um alojamento de 5 estrelas em Nakatukufuri. Alguns quartos do alojamento têm terraço com vista do mar.

Alguns quartos estão equipados com uma kitchenette com um frigorífico e um minibar.

Centara Grand Lagoon Maldives - Free Round Trip Speedboat when stay 4 nights or more between 17 April - 15 October 2026 disponibiliza pequeno-almoço buffet aos seus hóspedes.","2026-03-20 22:52:47.022981+00","2026-03-20 22:52:47.022984+00"
"d33f8808-4525-46d4-a7ec-da1686558244","a2a7a301-54f8-4a3e-af0b-5fd4d84d000d","0fa5c633-632b-4609-94e6-4240aed48871","es","Mandarin Oriental, Canouan tiene bicicletas gratis, piscina al aire libre, centro de fitness y jardín en Canouan. El alojamiento dispone de zona de playa privada y una serie de instalaciones para practicar deportes acuáticos, además de terraza y restaurante. El alojamiento ofrece recepción 24 horas, traslado para ir o volver del aeropuerto, club infantil y wifi gratis en todo el alojamiento.

En el hotel, las habitaciones disponen de balcón.

Hay opciones continentales o americanas de desayuno disponibles en Mandarin Oriental, Canouan.

En el alojamiento, la clientela puede disfrutar de bañera de hidromasaje. Se puede jugar al billar, al ping-pong y al tenis en Mandarin Oriental, Canouan, y la zona es ideal para practicar senderismo y windsurf.","2026-03-20 22:54:04.759221+00","2026-03-20 22:54:04.759223+00"
"be99736d-7757-4373-b888-4744144fe634","e3c5d548-592c-4edb-9802-ea94b6f97e11","7e509834-ef44-484e-8286-616d61ae6bf6","es","South Bank está en Long Bay Hills y tiene bicicletas gratis, centro de fitness, una terraza solárium con piscina y desayuno a la carta. Este alojamiento ofrece restaurante, servicio de habitaciones y recepción 24 horas, además de wifi gratis en todo el alojamiento. Hay parking privado gratis y resort también dispone de alquiler de coches para descubrir los alrededores.

En el resort, las habitaciones tienen escritorio. En South Bank, cada habitación dispone de aire acondicionado y TV de pantalla plana, y algunas también ofrecen vistas al mar. Todas las habitaciones tienen ropa de cama.

En el alojamiento se sirve un continental americano o vegetariano.

Se puede jugar al tenis en este resort de 5 estrellas.

Long Bay Beach está a pocos pasos del alojamiento. El aeropuerto (Aeropuerto internacional de Providenciales) está a 14 km.","2026-03-20 22:55:46.68002+00","2026-03-20 22:55:46.680024+00"
"4b5db181-059c-4f5c-aa0a-90ded05fa2a1","96e67105-2cf4-418b-a851-b24d64d0f5aa","0fa5c633-632b-4609-94e6-4240aed48871","en","Beachfront and Leisure:Mandarin Oriental, Canouan in Canouan offers a private beach area, beachfront, and a swimming pool with stunning views. Guests can enjoy spa facilities, a fitness centre, sun terrace, and free use of bicycles. Water sports and yoga classes are available, alongside free WiFi throughout the property.Comfortable Accommodations:Rooms feature balconies with sea views, kitchenettes, and private bathrooms. Family rooms and interconnected rooms cater to all needs, complemented by amenities such as a hot tub and children’s playground. Free on-site private parking and a 24-hour front desk ensure convenience.Dining and Refreshments:The family-friendly restaurant serves Mediterranean, international, and Caribbean cuisines in a modern and romantic ambience. Breakfast options include continental and American styles, while the bar offers a pool bar and outdoor seating area. Additional facilities include a tennis court and kids’ pool.","2026-03-20 22:58:37.876964+00","2026-03-20 22:58:37.876966+00"
"67fa72aa-9e2e-4544-89e8-0c896bdb70e2","1a6e8522-7047-4155-b757-addd57d28ba0","7e509834-ef44-484e-8286-616d61ae6bf6","en","Elegant Accommodation:South Bank in Turks & Caicos offers a 5-star resort experience with spa facilities, a fitness centre, sun terrace, outdoor swimming pool, tennis court, and free WiFi.Comfortable Amenities:Guests enjoy private check-in and check-out, a 24-hour front desk, concierge service, family rooms, and free on-site parking. Additional amenities include air-conditioning, balcony, and sea views.Dining Options:The family-friendly restaurant serves Mediterranean cuisine with vegetarian, vegan, and gluten-free options. Breakfast includes local specialities, fresh pastries, and a variety of beverages.Prime Location:Located a few steps from Long Bay Beach and 14 km from Providenciales International Airport, South Bank provides easy access to local attractions.","2026-03-20 23:01:33.710573+00","2026-03-20 23:01:33.710577+00"
"5f687e87-c6ae-4209-852d-69fdf44b54c7","5cd0b963-5522-4ab5-9ae2-fbe647022c20","0fa5c633-632b-4609-94e6-4240aed48871","it","Mandarin Oriental, Canouan offre biciclette gratuite, una piscina all'aperto, un centro fitness e un giardino a Canouan. La struttura propone una zona spiaggia privata e varie attrezzature per sport acquatici, oltre a una terrazza e un ristorante. L'alloggio prevede una reception 24 ore su 24, trasferimenti aeroportuali, un mini club e il WiFi gratuito in tutta la struttura.

Questo hotel mette a disposizione alcune unità con vista sul mare e le camere sono dotate di un balcone.

Mandarin Oriental, Canouan offre una colazione continentale o americana.

Presso questa struttura potrete usufruire di una vasca idromassaggio. Presso Mandarin Oriental, Canouan, potrete giocare a biliardo, ping pong e tennis, mentre la zona è famosa per l’escursionismo e il windsurf.","2026-03-20 23:08:19.824462+00","2026-03-20 23:08:19.824464+00"
"f007ec42-661b-43b4-8190-40c1eaa9cc06","6e375b00-8d49-471d-9b86-20141b8394de","7e509834-ef44-484e-8286-616d61ae6bf6","it","South Bank offre biciclette gratuite, un centro fitness, una terrazza solarium con piscina e la colazione à la carte, nella cornice di Long Bay Hills. Con un giardino, il resort a 5 stelle presenta camere climatizzate con WiFi gratuito. Presso il resort è presente un parcheggio privato gratuito, e la struttura inoltre propone il noleggio auto per gli ospiti che desiderano esplorare la zona circostante.

Tutte le camere presso questo resort prevedono un’area salotto, una TV a schermo piatto e la cassaforte. South Bank prevede alcune camere con vista sul mare e tutte le camere comprendono un balcone. Le camere hanno le lenzuola.

Presso questa struttura troverete un ristorante che serve piatti mediterranei. Su richiesta sono disponibili anche opzioni vegetariane, vegan e senza glutine.

Presso South Bank potrete giocare a tennis.

Lo staff della reception è a disposizione per fornirvi assistenza e parla inglese, spagnolo e francese.

Long Bay Beach è a 50 metri da questo resort. Aeroporto Internazionale di Providenciales si trova a 14 km dalla struttura.","2026-03-20 23:09:39.484403+00","2026-03-20 23:09:39.484405+00"
"28429f76-8a69-4d04-98ef-c5623f17cc27","8df7af18-d3bb-490c-a052-c3fd7ea1f5e7","0fa5c633-632b-4609-94e6-4240aed48871","nl","Mandarin Oriental, Canouan heeft gratis fietsen, een buitenzwembad, een fitnesscentrum en een tuin in Canouan. De accommodatie heeft een privéstrand, een aantal watersportfaciliteiten, een terras en een restaurant. De accommodatie biedt een 24-uursreceptie, luchthaventransfers, een kinderclub en gratis WiFi in de hele accommodatie.

Het hotel is voorzien van een aantal units met uitzicht op de zee, en de kamers zijn voorzien van een balkon.

Mandarin Oriental, Canouan biedt een continentaal ontbijt of Amerikaans ontbijt.

Bij de accommodatie kun je volop genieten van een hot tub. Je kunt biljarten, tafeltennissen en tennissen bij Mandarin Oriental, Canouan, en gasten gaan er graag wandelen en windsurfen.","2026-03-20 23:10:58.020012+00","2026-03-20 23:10:58.020016+00"
"8d367d04-cc60-4e36-97e7-a9d23b343f9a","5413018a-c587-48ee-8618-3675eeba8099","7e509834-ef44-484e-8286-616d61ae6bf6","nl","South Bank heeft gratis fietsen, een fitnesscentrum en een zonneterras met zwembad en à la carte-ontbijt in Long Bay Hills. Het resort met 5 sterren biedt een tuin en heeft kamers met airconditioning en gratis WiFi. Gratis privéparkeren beschikbaar is als je de omgeving wilt verkennen, kun je bij het resort ook een auto huren.

Alle kamers bij het resort zijn voorzien van een zithoek, een flatscreen-tv en een kluisje. South Bank heeft een aantal kamers met uitzicht op de zee, en elke kamer heeft een balkon. Kamers hebben beddengoed.

Er is een continentaal ontbijt, Amerikaans ontbijt of vegetarisch ontbijt beschikbaar bij de accommodatie. De accommodatie heeft een restaurant dat mediterraanse gerechten serveert. Op aanvraag kun je er ook terecht voor vegatarische, veganistische en glutenvrije opties.

Je kunt tennissen bij South Bank.

Het personeel bij de receptie spreekt Engels, Spaans en Frans, en staat altijd klaar om je te helpen.

Long Bay Beach ligt op een paar minuten lopen van het resort. Vliegveld Internationale luchthaven Providenciales ligt op 14 km van de accommodatie.","2026-03-20 23:12:32.371113+00","2026-03-20 23:12:32.371115+00"
"d898aff1-cd6a-4c54-8a2e-adb49673d5e1","f112d536-c589-46a9-befa-73997fd9f6ed","0fa5c633-632b-4609-94e6-4240aed48871","pt","Mandarin Oriental, Canouan tem bicicletas gratuitas, piscina exterior, um centro de fitness e jardim em Canouan. O alojamento apresenta uma área de praia privada e uma variedade de comodidades para desportos aquáticos, assim como um terraço e um restaurante. O alojamento fornece receção aberta 24 horas, transfers do aeroporto, um clube infantil e acesso Wi-Fi gratuito em toda a propriedade.

O alojamento dispõe de algumas unidades com vistas do mar, e os quartos estão equipados com varanda.

Mandarin Oriental, Canouan disponibiliza pequeno-almoço continental ou americano.

Mandarin Oriental, Canouan oferece aos hóspedes a oportunidade de desfrutar de uma banheira de hidromassagem. Pode jogar bilhar, ténis de mesa e ténis em Mandarin Oriental, Canouan, e a área é popular para caminhadas e windsurf.","2026-03-20 23:13:51.198525+00","2026-03-20 23:13:51.198528+00"
"2b3959e5-a795-41c7-9a9e-98c1a9de06a4","97ec43f2-2edb-482b-82da-af2d71cf3253","2741d8d5-15c8-42f2-91ca-744414e755f1","de","This impressive resort is located on Grace Bay Beach, on Providenciales, part of the Turks and Caicos Islands. It offers an extensive spa, 3 outdoor pools and a private beach area.

The stylish, air-conditioned suites at Grace Bay Club feature free Wi-Fi, a flat-screen TV, DVD player and iPod docking station. Each one has a private terrace with ocean views.

The resort features  Infiniti Restaurant & Raw Bar, where guests enjoy fine dining on dishes with fresh, local ingredients, while The Grill and Krave Restaurants offer international dishes in an informal environment. There is also a pool bar and an infinity bar which stretches right to the ocean.

The Anani Spa offers a range of fitness and massage treatments. There is also a fitness centre and tennis courts. For children there is the Kids’ Town, which offers entertainment, arts and crafts.

There is a golf course just 2 minutes’ drive from Grace Bay Club, and the nearby beaches are great for scuba diving and other water sports. Providenciales Airport is 12 minutes’ drive away.","2026-03-20 23:24:58.664191+00","2026-03-20 23:24:58.664194+00"
"bd47513a-c98b-46fb-bcf1-62a512d5e554","c8e93e77-5096-4833-ba68-11ae595c0e5a","a1da6af5-6d39-481c-98ab-b162305f9118","de","Die Unterkunft The Island Garden Hotel, die in Nassau, in der Region New Providence gelegen ist, befindet sich 13 km von Wasserpark Aquaventure im Atlantis entfernt. Dieses Hotel mit 2 Sternen besticht durch einen Außenpool und klimatisierte Zimmer mit kostenlosem WLAN, jedes mit einem eigenen Badezimmer. Die Nichtraucher Unterkunft ist 300 m von Strand Cable Beach entfernt gelegen.

In der Unterkunft The Island Garden Hotel ist jedes Zimmer versehen mit einem Kleiderschrank. In der Unterkunft The Island Garden Hotel ist jedes Zimmer versehen mit einem Schreibtisch sowie einem Flachbild-TV und einige Zimmer haben einen Balkon. Alle Zimmer bieten den Gästen einen Kühlschrank.

Der nächstgelegene Flughafen ist der Flughafen Nassau Lynden Pindling, 6 km von der Unterkunft The Island Garden Hotel entfernt.","2026-03-20 23:26:17.182956+00","2026-03-20 23:26:17.18296+00"
"31ea3042-912c-47a4-9c7c-c7166339f216","63ce8fdd-a82d-44de-8362-79482ad5573a","0fa5c633-632b-4609-94e6-4240aed48871","de","Die Unterkunft Mandarin Oriental, Canouan hat kostenlose Fahrräder, einen Außenpool, ein Fitnesscenter und einen Garten in Canouan. Die Unterkunft bietet einen eigenen Strandbereich und eine Reihe von Wassersportmöglichkeiten sowie eine Terrasse und ein Restaurant. Die Unterkunft bietet eine rund um die Uhr besetzte Rezeption, Flughafentransfers, einen Kinderclub und kostenloses WLAN in der ganzen Unterkunft.

Die Unterkunft Mandarin Oriental, Canouan bietet einige Wohneinheiten mit Meerblick und alle Zimmer sind ausgestattet mit einem Balkon.

Die Unterkunft Mandarin Oriental, Canouan bietet ein kontinentales oder amerikanisches Frühstück.

In der Unterkunft Mandarin Oriental, Canouan können Gäste einen Whirlpool nutzen. An der Unterkunft Mandarin Oriental, Canouan können Sie Billard, Tischtennis und Tennis spielen. Die Gegend ist beliebt zum Wandern und Windsurfen.","2026-03-20 23:02:51.029986+00","2026-03-20 23:02:51.029988+00"
"78051246-8b3a-4ab8-9a34-28b9abdfcb7b","cff8aaf7-e8a8-47e4-918b-9636442282ae","7e509834-ef44-484e-8286-616d61ae6bf6","de","Die Unterkunft South Bank hat kostenlose Fahrräder, ein Fitnesscenter und eine Sonnenterrasse mit Pool und à la carte Frühstück in Long Bay Hills. Dieses Resort mit 5 Sternen besticht durch einen Garten und klimatisierte Zimmer mit kostenlosem WLAN. Ein kostenloser Privatparkplatz steht zur Verfügung und dieses Resort bietet außerdem eine Autovermietung für Gäste, die die Umgebung erkunden möchten.

Alle Zimmer in der Unterkunft South Bank sind eingerichtet mit einem Sitzbereich, einem Flachbild-TV und einem Safe. Die Unterkunft South Bank bietet einige Zimmer mit Meerblick und alle Zimmer sind ausgestattet mit einem Balkon. Die Gästezimmer haben Bettwäsche.

In der Unterkunft South Bank finden Sie ein Restaurant, das mediterrane Küche serviert. Auf Anfrage gibt es auch vegetarische, vegane und glutenfreie Optionen.

An der Unterkunft South Bank können Sie Tennis spielen.

Die Mitarbeitenden an der Rezeption, die Englisch, Spanisch und Französisch sprechen, stehen Gästen jederzeit zur Verfügung.

Strand Long Bay Beach liegt 50 m von der Unterkunft South Bank entfernt. Der nächstgelegene Flughafen ist der Internationaler Flughafen Providenciales, 14 km von der Unterkunft South Bank entfernt.","2026-03-20 23:04:09.279089+00","2026-03-20 23:04:09.279092+00"
"cd9a5cb8-f35b-4207-8883-cd85e83a3771","6eaa0dc9-9bf5-4294-ad3f-537525c633dd","0fa5c633-632b-4609-94e6-4240aed48871","fr","Situé à Canouan, l’établissement Mandarin Oriental, Canouan possède un service de prêt de vélos, une piscine extérieure, une salle de sport et un jardin. Il comprend une plage privée, des installations de sports nautiques, une terrasse et un restaurant. L’établissement propose une réception ouverte 24h/24, des transferts aéroport, un club pour enfants et une connexion Wi-Fi gratuite dans l’ensemble de ses locaux.

Certains hébergements offrent une vue sur la mer. Tous disposent d’un balcon.

L’établissement Mandarin Oriental, Canouan sert un petit-déjeuner continental ou américain.

L’établissement Mandarin Oriental, Canouan dispose d’un bain à remous. Vous pourrez jouer au billard, au ping-pong et au tennis sur place. La région est prisée des amateurs de randonnée et de planche à voile.","2026-03-20 23:05:27.445005+00","2026-03-20 23:05:27.445008+00"
"9022b34c-eb36-493d-b32d-16d8e4cc943d","fbdc09da-3d08-44d3-9a34-86a3c52c3409","2741d8d5-15c8-42f2-91ca-744414e755f1","es","Este impresionante resort está situado en la playa de Grace Bay, en Providenciales, una parte de las Islas Turcas y Caicos. Ofrece un amplio spa, 3 piscinas al aire libre y una zona de playa privada.

Las elegantes suites del Grace Bay Club cuentan con aire acondicionado, conexión wifi gratuita, TV de pantalla plana, reproductor de DVD y conexión para iPod. Cada una dispone de terraza privada con vistas al mar.

El resort disfruta del Infiniti Restaurant & Raw Bar, donde probar su excelente gastronomía con ingredientes locales frescos, y de los restaurantes The Grill y Krave, que ofrecen platos internacionales en un ambiente informal. También hay un bar en la piscina y un bar infinito que se extiende hacia el océano.

El spa Anani ofrece una variedad de tratamientos fitness y masajes. También hay un gimnasio y pistas de tenis. Los niños cuentan con el Kids' Town, que ofrece entretenimiento, arte y manualidades.

A solo 2 minutos en coche del Grace Bay Club hay un campo de golf y las playas cercanas son ideales para bucear y practicar deportes acuáticos. El aeropuerto de Providenciales se encuentra a 12 minutos en coche.","2026-03-20 23:16:27.277645+00","2026-03-20 23:16:27.277648+00"
"dacf1363-e78a-4041-aff8-dd477cfc9a30","742f629d-a0d9-44e9-9ec2-840919a883e6","a1da6af5-6d39-481c-98ab-b162305f9118","es","The Island Garden Hotel se encuentra en Nassau, en la región de Nueva Providencia, a 13 km de Parque acuático Atlantis Aquaventure. Este hotel de 2 estrellas ofrece piscina al aire libre y tiene habitaciones con aire acondicionado, wifi gratis y baño privado. Este alojamiento libre de humo está a 4 min a pie de Cable Beach.

En el hotel, cada habitación dispone de armario. En The Island Garden Hotel, las habitaciones tienen escritorio y TV de pantalla plana, y algunas también ofrecen balcón. Todas las habitaciones cuentan con nevera.

El aeropuerto (Aeropuerto Internacional Lynden Pindling) está a 6 km.","2026-03-20 23:17:57.469954+00","2026-03-20 23:17:57.469956+00"
"68cf4f68-1773-4949-a951-8a4add60f2c6","66e5f2d5-3972-495d-94cc-902aae087365","2741d8d5-15c8-42f2-91ca-744414e755f1","en","This impressive resort is located on Grace Bay Beach, on Providenciales, part of the Turks and Caicos Islands. It offers an extensive spa, 3 outdoor pools and a private beach area.

The stylish, air-conditioned suites at Grace Bay Club feature free Wi-Fi, a flat-screen TV, DVD player and iPod docking station. Each one has a private terrace with ocean views.

The resort features  Infiniti Restaurant & Raw Bar, where guests enjoy fine dining on dishes with fresh, local ingredients, while The Grill and Krave Restaurants offer international dishes in an informal environment. There is also a pool bar and an infinity bar which stretches right to the ocean.

The Anani Spa offers a range of fitness and massage treatments. There is also a fitness centre and tennis courts. For children there is the Kids’ Town, which offers entertainment, arts and crafts.

There is a golf course just 2 minutes’ drive from Grace Bay Club, and the nearby beaches are great for scuba diving and other water sports. Providenciales Airport is 12 minutes’ drive away.","2026-03-20 23:20:52.746732+00","2026-03-20 23:20:52.746736+00"
"f6fdef62-2995-410e-8ece-8ae5f010bb40","6b2e273a-26c4-4259-a380-41a1c0cfb77a","a1da6af5-6d39-481c-98ab-b162305f9118","fr","L’établissement The Island Garden Hotel se trouve à Nassau, dans la région New Providence. Il vous accueille à 13 km de ce lieu d’intérêt : Aquaventure Waterpark de l'Atlantis The Palm. Cet hôtel 2 étoiles propose une piscine extérieure ainsi que des hébergements dotés de la climatisation, d’une connexion Wi-Fi gratuite et d’une salle de bains privative. Cet établissement non-fumeurs vous accueille à 300 mètres de : Cable Beach.

Les hébergements possèdent une armoire. Vous bénéficierez d’un bureau et d’une télévision à écran plat. Certains hébergements possèdent également un balcon. Vous profiterez aussi d’un réfrigérateur.

L'aéroport le plus proche (Aéroport international Lynden Pindling) est à 6 km.","2026-03-20 23:29:07.095592+00","2026-03-20 23:29:07.095596+00"
"6a514480-72a0-4b88-8095-f3c7b9ca971a","0dcc4c17-13e1-446f-9e42-95a909a5883d","7e509834-ef44-484e-8286-616d61ae6bf6","fr","Situé à Long Bay Hills, l’établissement South Bank possède un service de prêt de vélos, une salle de sport, une terrasse bien exposée et une piscine. Il sert un petit-déjeuner à la carte. Ce complexe hôtelier 5 étoiles propose un jardin ainsi que des hébergements dotés de la climatisation et d’une connexion Wi-Fi gratuite. Un parking privé gratuit est disponible sur place. Ce complexe hôtelier propose également une location de voitures si vous souhaitez explorer les environs.

Tous les hébergements sont dotés d’un coin salon, d’une télévision à écran plat et d’un coffre-fort. Certains hébergements offrent une vue sur la mer. Tous disposent d’un balcon. Vous profiterez aussi de linge de lit.

Sur place, vous pourrez profiter d’un restaurant qui propose des plats méditerranéens, ainsi que des options végétariennes, végétaliennes et sans gluten.

Vous pourrez jouer au tennis sur place.

Parlant anglais, espagnol et français, le personnel de la réception se fera un plaisir de vous aider à tout moment.

Vous séjournerez à quelques pas de ce lieu d’intérêt : Long Bay Beach. L'aéroport le plus proche (Aéroport international de Providenciales) est à 14 km.","2026-03-20 23:07:01.505259+00","2026-03-20 23:07:01.505262+00"
"d62df532-afeb-42e8-b9ff-3f4aeaecd177","48fa9c12-347f-4592-a52a-58aa05a07326","7e509834-ef44-484e-8286-616d61ae6bf6","pt","South Bank tem bicicletas gratuitas, um centro de fitness e um terraço para banhos de sol com piscina e pequeno-almoço à carta em Long Bay Hills. Este resort de 5 estrelas dispõe de um jardim, quartos com ar condicionado e acesso Wi-Fi gratuito. Há estacionamento privado gratuito e este resort também apresenta aluguer de carros para explorar a área circundante.

Todos os quartos do alojamento dispõem de área de estar, televisão de ecrã plano e cofre. O alojamento fornece alguns quartos com vistas do mar, e cada quarto inclui varanda. As acomodações têm roupa de cama.

Em South Bank vai encontrar um restaurante que serve gastronomia mediterrânica. Além disso, há também a possibilidade de solicitar opções vegetariano, vegan e sem glúten.

Pode jogar ténis em South Bank.

Os funcionários da receção falam inglês, espanhol e francês, e estão sempre disponíveis para ajudar.

Long Bay Beach fica a alguns passos de South Bank. O Aeroporto Internacional de Providenciales fica a 14 km da propriedade.","2026-03-20 23:15:09.984924+00","2026-03-20 23:15:09.984926+00"
"8c5afc80-2d8b-4522-8f09-3fea4e9e863e","8df16feb-4308-40d9-8e2c-d1ce84a899a7","a1da6af5-6d39-481c-98ab-b162305f9118","en","Comfortable Accommodations:The Island Garden Hotel in Nassau offers family rooms with air-conditioning, private bathrooms, and modern amenities including refrigerators, work desks, microwaves, showers, TVs, and wardrobes.Leisure Facilities:Guests can enjoy a year-round outdoor swimming pool and free WiFi throughout the property. Balconies and patios provide garden views, enhancing the relaxing atmosphere.Convenient Location:Located 4 minutes from Cable Beach and 6 km from Lynden Pindling International Airport, the hotel is also 13 km from Atlantis Aquaventure Water Park.","2026-03-20 23:23:40.582655+00","2026-03-20 23:23:40.582658+00"
"fe235cff-ddbb-40a5-80e4-8cd37a3b09bf","162419c6-072a-425e-b0f2-8f46d921975c","2741d8d5-15c8-42f2-91ca-744414e755f1","fr","This impressive resort is located on Grace Bay Beach, on Providenciales, part of the Turks and Caicos Islands. It offers an extensive spa, 3 outdoor pools and a private beach area.

The stylish, air-conditioned suites at Grace Bay Club feature free Wi-Fi, a flat-screen TV, DVD player and iPod docking station. Each one has a private terrace with ocean views.

The resort features  Infiniti Restaurant & Raw Bar, where guests enjoy fine dining on dishes with fresh, local ingredients, while The Grill and Krave Restaurants offer international dishes in an informal environment. There is also a pool bar and an infinity bar which stretches right to the ocean.

The Anani Spa offers a range of fitness and massage treatments. There is also a fitness centre and tennis courts. For children there is the Kids’ Town, which offers entertainment, arts and crafts.

There is a golf course just 2 minutes’ drive from Grace Bay Club, and the nearby beaches are great for scuba diving and other water sports. Providenciales Airport is 12 minutes’ drive away.","2026-03-20 23:27:34.985444+00","2026-03-20 23:27:34.985447+00"
"5aee65f1-62ad-4e70-92ae-aeaa116771c6","dcc38fe7-5d6d-4d7c-8f70-7ee609169902","2741d8d5-15c8-42f2-91ca-744414e755f1","it","This impressive resort is located on Grace Bay Beach, on Providenciales, part of the Turks and Caicos Islands. It offers an extensive spa, 3 outdoor pools and a private beach area.

The stylish, air-conditioned suites at Grace Bay Club feature free Wi-Fi, a flat-screen TV, DVD player and iPod docking station. Each one has a private terrace with ocean views.

The resort features  Infiniti Restaurant & Raw Bar, where guests enjoy fine dining on dishes with fresh, local ingredients, while The Grill and Krave Restaurants offer international dishes in an informal environment. There is also a pool bar and an infinity bar which stretches right to the ocean.

The Anani Spa offers a range of fitness and massage treatments. There is also a fitness centre and tennis courts. For children there is the Kids’ Town, which offers entertainment, arts and crafts.

There is a golf course just 2 minutes’ drive from Grace Bay Club, and the nearby beaches are great for scuba diving and other water sports. Providenciales Airport is 12 minutes’ drive away.","2026-03-20 23:30:26.497895+00","2026-03-20 23:30:26.497899+00"
"56e2279a-9d77-4a7b-b750-055d3e52b89a","5876c867-fc58-4e96-94ff-151fa2f2d22b","a1da6af5-6d39-481c-98ab-b162305f9118","it","Situato a Nassau (New Providence), The Island Garden Hotel è posizionato a 13 km da Parco acquatico Aquaventure presso l'Atlantis Paradise Island. Con una piscina all'aperto, l'hotel a 2 stelle presenta camere climatizzate con WiFi gratuito e bagno privato. L'alloggio è interamente non fumatori ed è ubicato a 300 metri da Cable Beach.

Presso questo hotel, tutte le camere sono dotate di un armadio. Presso The Island Garden Hotel, alcune camere presentano un balcone mentre ogni camera dispone di scrivania e TV a schermo piatto. Tutte le camere presentano un frigorifero.

Aeroporto Internazionale Lynden Pindling si trova a 6 km dalla struttura.","2026-03-20 23:31:44.785115+00","2026-03-20 23:31:44.785119+00"
"7a217621-3c7a-4afc-a5bc-d82b8e6d7a77","3e161e05-3ff3-4fb6-ab7b-0ffc2c4fbcd1","2741d8d5-15c8-42f2-91ca-744414e755f1","nl","This impressive resort is located on Grace Bay Beach, on Providenciales, part of the Turks and Caicos Islands. It offers an extensive spa, 3 outdoor pools and a private beach area.

The stylish, air-conditioned suites at Grace Bay Club feature free Wi-Fi, a flat-screen TV, DVD player and iPod docking station. Each one has a private terrace with ocean views.

The resort features  Infiniti Restaurant & Raw Bar, where guests enjoy fine dining on dishes with fresh, local ingredients, while The Grill and Krave Restaurants offer international dishes in an informal environment. There is also a pool bar and an infinity bar which stretches right to the ocean.

The Anani Spa offers a range of fitness and massage treatments. There is also a fitness centre and tennis courts. For children there is the Kids’ Town, which offers entertainment, arts and crafts.

There is a golf course just 2 minutes’ drive from Grace Bay Club, and the nearby beaches are great for scuba diving and other water sports. Providenciales Airport is 12 minutes’ drive away.","2026-03-20 23:33:05.046602+00","2026-03-20 23:33:05.046605+00"
"218878f3-e92a-4d3e-a685-179de32a5ff6","41a394d8-6680-4766-b45e-b661a874d9e1","a1da6af5-6d39-481c-98ab-b162305f9118","nl","The Island Garden Hotel ligt in Nassau, in de regio New Providence, op 13 km van waterpark Atlantis Aquaventure. Het hotel met 2 sterren biedt een buitenzwembad en heeft kamers met airconditioning, gratis WiFi, een eigen badkamer. De accommodatie is rookvrij en bevindt zich op 4 minuten lopen van Cable Beach.

Alle kamers bij het hotel hebben een kledingkast. Iedere kamer heeft een bureau en een flatscreen-tv, en een aantal kamers bij The Island Garden Hotel hebben een balkon. Alle kamers zijn voorzien van een koelkast.

Vliegveld Internationale luchthaven Lynden Pindling ligt op 6 km van de accommodatie.","2026-03-20 23:34:39.70425+00","2026-03-20 23:34:39.704252+00"
"885eeb0c-56c6-4f44-b7e0-ce99b0221c4b","623d4fcc-f36d-4b67-b179-b14a6f831d2e","2741d8d5-15c8-42f2-91ca-744414e755f1","pt","This impressive resort is located on Grace Bay Beach, on Providenciales, part of the Turks and Caicos Islands. It offers an extensive spa, 3 outdoor pools and a private beach area.

The stylish, air-conditioned suites at Grace Bay Club feature free Wi-Fi, a flat-screen TV, DVD player and iPod docking station. Each one has a private terrace with ocean views.

The resort features  Infiniti Restaurant & Raw Bar, where guests enjoy fine dining on dishes with fresh, local ingredients, while The Grill and Krave Restaurants offer international dishes in an informal environment. There is also a pool bar and an infinity bar which stretches right to the ocean.

The Anani Spa offers a range of fitness and massage treatments. There is also a fitness centre and tennis courts. For children there is the Kids’ Town, which offers entertainment, arts and crafts.

There is a golf course just 2 minutes’ drive from Grace Bay Club, and the nearby beaches are great for scuba diving and other water sports. Providenciales Airport is 12 minutes’ drive away.","2026-03-20 23:35:57.207152+00","2026-03-20 23:35:57.207156+00"
"f653f5ec-4d37-481a-9ae0-e414ae609b5e","cde88914-02f6-4849-aa22-79d38a8a9af6","a1da6af5-6d39-481c-98ab-b162305f9118","pt","Em Nassau, na área de New Providence, The Island Garden Hotel localiza-se a 13 km de Parque Aquático Atlantis Aquaventure. Este hotel de 2 estrelas dispõe de uma piscina exterior, quartos com ar condicionado, acesso Wi-Fi gratuito e casa de banho privativa. Este alojamento não fumador encontra-se a 4 minutos a pé de Cable Beach.

No alojamento, cada quarto está equipado com roupeiro. Cada quarto tem secretária e uma televisão de ecrã plano, e alguns quartos incluem varanda. Todos os quartos providenciam um frigorífico.

O Aeroporto Internacional Lynden Pindling fica a 6 km da propriedade.","2026-03-20 23:37:13.884301+00","2026-03-20 23:37:13.884305+00"
"339b8d75-86df-4a04-aa8c-927c542351dd","fddafa40-1820-405a-a157-ea10db35266d","3be684d6-55a7-49a5-a0e8-8117cfe37bb4","es","Beachfront Location: Hôtel Le Roy in Oistins offers direct beachfront access with stunning sea views. Guests can relax on the terrace or balcony and enjoy the lush garden.

Spa Facilities: The hotel features a year-round outdoor swimming pool and spa facilities. Free WiFi is available throughout the property.

Dining Experience: A family-friendly restaurant serves British, American, and Caribbean cuisines for lunch and dinner. Vegetarian options are available, complemented by a buffet breakfast.

Convenient Services: The hotel provides a paid airport shuttle service, concierge, housekeeping, room service, car hire, and a tour desk. Free on-site private parking is available.","2026-03-20 23:38:32.217059+00","2026-03-20 23:38:32.217063+00"
"14b3f15f-9e82-4950-b88b-24f47f706cf5","f82ca224-a0d9-4dfb-9998-5ef873642c0f","71df8c3a-151d-473b-8424-f5891aa1bbf0","es","Cheval Blanc Seychelles está en Mahé, a pocos pasos de Playa de Anse Intendance, y dispone de alojamiento con piscina al aire libre, parking privado gratis, jardín y restaurante. El alojamiento ofrece bar y se encuentra a 28 km de Victoria Clock Tower. El resort tiene sauna, club infantil y wifi gratis en todo el alojamiento.

El resort ofrece habitaciones con aire acondicionado, escritorio, cafetera, nevera, microondas, caja fuerte, TV de pantalla plana, terraza y baño privado con ducha. Todas las habitaciones están equipadas con hervidor, algunas ofrecen balcón y otras también cuentan con vistas al mar. En Cheval Blanc Seychelles, cada habitación cuenta con ropa de cama y toallas.

Hay opciones buffet o a la carta de desayuno disponibles en el alojamiento.

Se puede jugar al billar y al ping-pong en Cheval Blanc Seychelles, y también hay alquiler de coches.

El personal de recepción habla árabe, checo, alemán y inglés, y estará encantado de ayudar en cualquier momento.

Seychelles National Botanical Gardens está a 28 km del alojamiento, y Michael Adams Art Studio está a 6,2 km. El aeropuerto (Aeropuerto internacional de Seychelles) está a 16 km.","2026-03-20 23:40:04.934797+00","2026-03-20 23:40:04.9348+00"
"31315b03-9479-4d32-8bc4-92f97cf1d956","83f67976-bb0d-4a7e-8e02-19b3001c4c27","3be684d6-55a7-49a5-a0e8-8117cfe37bb4","en","Beachfront Location: Hôtel Le Roy in Oistins offers direct beachfront access with stunning sea views. Guests can relax on the terrace or balcony and enjoy the lush garden.

Spa Facilities: The hotel features a year-round outdoor swimming pool and spa facilities. Free WiFi is available throughout the property.

Dining Experience: A family-friendly restaurant serves British, American, and Caribbean cuisines for lunch and dinner. Vegetarian options are available, complemented by a buffet breakfast.

Convenient Services: The hotel provides a paid airport shuttle service, concierge, housekeeping, room service, car hire, and a tour desk. Free on-site private parking is available.","2026-03-20 23:42:57.994004+00","2026-03-20 23:42:57.994006+00"
"7ab21908-bf76-42da-bffc-2ec21b819053","b0d21023-9e36-4a96-83e3-615253f99ef3","3be684d6-55a7-49a5-a0e8-8117cfe37bb4","de","Beachfront Location: Hôtel Le Roy in Oistins offers direct beachfront access with stunning sea views. Guests can relax on the terrace or balcony and enjoy the lush garden.

Spa Facilities: The hotel features a year-round outdoor swimming pool and spa facilities. Free WiFi is available throughout the property.

Dining Experience: A family-friendly restaurant serves British, American, and Caribbean cuisines for lunch and dinner. Vegetarian options are available, complemented by a buffet breakfast.

Convenient Services: The hotel provides a paid airport shuttle service, concierge, housekeeping, room service, car hire, and a tour desk. Free on-site private parking is available.","2026-03-20 23:49:13.219286+00","2026-03-20 23:49:13.219289+00"
"c028057a-72a3-4a65-9b8e-1eaa2aa56bdd","52f5b261-9cf3-4c2c-b214-78b4d106a82b","3be684d6-55a7-49a5-a0e8-8117cfe37bb4","nl","Locatie aan zee: Hôtel Le Roy in Oistins biedt directe toegang tot het strand en een prachtig uitzicht op zee. Je kunt lekker ontspannen op het terras of balkon en genieten van de weelderige tuin.

Spagedeelte: Het hotel beschikt het hele jaar door over een buitenzwembad en spafaciliteiten. In de hele accommodatie is gratis WiFi beschikbaar.

Dineren: Het gezinsvriendelijke restaurant serveert Britse, Amerikaanse en Caribische gerechten voor lunch en diner. Er zijn vegetarische opties beschikbaar, aangevuld met een ontbijtbuffet.

Handige services: Het hotel biedt een betaalde luchthavenshuttleservice, schoonmaakservice, roomservice, autoverhuur en een excursiebalie. Er is ook een conciërge aanwezig. Bij de accommodatie kun je gratis privéparkeren.","2026-03-21 00:07:52.494048+00","2026-03-21 00:07:52.494051+00"
"1e5e507b-7282-42dc-ba5a-5580043ab702","65ca5d59-6505-464b-b3e8-7e3743addc00","3be684d6-55a7-49a5-a0e8-8117cfe37bb4","pt","Beachfront Location: Hôtel Le Roy in Oistins offers direct beachfront access with stunning sea views. Guests can relax on the terrace or balcony and enjoy the lush garden.

Spa Facilities: The hotel features a year-round outdoor swimming pool and spa facilities. Free WiFi is available throughout the property.

Dining Experience: A family-friendly restaurant serves British, American, and Caribbean cuisines for lunch and dinner. Vegetarian options are available, complemented by a buffet breakfast.

Convenient Services: The hotel provides a paid airport shuttle service, concierge, housekeeping, room service, car hire, and a tour desk. Free on-site private parking is available.","2026-03-21 00:14:14.961731+00","2026-03-21 00:14:14.961733+00"
"20f37dba-d838-4d1c-9d16-eadd390f389d","dab8de31-bc45-43ab-b949-621f3ccffeeb","76fcd801-16e2-495e-8db9-36d8493ce456","es","Gardens Hill Resort & Spa está en Beau Vallon, a 5 min a pie de Playa de Beau Vallon, y dispone de alojamiento con piscina al aire libre, parking privado gratis, centro de fitness y terraza. El alojamiento tiene restaurante, además de bar. El alojamiento ofrece recepción 24 horas, traslado para ir o volver del aeropuerto, servicio de conserjería y wifi gratis en todo el alojamiento.

El resort ofrece habitaciones con aire acondicionado, escritorio, cafetera, nevera, minibar, caja fuerte, TV de pantalla plana y baño privado con bidet. Cada habitación cuenta con hervidor, algunas ofrecen balcón y otras también incluyen vistas al mar. En Gardens Hill Resort & Spa, las habitaciones tienen ropa de cama y toallas.

El desayuno está disponible e incluye opciones buffet, continentales o vegetarianas.

Victoria Clock Tower está a 5 km del alojamiento, y Seychelles National Botanical Gardens está a 6,6 km. El aeropuerto (Aeropuerto internacional de Seychelles) está a 14 km.","2026-03-21 00:20:29.693852+00","2026-03-21 00:20:29.693854+00"
"f0ae9ed6-5cdf-486c-94ee-47171266f04b","107ab265-8a1b-41c7-b6a2-983281a7e0ae","3be684d6-55a7-49a5-a0e8-8117cfe37bb4","fr","Beachfront Location: Hôtel Le Roy in Oistins offers direct beachfront access with stunning sea views. Guests can relax on the terrace or balcony and enjoy the lush garden.

Spa Facilities: The hotel features a year-round outdoor swimming pool and spa facilities. Free WiFi is available throughout the property.

Dining Experience: A family-friendly restaurant serves British, American, and Caribbean cuisines for lunch and dinner. Vegetarian options are available, complemented by a buffet breakfast.

Convenient Services: The hotel provides a paid airport shuttle service, concierge, housekeeping, room service, car hire, and a tour desk. Free on-site private parking is available.","2026-03-20 23:55:20.423102+00","2026-03-20 23:55:20.423105+00"
"bc483adc-e60b-4305-84a3-6226cb5467f8","0dd736d7-d2f7-4869-8123-cab43d877dee","3be684d6-55a7-49a5-a0e8-8117cfe37bb4","it","Posizione fronte oceano: l’Hôtel Le Roy di Oistins offre accesso diretto alla spiaggia con splendide viste sul mare. Gli ospiti possono rilassarsi sulla terrazza o sul balcone e nel rigoglioso giardino.

Zona spa: l’hotel dispone di una piscina scoperta, aperta tutto l’anno, e di una zona spa. Il WiFi è gratuito in tutte le aree.

Servizio di ristorazione: Un ristorante adatto alle famiglie serve piatti della cucina britannica, americana e caraibica a pranzo e a cena. Sono disponibili opzioni vegetariane, completate da una colazione a buffet.

Servizi per il massimo comfort: l’hotel offre un servizio navetta aeroportuale a pagamento, concierge, servizio di pulizia, servizio in camera, autonoleggio e un banco escursioni. In loco troverete anche un parcheggio privato gratuito.","2026-03-21 00:01:36.142728+00","2026-03-21 00:01:36.142732+00"
"3877d259-a3a6-4e8e-8b8b-a79aae2ce09c","5303434a-7549-42b9-b16f-cfae8261d40c","76fcd801-16e2-495e-8db9-36d8493ce456","en","Comfortable Accommodations:Gardens Hill Resort & Spa in Beau Vallon offers family rooms with sea, garden, or mountain views. Each room includes air-conditioning, a private bathroom, and modern amenities.Exceptional Facilities:Guests enjoy spa facilities, a fitness centre, terrace, restaurant, bar, and a year-round outdoor swimming pool. Free WiFi is available throughout the resort.Dining Experience:The restaurant serves continental, buffet, vegetarian, and vegan breakfasts. Lunch and dinner menus cater to special diets.Prime Location:Beau Vallon Beach is a 5-minute walk away. Seychelles International Airport is 14 km from the resort. Nearby attractions include Victoria Clock Tower (5 km) and Seychelles National Botanical Gardens (7 km). Hiking trails surround the area.","2026-03-21 00:28:23.516021+00","2026-03-21 00:28:23.516024+00"
"3f280a4c-036f-4662-b44e-f0a4b109e5a7","34d87de5-f30c-45ba-bc4e-7f8b411dd422","76fcd801-16e2-495e-8db9-36d8493ce456","de","Die Unterkunft Gardens Hill Resort & Spa, die in Beau Vallon, 500 m von Strand Beau Vallon entfernt gelegen ist, verfügt über Übernachtungsmöglichkeiten mit einem Außenpool, einem kostenlosen Privatparkplatz, einem Fitnesscenter und einer Terrasse. 5 km von Victoria Clock Tower und 6,6 km von Seychelles National Botanical Gardens, bietet die Unterkunft ein Restaurant und eine Bar. Die Unterkunft bietet eine rund um die Uhr besetzte Rezeption, Flughafentransfers, einen Conciergeservice und kostenloses WLAN in der ganzen Unterkunft.

Die Unterkunft Gardens Hill Resort & Spa stellt Gästen klimatisierte Zimmer mit einem Schreibtisch, einer Kaffeemaschine, einem Kühlschrank, einer Minibar, einem Safe, einem Flachbild-TV und einem eigenen Badezimmer mit einem Bidet zur Verfügung. Hier sind die Zimmer ausgestattet mit einem Wasserkocher – einige Zimmer sind ausgerüstet mit einem Balkon und andere bestechen außerdem durch Meerblick. In der Unterkunft Gardens Hill Resort & Spa ist jedes Zimmer versehen mit Bettwäsche und Handtüchern.

Ein als Buffet angebotenes, ein kontinentales oder ein vegetarisches Frühstück wird in der Unterkunft angeboten.

Seychelles National Museum liegt 4,9 km von der Unterkunft Gardens Hill Resort & Spa entfernt, während Morne Seychellois 11 km von der Unterkunft entfernt ist. Der nächstgelegene Flughafen ist der Flughafen Seychellen, 14 km von der Unterkunft Gardens Hill Resort & Spa entfernt.","2026-03-21 00:34:37.297944+00","2026-03-21 00:34:37.297947+00"
"9e758085-37de-4bc6-b333-0b1ff15c4f1e","12432847-897e-4832-b346-dd1a815f4d73","76fcd801-16e2-495e-8db9-36d8493ce456","fr","L’établissement Gardens Hill Resort & Spa vous accueille à Beau Vallon, à 500 mètres de ce lieu d’intérêt : Plage de Beau Vallon. Il comprend une piscine extérieure, une salle de sport, une terrasse et un parking privé gratuit. Il possède un restaurant et un bar, à respectivement 5 km et 6,6 km de : Victoria Clock Tower et Seychelles National Botanical Gardens. L’établissement propose une réception ouverte 24h/24, des transferts aéroport, un service de concierge et une connexion Wi-Fi gratuite dans l’ensemble de ses locaux.

Les hébergements sont dotés de la climatisation, d’un bureau, d’une machine à café, d’un réfrigérateur, d’un minibar, d’un coffre-fort, d’une télévision à écran plat et d’une salle de bains privative avec un bidet. Vous bénéficierez d'une bouilloire. Certains hébergements possèdent également un balcon et d'autres offrent une vue sur la mer. Des serviettes et du linge de lit sont fournis.

Un petit-déjeuner buffet, continental ou végétarien est servi sur place.

Vous séjournerez à respectivement 4,9 km et 11 km de ces lieux d’intérêt : Seychelles National Museum et Morne Seychellois. L'aéroport le plus proche (Aéroport international des Seychelles) est à 14 km.","2026-03-21 00:40:51.384385+00","2026-03-21 00:40:51.384389+00"
"0da1342d-326c-4061-abbd-dda73d3e9310","537c0c75-391a-4b1a-ba8e-73bd9a679121","76fcd801-16e2-495e-8db9-36d8493ce456","it","Ubicato a Beau Vallon, a 500 metri da Beau Vallon Beach, Gardens Hill Resort & Spa propone una piscina all'aperto, un parcheggio privato gratuito, un centro fitness e una terrazza. A 5 km da Victoria Clock Tower e 6,6 km da Seychelles National Botanical Gardens, la struttura mette a disposizione un ristorante e un bar. L'alloggio prevede una reception 24 ore su 24, transfer aeroportuali, un servizio concierge e il WiFi gratuito in tutta la struttura.

Questo resort offre agli ospiti camere climatizzate con una scrivania, una macchina da caffè, un frigorifero, un minibar e una cassaforte. Non manca poi la TV a schermo piatto e un bagno privato con bidet. Le camere comprendono un bollitore elettrico, mentre alcune camere hanno un balcone e altre vantano anche la vista sul mare. Presso Gardens Hill Resort & Spa, ogni camera dispone di lenzuola e asciugamani.

A colazione troverete opzioni a buffet, continentali o vegetariane.

Seychelles National Museum è a 4,9 km da questa struttura, mentre Morne Seychellois si trova a 11 km dalla struttura. Aeroporto Internazionale delle Seychelles si trova a 14 km di distanza.","2026-03-21 00:46:55.076469+00","2026-03-21 00:46:55.076473+00"
"71e8b114-25e3-4c5d-aee7-b711cca56f30","59bf5066-fd49-473e-80ab-2a8c0a82f1f2","76fcd801-16e2-495e-8db9-36d8493ce456","nl","Gardens Hill Resort & Spa bevindt zich in Beau Vallon, op 5 minuten lopen van Strand van Beau Vallon, en biedt accommodatie met een buitenzwembad, gratis privéparkeren, een fitnesscentrum en een terras. De accommodatie bevindt zich op 5 km van Victoria Clock Tower en 6,6 km van Seychelles National Botanical Gardens, en heeft een restaurant en een bar. De accommodatie biedt een 24-uursreceptie, luchthaventransfers, een conciërgedienst en gratis WiFi in de hele accommodatie.

Het resort biedt kamers met airconditioning, een bureau, een koffiezetapparaat, een koelkast, een minibar, een kluisje, een flatscreen-tv en een eigen badkamer met een bidet. Iedere kamer heeft een waterkoker, sommige kamers hebben een balkon en andere hebben ook uitzicht op de zee. Alle kamers bij Gardens Hill Resort & Spa hebben beddengoed en handdoeken.

Er is een ontbijt beschikbaar. De opties zijn een als buffet aangeboden ontbijt, continentaal ontbijt en vegetarisch ontbijt.

Seychelles National Museum ligt op 4,9 km van de accommodatie, en Morne Seychellois ligt 11 km verderop. Vliegveld Internationale luchthaven Seychellen ligt op 14 km van de accommodatie.","2026-03-21 00:53:18.795154+00","2026-03-21 00:53:18.795158+00"
"acafccef-5daa-4ba9-8aa0-fcb949850131","40dbbb85-c064-472e-a153-e1818ec0e841","9af0e380-78e5-4aea-8580-94361d2f781f","de","Featuring 2 swimming pools, a fitness centre and spa facilities, Golden Beach Resort & Spa offers air conditioned rooms. Only 50 metres from El Emir beach. The yacht harbour is 700 metres away.

Rooms at Resort & Spa Golden Beach have tiled floors and large wooden wardrobes. They feature cable TV and air conditioning. Parking is available for a supplement.

A buffet breakfast is served daily.

Spa facilities include a hot tub, and a massage room. In summer, guests can unwind on the sun lounger by the pool, and they can make use of the heated pool all year long. Billiards and table tennis are available, and there is a children playground.

The 24-hour front desk can secure shuttles to the airport, which is 20 km away. Golden Beach Resort & Spa is 50 metres from Gorlero Avenue and 100 metres from the designer shops on Calle 20.","2026-03-21 01:09:18.348919+00","2026-03-21 01:09:18.348922+00"
"dd33e6da-f35c-41a1-9030-3a7cb485d7b7","c9515475-dcf1-49b0-b983-92955b0b1b2e","76fcd801-16e2-495e-8db9-36d8493ce456","pt","Gardens Hill Resort & Spa encontra-se em Beau Vallon, a 5 minutos a pé de Praia de Beau Vallon, e apresenta acomodações com uma piscina exterior, estacionamento privado gratuito, um centro de fitness e um terraço. A 5 km de Victoria Clock Tower e 6,6 km de Seychelles National Botanical Gardens, o alojamento providencia dispõe de um restaurante e um bar. O alojamento fornece receção aberta 24 horas, transfers do aeroporto, um serviço de concierge e acesso Wi-Fi gratuito em toda a propriedade.

Este alojamento com ar condicionado providencia quartos com secretária, máquina de café, um frigorífico, um minibar, cofre, televisão de ecrã plano e uma casa de banho privativa com bidé. Cada quarto tem chaleira, enquanto alguns quartos têm varanda e outros também possuem vistas do mar. Todos os quartos providenciam roupa de cama e toalhas.

São oferecidas opções de pequeno-almoço buffet, continental e vegetariano.

Seychelles National Museum fica a 4,9 km de Gardens Hill Resort & Spa, enquanto Morne Seychellois está a 11 km da propriedade. O Aeroporto Internacional das Seychelles fica a 14 km de distância.","2026-03-21 00:59:18.550804+00","2026-03-21 00:59:18.550807+00"
"d40751ab-bb49-4117-b313-91c1b815eaf9","bb6d8bb6-ed90-4b3d-9e47-ca6200356f54","67f1ef51-6f79-477a-b9a9-34daad69259f","en","Set 500 metres from Rio de Janeiro’s famous and trendy Copacabana Beach, the 4-star Hotel Atlântico Rio offers an outdoor pool and free daily breakfast. Boasting a restaurant and privileged location, guests can also find dining and lunch options within a short walk.

Each room features contemporary décor and comes equipped with air conditioning, a 32"" flat-screen TV with cable channels and a minibar. Room service can be ordered.

Hotel facilities also include a bar, which serves exotic drinks and cocktails. Bikes can be rented on a station nearby.

Atlantico Rio is a 80 metres from Cantagalo metro station, and 3.6 km from Lagoa Stadium. Santos Dumont Airport is 11.5 km away, while Galeão International Airport is at a distance of 26 km.","2026-03-21 01:07:59.295177+00","2026-03-21 01:07:59.295181+00"
"9e3ff634-8c4b-4a4e-85a9-fb9eb7d5997d","9e52cbd4-51f1-47fb-b171-506140063bce","9af0e380-78e5-4aea-8580-94361d2f781f","it","Featuring 2 swimming pools, a fitness centre and spa facilities, Golden Beach Resort & Spa offers air conditioned rooms. Only 50 metres from El Emir beach. The yacht harbour is 700 metres away.

Rooms at Resort & Spa Golden Beach have tiled floors and large wooden wardrobes. They feature cable TV and air conditioning. Parking is available for a supplement.

A buffet breakfast is served daily.

Spa facilities include a hot tub, and a massage room. In summer, guests can unwind on the sun lounger by the pool, and they can make use of the heated pool all year long. Billiards and table tennis are available, and there is a children playground.

The 24-hour front desk can secure shuttles to the airport, which is 20 km away. Golden Beach Resort & Spa is 50 metres from Gorlero Avenue and 100 metres from the designer shops on Calle 20.","2026-03-21 01:15:00.702355+00","2026-03-21 01:15:00.702358+00"
"3c8e8911-88a2-4062-908e-1c829c523c11","1737d121-b2bc-4e8b-ae58-9a6445dcfef9","67f1ef51-6f79-477a-b9a9-34daad69259f","nl","Het 4-sterrenhotel Atlântico Rio ligt op 500 meter van het beroemde trendy strand Copacabana in Rio de Janeiro, en biedt een buitenbad en een gratis dagelijks ontbijt. Het hotel heeft een restaurant en een bevoorrechte locatie waardoor gasten ook eet- en lunchopties op een korte wandeling kunnen vinden.

Elke kamer beschikt over een eigentijdse inrichting en is uitgerust met airconditioning, een 32-inch flatscreen-tv met kabelzenders en een minibar. Er is ook roomservice beschikbaar.

Het hotel heeft ook een bar waar exotische drankjes en cocktails geserveerd worden. U kunt fietsen huren bij een nabijgelegen station.

Atlantico Rio bevindt zich op 80 meter van het metrostation Cantagalo en op 3,6 km van Lagoa Stadion. De accommodatie ligt op 11,5 km van de luchthaven Santos Dumont en op 26 km van de internationale luchthaven Galeão.","2026-03-21 01:18:54.464223+00","2026-03-21 01:18:54.464227+00"
"5686cc0a-c678-4e20-96d4-fcc443d03ab3","1fba713e-0792-47e1-aaf0-6ff86cf58d3e","67f1ef51-6f79-477a-b9a9-34daad69259f","pt","O Hotel Atlântico Rio, de 4 estrelas, está situado a 500 metros da famosa e elegante Praia de Copacabana e dispõe de uma piscina exterior e de pequeno-almoço diário gratuito. Com um restaurante e uma localização privilegiada, os hóspedes também podem encontrar opções de restauração para almoço e jantar a uma curta caminhada.

Cada quarto apresenta uma decoração contemporânea, ar condicionado, uma televisão de ecrã plano de 81 cm com canais por cabo e um mini-bar. Pode ser solicitado serviço de quartos.

As comodidades do hotel também incluem um bar que serve bebidas e cocktails exóticos. Podem ser alugadas bicicletas numa estação nas proximidades.

O Atlantico Rio fica a 80 metros da Estação de Metro Cantagalo e a 3,6 km do Estádio Lagoa. O Aeroporto Santos Dumont está a 11,5 km, enquanto o Aeroporto Internacional do Galeão fica a 26 km.","2026-03-21 01:21:48.415313+00","2026-03-21 01:21:48.415315+00"
"c74d07d9-ee71-4a52-8f3c-5a0879e40946","4317919c-55f1-4b8e-9c95-6ebb8a90f351","9af7acbb-601a-47f2-87d7-292f05898d5b","de","Ideal gelegen auf einer Klippe zwischen den Stränden von Joao Fernandes und Joao Fernandinho in Búzios erwartet Sie das 4-Sterne-Hotel Colonna Park. Freuen Sie sich auf klimatisierte Zimmer, einen Außenpool und kostenfreies WLAN.

Die Zimmer im Colonna Park Hotel bieten einen spektakulären Blick auf das Meer und einige besitzen einen Whirlpool.

Jeden Morgen wird Ihnen ein Frühstücksbuffet mit verschiedenen Obstsorten, Brot und Süßigkeiten serviert. Das Restaurant Smeraldo verwöhnt Sie mit mehreren internationalen Gerichten und hält eine umfangreiche Weinkarte für Sie bereit.

Die kleinen Gäste vergnügen sich im Spielezimmer und in den Gartenbereichen, während die Erwachsenen sich bei einer Massage erholen, das türkische Dampfbad besuchen oder in der Sauna entspannen. Ein Fahrradverleih gehört zu den weiteren Annehmlichkeiten.

Die bezaubernde, mit Kopfstein gepflasterte Straße Rua das Pedras liegt nur 30 Gehminuten entfernt und bietet eine Vielzahl von hübschen Geschäften, regionalen und internationalen Restaurants sowie ein reges Nachtleben. Parkplätze stehen an der Straße zur Verfügung.","2026-03-21 01:31:48.175963+00","2026-03-21 01:31:48.175966+00"
"d775b96e-3b67-4b19-b547-a2f44b462e28","d5e078a3-7feb-4307-8bc1-e3bf626c641e","ce6b0b91-a4d9-474e-8df8-6c9be31a78f8","de","Das Manaus Hotéis Millennium befindet sich im Millennium Center Complex, wo Sie auch Business Towers, Medical Towers und Millennium Shopping finden können. Zu den Vorzügen des Hotels zählen ein Außenpool, ein Fitnesscenter und Sauna sowie kostenloses WLAN in allen Bereichen.

Die klimatisierten Apartments im Hotel Millenium verfügen alle über einen Balkon, eine Küche und Sat-TV.

Das Restaurant ist 24 Stunden geöffnet und ein Privatparkplatz kann gegen Aufpreis arrangiert werden. Starten Sie jeden Tag mit einem kostenlosen Frühstück.

Das Hotel Millenium liegt 5 km vom Zentrum von Manaus und 10 km vom internationalen Flughafen Manaus-Eduardo Gomes entfernt.","2026-03-21 01:33:05.808134+00","2026-03-21 01:33:05.808136+00"
"e3321113-4080-43c3-ba71-0f95f50e7392","13e5ea25-f5ed-4845-b9a5-849b5ea5f405","9af0e380-78e5-4aea-8580-94361d2f781f","es","El Golden Beach Resort & Spa cuenta con 2 piscinas, centro de fitness, spa y habitaciones con aire acondicionado. La playa El Emir queda a 50 metros. El puerto deportivo está a 700 metros.

Las habitaciones del Resort & Spa Golden Beach tienen suelo de baldosa y armarios grandes de madera. Cuentan con TV con canales por cable y aire acondicionado. Se facilita aparcamiento por un suplemento.

Todos los días se sirve un desayuno buffet.

El spa está equipado con bañera de hidromasaje y sala de masajes. En verano, la zona de la piscina está equipada con tumbonas. También hay una piscina climatizada abierta todo el año. Hay mesa de billar, ping pong y parque infantil. 

La recepción 24 horas presta servicio de enlace con el aeropuerto, situado a 20 km. El Golden Beach Resort & Spa está ubicado a 50 metros de la avenida Gorlero y a 100 metros de las tiendas de diseñadores de la Calle 20.","2026-03-21 01:00:36.325508+00","2026-03-21 01:00:36.325511+00"
"264efea9-ac02-4d4e-bf7f-f56666773f8b","118a8296-801f-468b-b3c4-4690637e102f","67f1ef51-6f79-477a-b9a9-34daad69259f","es","El Hotel Atlântico Rio, de 4 estrellas, ofrece piscina al aire libre y desayuno diario gratuito a 500 metros de la emblemática playa de Copacabana de Río de Janeiro. Alberga un restaurante y goza de una ubicación privilegiada, y también hay varios sitios para comer y cenar a poca distancia a pie.

Las habitaciones cuentan con una decoración contemporánea y están equipadas con aire acondicionado, TV de pantalla plana de 32 pulgadas con canales por cable y minibar. Además, hay servicio de habitaciones.

El bar del hotel sirve cócteles y bebidas exóticas. Se pueden alquilar bicicletas en un sitio cercano.

El Atlantico Río está a 80 metros de la estación de metro de Cantagalo y a 3,6 km del estadio Lagoa. El aeropuerto Santos Dumont se halla a 11,5 km y el aeropuerto internacional Galeao, a 26 km.","2026-03-21 01:02:12.958519+00","2026-03-21 01:02:12.958524+00"
"907b9bb8-90e2-4c2c-bbaf-25729572399f","8ceed9c4-5f7c-4e9a-b4b6-71eb0a78e302","9af0e380-78e5-4aea-8580-94361d2f781f","en","Featuring 2 swimming pools, a fitness centre and spa facilities, Golden Beach Resort & Spa offers air conditioned rooms. Only 50 metres from El Emir beach. The yacht harbour is 700 metres away.

Rooms at Resort & Spa Golden Beach have tiled floors and large wooden wardrobes. They feature cable TV and air conditioning. Parking is available for a supplement.

A buffet breakfast is served daily.

Spa facilities include a hot tub, and a massage room. In summer, guests can unwind on the sun lounger by the pool, and they can make use of the heated pool all year long. Billiards and table tennis are available, and there is a children playground.

The 24-hour front desk can secure shuttles to the airport, which is 20 km away. Golden Beach Resort & Spa is 50 metres from Gorlero Avenue and 100 metres from the designer shops on Calle 20.","2026-03-21 01:05:06.895705+00","2026-03-21 01:05:06.895708+00"
"404bca30-ce42-4ba8-9342-ebc215b50300","462f7c1d-a985-4612-b6fe-f4804b63420b","67f1ef51-6f79-477a-b9a9-34daad69259f","fr","Situé à Rio de Janeiro, à 500 mètres de la célèbre plage de Copacabana, l'établissement 4 étoiles Hotel Atlântico Rio propose une piscine extérieure et un petit-déjeuner gratuit servi tous les jours. Doté d'un restaurant, il bénéficie d'un emplacement privilégié, à seulement quelques pas de plusieurs restaurants ouverts pour le déjeuner et le dîner.

Climatisées, toutes les chambres sont décorées dans un style moderne et comportent une télévision par câble à écran plat de 81 cm et un minibar. L'hôtel est doté d'un service d'étage.

Le bar sur place sert des boissons exotiques et une sélection de cocktails. Vous pourrez louer des vélos dans une gare voisine.

L'Atlantico Rio se trouve à 80 mètres de la station de métro Cantagalo et à 3,6 km du stade Lagoa. L'aéroport Santos Dumont se situe à 11,5 km, et l'aéroport international de Galeão est à 26 km.","2026-03-21 01:13:30.320902+00","2026-03-21 01:13:30.320905+00"
"e3016e39-1cf9-4349-bba2-9922c6e4368b","8dbab48b-e5e3-4099-9d72-61a668375019","9af0e380-78e5-4aea-8580-94361d2f781f","nl","Featuring 2 swimming pools, a fitness centre and spa facilities, Golden Beach Resort & Spa offers air conditioned rooms. Only 50 metres from El Emir beach. The yacht harbour is 700 metres away.

Rooms at Resort & Spa Golden Beach have tiled floors and large wooden wardrobes. They feature cable TV and air conditioning. Parking is available for a supplement.

A buffet breakfast is served daily.

Spa facilities include a hot tub, and a massage room. In summer, guests can unwind on the sun lounger by the pool, and they can make use of the heated pool all year long. Billiards and table tennis are available, and there is a children playground.

The 24-hour front desk can secure shuttles to the airport, which is 20 km away. Golden Beach Resort & Spa is 50 metres from Gorlero Avenue and 100 metres from the designer shops on Calle 20.","2026-03-21 01:17:37.087684+00","2026-03-21 01:17:37.087687+00"
"0e8d6435-705b-4cce-aa9d-7b8a33a3c714","cfbfc9ff-a86a-4296-ab32-74a31ecb3f72","9af7acbb-601a-47f2-87d7-292f05898d5b","es","El Colonna Park Hotel, de 4 estrellas, está muy bien situado en lo alto de un acantilado, entre las playas Joao Fernandes y Joao Fernandinho, en Búzios. Ofrece habitaciones con aire acondicionado, piscina al aire libre y WiFi gratuita.

Las habitaciones del Colonna Park Hotel tienen vistas espectaculares al océano. Algunas incluyen bañera de hidromasaje.

Por las mañanas se sirve un desayuno buffet con una selección de frutas, panes y dulces. El restaurante Smeraldo elabora platos internacionales y ofrece una amplia selección de vinos.

El establecimiento cuenta con sala de juegos, zonas ajardinadas, servicio de masajes, sauna y baño de vapor. También hay servicio de préstamo de bicicletas.

La encantadora calle adoquinada Rua das Pedras está a solo 30 minutos a pie y alberga una gran variedad de tiendas exclusivas, restaurantes locales e internacionales y locales de ocio nocturno. Hay aparcamiento en la calle.","2026-03-21 01:23:07.66366+00","2026-03-21 01:23:07.663663+00"
"b3b15d57-d6fd-4175-9f9c-68dd322c3799","faf5a281-fdef-4d56-a129-cfd7f1db11b3","ce6b0b91-a4d9-474e-8df8-6c9be31a78f8","es","El Manaus Hotéis Millennium está ubicado dentro del complejo Millennium Center, que incluye las torres de negocios, las torres médicas y el centro comercial Millennium Shopping. Este hotel proporciona WiFi gratuito en todas sus instalaciones y ofrece piscina al aire libre, sauna y centro de fitness.

Los apartamentos del Hotel Millenium disponen de aire acondicionado, TV vía satélite, cocina y balcón.

El restaurante abre las 24 horas. Se facilita aparcamiento privado por un suplemento. Se sirve un desayuno gratuito a diario.

El Hotel Millenium se encuentra a 5 km del centro de Manaos y a 10 km del aeropuerto internacional Eduardo Gomes.","2026-03-21 01:24:25.059033+00","2026-03-21 01:24:25.059037+00"
"db9a8b06-6e6f-4e65-aabc-6fc4aa810a1c","98015c71-b874-40b7-8422-21d53789bdc4","9af7acbb-601a-47f2-87d7-292f05898d5b","en","The 4-star Colonna Park Hotel is ideally located on a cliff top between Joao Fernandes and Joao Fernandinho beaches in Búzios. It offers air conditioned rooms with an outdoor swimming pool and free WiFi.

Rooms at Colonna Park Hotel offer spectacular ocean views and some contain a hot tub.

Every morning a buffet breakfast is served, which includes a variety of fruits, breads and sweets. Guests can also indulge in several international dishes that are complemented by an extensive wine list from the Smeraldo Restaurant.

Guests can enjoy the game-room and garden areas, while adults can relax with a massage or make full use of the Turkish steam bath or sauna. Bicycle rental is also available.

The charming cobblestone road of Rua das Pedras is just a 30-minute walk away and offers a variety of delightful shops, local and international restaurants and a lively nightlife. Street parking is available.","2026-03-21 01:27:35.025619+00","2026-03-21 01:27:35.025622+00"
"8378e33a-f99a-411b-9fda-fb17361ea979","22174aae-06f4-4ca7-a2ad-7f67909226ed","67f1ef51-6f79-477a-b9a9-34daad69259f","de","In Rio de Janeiro, 500 m vom berühmten und angesagten Strand der Copacabana entfernt begrüßt Sie das 4-Sterne-Hotel Atlântico Rio. Die Unterkunft bietet einen Außenpool und ein kostenfreies Frühstück. Ihnen steht ein Restaurant zur Verfügung und dank der hervorragenden Lage erreichen Sie gastronomische Einrichtungen schnell und bequem zu Fuß.

Jedes Zimmer ist modern eingerichtet, klimatisiert und verfügt über einen 32-Zoll-Flachbild-Kabel-TV und eine Minibar. Zimmerservice ist ebenfalls möglich.

Zu den Einrichtungen des Hotels gehört eine Bar, wo Ihnen exotische Getränke und Cocktails serviert werden. Ganz in der Nähe können Sie Fahrräder ausleihen.

Das Atlântico Rio liegt 80 m vom U-Bahnhof Cantagalo und 3,6 km vom Lagoa-Stadion entfernt. Vom Flughafen Rio de Janeiro-Santos Dumont trennen Sie 11,5 km und vom internationalen Flughafen Rio de Janeiro-Galeão 26 km.","2026-03-21 01:10:52.588756+00","2026-03-21 01:10:52.588758+00"
"ff684db9-f840-4001-bd28-4d4b2a153a1b","c80431c6-3dce-41e9-b42b-1e98dc42db45","9af0e380-78e5-4aea-8580-94361d2f781f","fr","Featuring 2 swimming pools, a fitness centre and spa facilities, Golden Beach Resort & Spa offers air conditioned rooms. Only 50 metres from El Emir beach. The yacht harbour is 700 metres away.

Rooms at Resort & Spa Golden Beach have tiled floors and large wooden wardrobes. They feature cable TV and air conditioning. Parking is available for a supplement.

A buffet breakfast is served daily.

Spa facilities include a hot tub, and a massage room. In summer, guests can unwind on the sun lounger by the pool, and they can make use of the heated pool all year long. Billiards and table tennis are available, and there is a children playground.

The 24-hour front desk can secure shuttles to the airport, which is 20 km away. Golden Beach Resort & Spa is 50 metres from Gorlero Avenue and 100 metres from the designer shops on Calle 20.","2026-03-21 01:12:12.232041+00","2026-03-21 01:12:12.232043+00"
"9f7844c0-2656-4faf-a979-c6bcf392889e","7ba218b8-68b5-4749-b41e-7fcc0d4dc7fd","67f1ef51-6f79-477a-b9a9-34daad69259f","it","Situato in una posizione privilegiata, a 500 metri dalla famosa spiaggia trendy di Copacabana e a pochi passi da vari punti ristoro, il 4 stelle Hotel Atlântico Rio offre una piscina all'aperto, una colazione giornaliera gratuita e un ristorante.

Le sistemazioni sono provviste di arredi contemporanei, aria condizionata, TV via cavo a schermo piatto da 32 pollici, minibar e servizio in camera.

In loco avrete a disposizione un bar con servizio di cocktail e drink esotici, mentre nelle vicinanze troverete un punto di noleggio biciclette.

L'Atlantico Rio dista 80 metri dalla stazione della metropolitana Cantagalo, 3,6 km dallo Stadio Lagoa, 11,5 km dall'Aeroporto Santos Dumont e 26 km dallo scalo internazionale Galeão.","2026-03-21 01:16:17.878929+00","2026-03-21 01:16:17.878931+00"
"3ec0793b-755e-41ad-ad6b-ded42d706ed0","ac112652-c915-4385-b850-8ea67cea93cc","9af0e380-78e5-4aea-8580-94361d2f781f","pt","Featuring 2 swimming pools, a fitness centre and spa facilities, Golden Beach Resort & Spa offers air conditioned rooms. Only 50 metres from El Emir beach. The yacht harbour is 700 metres away.

Rooms at Resort & Spa Golden Beach have tiled floors and large wooden wardrobes. They feature cable TV and air conditioning. Parking is available for a supplement.

A buffet breakfast is served daily.

Spa facilities include a hot tub, and a massage room. In summer, guests can unwind on the sun lounger by the pool, and they can make use of the heated pool all year long. Billiards and table tennis are available, and there is a children playground.

The 24-hour front desk can secure shuttles to the airport, which is 20 km away. Golden Beach Resort & Spa is 50 metres from Gorlero Avenue and 100 metres from the designer shops on Calle 20.","2026-03-21 01:20:29.379236+00","2026-03-21 01:20:29.379238+00"
"83b7b34d-fb38-4ee1-9c55-ee2c6595bdac","050d518f-849e-43e7-8db8-cc48cbb9e1fc","ce6b0b91-a4d9-474e-8df8-6c9be31a78f8","en","Manaus Hotéis Millennium is located within the Millennium Center Complex, along with the Business Towers, Medical Towers and Millennium Shopping. Featuring an outdoor pool, a fitness centre and sauna, this hotel has free WiFi throughout the property.

All apartments at Hotel Millenium are equipped with a balcony, air conditioning, kitchen and satellite TV.

The restaurant is open 24-hours and private parking can be arranged for an extra fee. A complimentary breakfast is served daily.

Hotel Millenium is 5 km away from the centre of Manaus and 10 km away from Eduardo Gomes International Airport.","2026-03-21 01:30:29.720309+00","2026-03-21 01:30:29.720312+00"
"272b1a11-1ee3-4f8f-8116-4b84ad51cf7f","45ffd7cd-fd30-4c56-bef1-192018cb30fe","9af7acbb-601a-47f2-87d7-292f05898d5b","fr","Le Colonna Park Hotel est un établissement 4 étoiles idéalement situé au sommet d'une falaise, entre les plages de Joao Fernandes et de Joao Fernandinho, à Búzios. Il propose des chambres climatisées, une piscine extérieure et une connexion Wi-Fi gratuite.

Les chambres du Colonna Park Hotel offrent une vue spectaculaire sur l'océan, tandis que certaines sont pourvues d'un bain à remous.

Servi chaque matin, le petit-déjeuner buffet se compose d'un choix de fruits, de pains et de douceurs. Vous pourrez déguster plusieurs plats internationaux au restaurant Smeraldo, accompagnés d'un vin provenant de la carte bien garnie.

Les enfants pourront s'amuser dans la salle de jeux et le jardin, tandis que les adultes se détendront avec un massage ou en utilisant le hammam turc ou le sauna. Un service de location de vélos est assuré.

La charmante route pavée de la Rua das Pedras se trouve à seulement 30 minutes de marche avec de belles boutiques, des restaurants préparant des plats locaux et internationaux, ainsi que des lieux de vie nocturne animés. Des places de stationnement sont à votre disposition dans la rue.","2026-03-21 01:34:23.569427+00","2026-03-21 01:34:23.56943+00"
"e63b0654-c6e8-40e4-a4f5-ee82d91e298c","241328c4-953d-443d-a15b-12d20399821d","ce6b0b91-a4d9-474e-8df8-6c9be31a78f8","fr","Le Manaus Hotéis Millennium est installé au sein du complexe Millennium Center Complexe, qui abrite également les tours d'affaires, les tours médicales et le centre commercial Millennium. Il dispose d'une piscine extérieure, d'une salle de sport, d'un sauna et d'une connexion Wi-Fi gratuite dans l'ensemble des locaux.

Tous les appartements de l'Hotel Millenium sont pourvus d'un balcon, de la climatisation, d'une cuisine et d'une télévision par satellite.

Le restaurant est ouvert 24h/24 et un parking privé est disponible moyennant des frais supplémentaires. Un petit-déjeuner est servi gratuitement chaque matin.

Le Manaus Hotéis Millennium se trouve à 5 km du centre de Manaus et à 10 km de l'aéroport international Eduardo Gomes.","2026-03-21 01:35:57.715923+00","2026-03-21 01:35:57.715926+00"
"daec1b56-cde6-4ee0-8e8d-72663b4f0946","0dc09881-d1bb-4eec-9c76-7c06b3d1f82e","9af7acbb-601a-47f2-87d7-292f05898d5b","it","Situato in una posizione ideale a Búzios, in cima a una scogliera tra le spiagge di João Fernandes e João Fernandinho, il Colonna Park Hotel è una struttura a 4 stelle dotata di camere climatizzate, piscina all'aperto e connessione WiFi gratuita.

Le sistemazioni del Colonna Park Hotel vantano una vista spettacolare sull'oceano e, in alcuni casi, una vasca idromassaggio.

Ogni mattina la struttura allestisce una colazione a buffet con un ampio assortimento di frutta, pane e dolci. Il ristorante Smeraldo vi delizierà invece con una varietà di piatti internazionali accompagnati da una vasta lista di vini.

Per il tempo libero avrete a disposizione biciclette a noleggio, diverse parti del giardino e una sala per i giochi, mentre se desiderate un momento di relax potrete concedervi un massaggio o una sessione nella sauna o nel bagno turco.

Dal Colonna Park Hotel vi basteranno 30 minuti a piedi per raggiungere l'incantevole strada acciottolata Rua das Pedras, ricca di bei negozi, ristoranti locali e internazionali, e vivaci locali notturni. Approfittatene infine per parcheggiare la vostra auto lungo la strada.","2026-03-21 01:37:15.082422+00","2026-03-21 01:37:15.082425+00"
"343ab9ab-c9a6-4f67-a41c-ee6d0eef3236","bc2ade71-43a3-4e3f-b25f-832209277bb1","ce6b0b91-a4d9-474e-8df8-6c9be31a78f8","it","Manaus Hotéis Millennium is located within the Millennium Center Complex, along with the Business Towers, Medical Towers and Millennium Shopping. Featuring an outdoor pool, a fitness centre and sauna, this hotel has free WiFi throughout the property.

All apartments at Hotel Millenium are equipped with a balcony, air conditioning, kitchen and satellite TV.

The restaurant is open 24-hours and private parking can be arranged for an extra fee. A complimentary breakfast is served daily.

Hotel Millenium is 5 km away from the centre of Manaus and 10 km away from Eduardo Gomes International Airport.","2026-03-21 01:38:34.955743+00","2026-03-21 01:38:34.955746+00"
"c1f848ab-eb0e-44bd-a988-84b9071dc842","7aee084f-fcc2-4c6d-a7be-fbc28eea88a3","9af7acbb-601a-47f2-87d7-292f05898d5b","nl","Het 4-sterrenhotel Colonna Park ligt op een ideale locatie op een klif in Buzios, halverwege de stranden Joao Fernandes en Joao Fernandinho. Het hotel biedt kamers met airconditioning, een buitenzwembad en gratis WiFi.

De kamers van het Colonna Park Hotel bieden een spectaculair uitzicht op de oceaan. Sommige beschikken over een hot tub.

Het hotel verzorgt iedere ochtend een ontbijtbuffet met diverse soorten fruit, brood en zoetigheden. In het restaurant Smeraldo kunt u genieten van tal van internationale gerechten en van een uitgebreide wijnkaart.

Kinderen kunnen zich vermaken in de recreatieruimte en in de tuin. Voor volwassenen is er een massageservice, een Turks stoombad en een sauna. Het is ook mogelijk om fietsen te huren.

In slechts 30 minuten loopt u naar de charmante kasseiweg Rua das Pedras, met tal van prachtige winkels, lokale en internationale restaurants en een bruisend nachtleven. U kunt parkeren in de straat.","2026-03-21 01:39:54.581222+00","2026-03-21 01:39:54.581224+00"
"08a35e25-bb90-4aa2-a49d-c0818e9146a9","a95ec092-5b4a-47f2-8a74-e946c6cc0f0a","ce6b0b91-a4d9-474e-8df8-6c9be31a78f8","nl","Manaus Hotéis Millennium is located within the Millennium Center Complex, along with the Business Towers, Medical Towers and Millennium Shopping. Featuring an outdoor pool, a fitness centre and sauna, this hotel has free WiFi throughout the property.

All apartments at Hotel Millenium are equipped with a balcony, air conditioning, kitchen and satellite TV.

The restaurant is open 24-hours and private parking can be arranged for an extra fee. A complimentary breakfast is served daily.

Hotel Millenium is 5 km away from the centre of Manaus and 10 km away from Eduardo Gomes International Airport.","2026-03-21 01:41:29.34912+00","2026-03-21 01:41:29.349124+00"
"092caf49-5be2-4885-91d8-d2449dc05ae8","5b621d4a-add5-4617-8941-4d8e9a70439d","9af7acbb-601a-47f2-87d7-292f05898d5b","pt","O Colonna Park Hotel de 4 estrelas está localizado no topo de uma falésia entre as Praias de João Fernandes e João Fernandinho, em Búzios. Disponibiliza quartos com ar condicionado, uma piscina exterior e acesso Wi-Fi gratuito.

Os quartos do Colonna Park Hotel exibem vistas espectaculares do oceano e alguns beneficiam de uma banheira de hidromassagem.

Todas as manhãs é servido um buffet de pequeno-almoço com uma variedade de frutas, pães e doces. Os hóspedes também poderão apreciar vários pratos internacionais complementados por uma extensa carta de vinhos no Restaurante Smeraldo.

Os hóspedes podem ainda usufruir de uma sala de jogos e das áreas de jardim, enquanto os adultos podem relaxar com uma massagem ou utilizar o banho turco ou sauna. É providenciado aluguer de bicicletas.

A encantadora Rua das Pedras, em calçada, fica a 30 minutos a pé e alberga uma variedade de lojas encantadoras, restaurantes locais e internacionais, bem como uma animada vida nocturna. Existe estacionamento na rua.","2026-03-21 01:42:47.417961+00","2026-03-21 01:42:47.417966+00"
"ec6eac3a-f22f-4f6c-9483-5e3abc4e13ca","70825dd2-cee5-41a8-9024-0adfae15bd68","ce6b0b91-a4d9-474e-8df8-6c9be31a78f8","pt","O Manaus Hotéis Millennium está localizado dentro do Complexo Millennium Center, juntamente com as Torres Empresariais, as Torres Médicas e o Millennium Shopping (centro comercial). Este hotel apresenta uma piscina exterior, um centro de fitness e sauna, além disso disponibiliza acesso Wi-Fi gratuito em toda a propriedade.

Todos os apartamentos do Hotel Millenium incluem uma varanda, ar condicionado, uma cozinha e uma televisão por satélite.

O restaurante está aberto 24 horas e o estacionamento privado pode ser organizado por um custo adicional. Todos os dias é servido um pequeno-almoço gratuito.

O Hotel Millenium fica a 5 km do centro de Manaus e a 10 km do Aeroporto Internacional Eduardo Gomes.","2026-03-21 01:44:05.491467+00","2026-03-21 01:44:05.49147+00"
