id,hotel_id,url_id,language,fp,created_at,updated_at
70f2d4b8-f7eb-4ce5-a055-57341a01e808,dc21e5be-ee24-4451-b221-bbdca5e24908,2158e58f-3503-43db-a2bb-30c7a679a128,en,"<p>The property can be reached by seaplanes and domestic flights.</p><p>Seaplane transfer takes 45 minutes from Male International Airport.</p><p>Standard Transfer Times: Daylight hours.</p><p>Domestic flight transfer takes 25 minutes from Male International Airport, followed by a 5-minute speedboat transfer from Dhaalu Airport to the resort.</p><p>Children eat for free based on the rules and meal plan accompanied by an adult, excluding alcoholic beverages from the special set kids menu only.</p><p>Additional child in the room is charged at USD 61 per night and is added to the total cost separately.</p><p>Daily dinner is based on a three-course meal per person, excluding beverages, at selected restaurants. Supplementary charges may apply to special items on the menu.</p><p>Transfer options:</p><p>Seaplane transfer</p><p>From now to 31 December 2027</p><p>- Adult: USD 780</p><p>- Child (2-11): USD 390</p><p>Domestic flight transfer</p><p>From now to 31 December 2027</p><p>- Adult: USD 550</p><p>- Child (2-11): USD 275</p><p>Guests are required to show a photo identification and credit card upon check-in. Please note that all Special Requests are subject to availability and additional charges may apply.</p><p>Please inform Niyama Private Islands Maldives in advance of your expected arrival time. You can use the Special Requests box when booking, or contact the property directly with the contact details provided in your confirmation.</p>",2026-03-31 22:30:40.144357+01,2026-03-31 22:30:40.144357+01
ab5326e2-5e70-4eea-8b05-428ede978fa4,8a9e62c3-11e2-46c6-92ea-c279fb928208,211483f1-4866-468f-a73c-4620f8b051b0,en,"<p>The property can be reached by a private and a shared speedboat.</p><p>Private Speedboat Transfers: </p><p>From July 1, 2025 to July 31, 2026 the charges are as follows:</p><p>- Adult: USD 2252.30 per boat per way, with a maximum of 8 people.</p><p>- Child: USD 2252.30 per boat per way, with a maximum of 8 people. This rate is not included in the booking price and will be charged additionally.</p><p>Shared Speedboat Transfers: </p><p>From July 1, 2025 to December 31, 2026 the charges are as follows:</p><p>- Adult (12 years and above): USD 353 per person.</p><p>- Child (2–11 years): USD 176.51 per child. This rate is not included in the booking price and will be charged additionally.</p><p>The Green Tax of USD 12 per person per day will be collected directly from the guests during their stay. Children under 2 years are exempt from this Green Tax under the updated regulation. </p><p>Additional Mandatory Gala Dinner fees for Christmas Eve and or New Year's Eve will be applicable to every adult and every child. Guests will be asked to pay the following charges at the property</p><p>Christmas Eve Gala dinner </p><p>On breakfast meal plan: USD 445 per adult  USD 200 per child age 6-11.99 yrs</p><p>On other meal plans: USD 300 per adult USD 120 per child age 6-11.99 yrs</p><p>New Years Eve Gala dinner </p><p>On breakfast meal plan: USD 725 per adult USD 300 per child age 6-11.99 yrs</p><p>On other meal plans: USD 550 per adult USD 250 per child age 6-11.99 yrs</p><p>This property will not accommodate hen, stag or similar parties.</p>",2026-03-31 22:31:16.564838+01,2026-03-31 22:31:16.564838+01
b1d8108c-6b5b-4986-9fed-6e647c204be7,951d78e4-2261-489c-9294-6cfe1f57ef5c,2158e58f-3503-43db-a2bb-30c7a679a128,es,"<p>The property can be reached by seaplanes and domestic flights.</p><p>Seaplane transfer takes 45 minutes from Male International Airport.</p><p>Standard Transfer Times: Daylight hours.</p><p>Domestic flight transfer takes 25 minutes from Male International Airport, followed by a 5-minute speedboat transfer from Dhaalu Airport to the resort.</p><p>Children eat for free based on the rules and meal plan accompanied by an adult, excluding alcoholic beverages from the special set kids menu only.</p><p>Additional child in the room is charged at USD 61 per night and is added to the total cost separately.</p><p>Daily dinner is based on a three-course meal per person, excluding beverages, at selected restaurants. Supplementary charges may apply to special items on the menu.</p><p>Transfer options:</p><p>Seaplane transfer</p><p>From now to 31 December 2027</p><p>- Adult: USD 780</p><p>- Child (2-11): USD 390</p><p>Domestic flight transfer</p><p>From now to 31 December 2027</p><p>- Adult: USD 550</p><p>- Child (2-11): USD 275</p><p>Los huéspedes deberán mostrar un documento de identidad válido y una tarjeta de crédito al realizar el registro de entrada. Ten en cuenta que todas las peticiones especiales están sujetas a disponibilidad y pueden comportar suplementos.</p><p>Informa a Niyama Private Islands Maldives con antelación de tu hora prevista de llegada. Para ello, puedes utilizar el apartado de peticiones especiales al hacer la reserva o ponerte en contacto directamente con el alojamiento. Los datos de contacto aparecen en la confirmación de la reserva.</p>",2026-03-31 22:31:52.641668+01,2026-03-31 22:31:52.641668+01
cc2b2be4-b791-4531-9343-82a82f61edd9,c56caa06-5a64-432a-a910-2c5dbd148b2b,211483f1-4866-468f-a73c-4620f8b051b0,es,"<p>Se puede llegar al alojamiento en lancha rápida privada y compartida.</p><p>Traslado en lancha rápida privada: </p><p>Del 1 de julio de 2025 al 31 de julio de 2026, los cargos son los siguientes:</p><p>- Adultos: 2252,30 USD por barco y trayecto, con un máximo de 8 personas.</p><p>- Niños: 2252,30 USD por barco y trayecto, con un máximo de 8 personas. Esta tarifa no está incluida en el precio de la reserva y se cobrará por separado.</p><p>Traslado en lancha rápida compartida: </p><p>Del 1 de julio de 2025 al 31 de diciembre de 2026, los cargos son los siguientes:</p><p>- Adultos (a partir de 12 años): 353 USD por persona</p><p>- Niños (de 2 a 11 años): 176,51 USD por niño. Esta tarifa no está incluida en el precio de la reserva y se cobrará por separado.</p><p>Durante la estancia, se cobrará el impuesto ecológico de 12 USD por persona y día directamente a los huéspedes. Los niños menores de 2 años están exentos de este impuesto ecológico según la normativa actualizada. </p><p>Se aplicarán tarifas adicionales obligatorias para la cena de gala de Nochebuena y/o Nochevieja a todos los adultos y niños. Se deben abonar los siguientes suplementos:</p><p>Cena de gala de Nochebuena </p><p>Régimen de desayuno: 445 USD por adulto, 200 USD por niño de 6 a 11 años</p><p>Otros regímenes de comidas: 300 USD por adulto, 120 USD por niño de 6 a 11 años</p><p>Cena de gala de Nochevieja </p><p>Régimen de desayuno: 725 USD por adulto, 300 USD por niño de 6 a 11 años</p><p>Otros regímenes de comidas: 550 USD por adulto, 250 USD por niño de 6 a 11 años</p><p>En este alojamiento no se pueden celebrar despedidas de soltero o soltera ni fiestas similares.</p>",2026-03-31 22:32:28.412289+01,2026-03-31 22:32:28.412289+01
c22d3d8b-f27a-4f14-b24f-7e77dde6e74f,4c304258-00a0-4f47-a415-a37260e2ca91,75b4cb60-734c-449d-9592-d596d1a3b06a,de,"<p>Der Canouan Airport ist der nächstgelegene Flughafen. Das Hotel bietet einen Flughafentransfer.</p><p>Beim Check-in müssen Sie einen Lichtbildausweis sowie eine Kreditkarte vorlegen. Sonderwünsche unterliegen der Verfügbarkeit und sind gegebenenfalls mit einem Aufpreis verbunden.</p><p>Bitte teilen Sie der Unterkunft Mandarin Oriental, Canouan Ihre voraussichtliche Ankunftszeit im Voraus mit. Nutzen Sie hierfür bei der Buchung das Feld für besondere Anfragen oder kontaktieren Sie die Unterkunft direkt.</p>",2026-03-31 22:40:59.978909+01,2026-03-31 22:40:59.978909+01
e0f08e83-11f4-4b44-83eb-74331b12bb8e,6efd1a76-5fab-4953-a8c0-3206774ee5c5,52b59827-d0f0-4f78-9d86-608d8b8c4a5c,it,"<p>Al check-in gli ospiti devono esibire un documento d'identità con foto e una carta di credito. Siete pregati di notare che le Richieste Speciali sono soggette a disponibilità, e potrebbero comportare l'addebito di un supplemento.</p><p>Siete pregati di comunicare in anticipo a South Bank l'orario in cui prevedete di arrivare. Potrete inserire questa informazione nella sezione Richieste Speciali al momento della prenotazione, o contattare la struttura utilizzando i recapiti riportati nella conferma della prenotazione.</p><p>La struttura non è disponibile per feste di addio al nubilato/celibato o simili.</p>",2026-03-31 22:41:38.256932+01,2026-03-31 22:41:38.256932+01
9a21f3a0-78bd-4b4f-b640-aa2bf72584a7,fa6d5d99-e9b6-442c-a016-2ab30746a6db,2158e58f-3503-43db-a2bb-30c7a679a128,de,"<p>Die Unterkunft ist per Wasserflugzeug und Inlandsflug erreichbar.</p><p>Der Transfer mit dem Wasserflugzeug vom internationalen Flughafen Malé aus dauert 45 Minuten.</p><p>Reguläre Transferzeiten: bei Tageslicht.</p><p>Der Transfer per Inlandsflug vom internationalen Flughafen Malé aus dauert 25 Minuten, gefolgt von einer 5-minütigen Fahrt mit dem Schnellboot vom Flughafen Dhaalu zum Resort.</p><p>Kinder speisen in Begleitung eines/einer Erwachsenen kostenlos, entsprechend denselben Vorgaben und des gewählten Verpflegungsplans. Alkoholische Getränke sind von der speziellen Kinderkarte ausgenommen.</p><p>Für ein zusätzliches Kind im Zimmer werden 61 USD pro Nacht zu den Gesamtkosten hinzugerechnet.</p><p>Das tägliche Abendessen besteht aus einem 3-Gänge-Menü pro Person (ohne Getränke) in ausgewählten Restaurants. Für spezielle Menüoptionen können Aufpreise anfallen.</p><p>Transfermöglichkeiten:</p><p>Transfer mit dem Wasserflugzeug</p><p>Von jetzt bis 31. Dezember 2027</p><p>- Erwachsene: 780 USD</p><p>- Kinder (2 bis 11 Jahre): 390 USD</p><p>Transfer per Inlandsflug</p><p>Von jetzt bis 31. Dezember 2027</p><p>- Erwachsene: 550 USD</p><p>- Kinder (2 bis 11 Jahre): 275 USD</p><p>Beim Check-in müssen Sie einen Lichtbildausweis sowie eine Kreditkarte vorlegen. Sonderwünsche unterliegen der Verfügbarkeit und sind gegebenenfalls mit einem Aufpreis verbunden.</p><p>Bitte teilen Sie der Unterkunft Niyama Private Islands Maldives Ihre voraussichtliche Ankunftszeit im Voraus mit. Nutzen Sie hierfür bei der Buchung das Feld für besondere Anfragen oder kontaktieren Sie die Unterkunft direkt.</p>",2026-03-31 22:33:04.147021+01,2026-03-31 22:33:04.147021+01
1aaaa9b5-0eb2-404e-8bc0-c0a7fb5c26d7,d8c53489-32c8-4232-9178-7e9bd179a36b,211483f1-4866-468f-a73c-4620f8b051b0,de,"<p>The property can be reached by a private and a shared speedboat.</p><p>Private Speedboat Transfers: </p><p>From July 1, 2025 to July 31, 2026 the charges are as follows:</p><p>- Adult: USD 2252.30 per boat per way, with a maximum of 8 people.</p><p>- Child: USD 2252.30 per boat per way, with a maximum of 8 people. This rate is not included in the booking price and will be charged additionally.</p><p>Shared Speedboat Transfers: </p><p>From July 1, 2025 to December 31, 2026 the charges are as follows:</p><p>- Adult (12 years and above): USD 353 per person.</p><p>- Child (2–11 years): USD 176.51 per child. This rate is not included in the booking price and will be charged additionally.</p><p>The Green Tax of USD 12 per person per day will be collected directly from the guests during their stay. Children under 2 years are exempt from this Green Tax under the updated regulation. </p><p>Additional Mandatory Gala Dinner fees for Christmas Eve and or New Year's Eve will be applicable to every adult and every child. Guests will be asked to pay the following charges at the property</p><p>Christmas Eve Gala dinner </p><p>On breakfast meal plan: USD 445 per adult  USD 200 per child age 6-11.99 yrs</p><p>On other meal plans: USD 300 per adult USD 120 per child age 6-11.99 yrs</p><p>New Years Eve Gala dinner </p><p>On breakfast meal plan: USD 725 per adult USD 300 per child age 6-11.99 yrs</p><p>On other meal plans: USD 550 per adult USD 250 per child age 6-11.99 yrs</p><p>In dieser Unterkunft sind weder Junggesellen-/Junggesellinnenabschiede noch ähnliche Feiern erlaubt. </p>",2026-03-31 22:33:39.983854+01,2026-03-31 22:33:39.983854+01
6687c686-06e7-486a-98fc-58777bf54dce,9fdfcfdb-5bc9-45fe-aa37-bf9fbf176a48,2158e58f-3503-43db-a2bb-30c7a679a128,it,"<p>The property can be reached by seaplanes and domestic flights.</p><p>Seaplane transfer takes 45 minutes from Male International Airport.</p><p>Standard Transfer Times: Daylight hours.</p><p>Domestic flight transfer takes 25 minutes from Male International Airport, followed by a 5-minute speedboat transfer from Dhaalu Airport to the resort.</p><p>Children eat for free based on the rules and meal plan accompanied by an adult, excluding alcoholic beverages from the special set kids menu only.</p><p>Additional child in the room is charged at USD 61 per night and is added to the total cost separately.</p><p>Daily dinner is based on a three-course meal per person, excluding beverages, at selected restaurants. Supplementary charges may apply to special items on the menu.</p><p>Transfer options:</p><p>Seaplane transfer</p><p>From now to 31 December 2027</p><p>- Adult: USD 780</p><p>- Child (2-11): USD 390</p><p>Domestic flight transfer</p><p>From now to 31 December 2027</p><p>- Adult: USD 550</p><p>- Child (2-11): USD 275</p><p>Al check-in gli ospiti devono esibire un documento d'identità con foto e una carta di credito. Siete pregati di notare che le Richieste Speciali sono soggette a disponibilità, e potrebbero comportare l'addebito di un supplemento.</p><p>Siete pregati di comunicare in anticipo a Niyama Private Islands Maldives l'orario in cui prevedete di arrivare. Potrete inserire questa informazione nella sezione Richieste Speciali al momento della prenotazione, o contattare la struttura utilizzando i recapiti riportati nella conferma della prenotazione.</p>",2026-03-31 22:34:15.889649+01,2026-03-31 22:34:15.889649+01
6cbe1702-e803-4c18-b1a7-8e4bf31deb7e,b5b17665-9043-4287-accd-f7bcc878b7e8,211483f1-4866-468f-a73c-4620f8b051b0,it,"<p>The property can be reached by a private and a shared speedboat.</p><p>Private Speedboat Transfers: </p><p>From July 1, 2025 to July 31, 2026 the charges are as follows:</p><p>- Adult: USD 2252.30 per boat per way, with a maximum of 8 people.</p><p>- Child: USD 2252.30 per boat per way, with a maximum of 8 people. This rate is not included in the booking price and will be charged additionally.</p><p>Shared Speedboat Transfers: </p><p>From July 1, 2025 to December 31, 2026 the charges are as follows:</p><p>- Adult (12 years and above): USD 353 per person.</p><p>- Child (2–11 years): USD 176.51 per child. This rate is not included in the booking price and will be charged additionally.</p><p>The Green Tax of USD 12 per person per day will be collected directly from the guests during their stay. Children under 2 years are exempt from this Green Tax under the updated regulation. </p><p>Additional Mandatory Gala Dinner fees for Christmas Eve and or New Year's Eve will be applicable to every adult and every child. Guests will be asked to pay the following charges at the property</p><p>Christmas Eve Gala dinner </p><p>On breakfast meal plan: USD 445 per adult  USD 200 per child age 6-11.99 yrs</p><p>On other meal plans: USD 300 per adult USD 120 per child age 6-11.99 yrs</p><p>New Years Eve Gala dinner </p><p>On breakfast meal plan: USD 725 per adult USD 300 per child age 6-11.99 yrs</p><p>On other meal plans: USD 550 per adult USD 250 per child age 6-11.99 yrs</p><p>La struttura non è disponibile per feste di addio al nubilato/celibato o simili.</p>",2026-03-31 22:34:51.65092+01,2026-03-31 22:34:51.65092+01
13cfdf40-6324-496e-9a7f-3cd2b1656d5a,f047fbbb-3ab9-4bc1-ae98-a98f4cec6820,75b4cb60-734c-449d-9592-d596d1a3b06a,it,"<p>L'aeroporto di Canouan è il più vicino ed è raggiungibile tramite un servizio navetta organizzato dall'hotel.</p><p>Al check-in gli ospiti devono esibire un documento d'identità con foto e una carta di credito. Siete pregati di notare che le Richieste Speciali sono soggette a disponibilità, e potrebbero comportare l'addebito di un supplemento.</p><p>Siete pregati di comunicare in anticipo a Mandarin Oriental, Canouan l'orario in cui prevedete di arrivare. Potrete inserire questa informazione nella sezione Richieste Speciali al momento della prenotazione, o contattare la struttura utilizzando i recapiti riportati nella conferma della prenotazione.</p>",2026-03-31 22:42:13.035898+01,2026-03-31 22:42:13.035898+01
c07cb100-15dd-40ff-9509-b91f657cbd80,62fd5fa3-01d7-419f-9005-62cd62778897,a12f01b4-9e8c-4a25-aeb9-7209ce4b5590,pt,"<p>Esta propriedade não permite a realização de festas de despedida de solteiros(as) e festas semelhantes.</p><p>É exigida uma caução de US$200 no momento da chegada. A caução será cobrada como um pagamento em numerário. O reembolso deverá ser feito durante o check-out. A sua caução será reembolsada na totalidade em numerário, após uma inspeção ao alojamento.</p>",2026-03-31 22:59:07.103394+01,2026-03-31 22:59:07.103394+01
00a29b95-21cd-4324-b127-0b425a09da10,2d2ba4e6-75f8-480d-8ecc-b6af4deb77bd,2158e58f-3503-43db-a2bb-30c7a679a128,fr,"<p>The property can be reached by seaplanes and domestic flights.</p><p>Seaplane transfer takes 45 minutes from Male International Airport.</p><p>Standard Transfer Times: Daylight hours.</p><p>Domestic flight transfer takes 25 minutes from Male International Airport, followed by a 5-minute speedboat transfer from Dhaalu Airport to the resort.</p><p>Children eat for free based on the rules and meal plan accompanied by an adult, excluding alcoholic beverages from the special set kids menu only.</p><p>Additional child in the room is charged at USD 61 per night and is added to the total cost separately.</p><p>Daily dinner is based on a three-course meal per person, excluding beverages, at selected restaurants. Supplementary charges may apply to special items on the menu.</p><p>Transfer options:</p><p>Seaplane transfer</p><p>From now to 31 December 2027</p><p>- Adult: USD 780</p><p>- Child (2-11): USD 390</p><p>Domestic flight transfer</p><p>From now to 31 December 2027</p><p>- Adult: USD 550</p><p>- Child (2-11): USD 275</p><p>Vous devrez présenter une pièce d'identité avec photo et une carte de crédit lors de l'enregistrement. Veuillez noter que toutes les demandes spéciales seront satisfaites sous réserve de disponibilité et pourront entraîner des frais supplémentaires.</p><p>Veuillez informer l'établissement Niyama Private Islands Maldives à l'avance de l'heure à laquelle vous prévoyez d'arriver. Vous pouvez indiquer cette information dans la rubrique « Demandes spéciales » lors de la réservation ou contacter directement l'établissement. Ses coordonnées figurent sur votre confirmation de réservation.</p>",2026-03-31 22:35:27.695817+01,2026-03-31 22:35:27.695817+01
cd6358a4-7919-469e-9acd-84ca3a791bd2,87985638-77bc-46b4-a783-4a38e5968652,211483f1-4866-468f-a73c-4620f8b051b0,fr,"<p>L’établissement est accessible en hors-bord privé et en hors-bord commun.</p><p>Transferts privés en hors-bord : </p><p>Du 1er juillet 2025 au 31 juillet 2026, les frais sont les suivants :</p><p>- Adultes : 2 252,30 USD par bateau et par trajet, avec un maximum de 8 personnes.</p><p>- Enfants : 2252,30 USD par bateau et par trajet, avec un maximum de 8 personnes. Ces frais ne sont pas inclus dans le tarif de votre réservation et seront facturés en supplément.</p><p>Transferts en hors-bord commun : </p><p>Du 1er juillet 2025 au 31 décembre 2026, les tarifs sont les suivants :</p><p>- Adulte (13 ans et plus) : 353 USD</p><p>- Enfant (de 6 à 12 ans) : 176,51 USD par enfant. Ces frais ne sont pas inclus dans le tarif de votre réservation et seront facturés en supplément.</p><p>Veuillez noter qu’une écotaxe de 12 USD par personne et par jour vous sera demandée pendant votre séjour. Les enfants de moins de 2 ans sont exemptés de cette écotaxe en vertu de la réglementation mise à jour. </p><p>Des frais supplémentaires obligatoires pour les dîners du réveillon de Noël et du Nouvel An seront applicables à chaque adulte et chaque enfant. Les frais suivants doivent être réglés sur place :</p><p>Dîner de réveillon de Noël </p><p>Pour la formule petit-déjeuner : 445 USD par adulte et 200 USD par enfant (de 6 à 11 ans).</p><p>Pour les autres formules repas : 300 USD par adulte et 120 USD par enfant (de 6 à 11 ans).</p><p>Dîner de réveillon du Nouvel An </p><p>Pour la formule petit-déjeuner : 725 USD par adulte et 300 USD par enfant (de 6 à 11 ans).</p><p>Pour les autres formules repas : 550 USD par adulte et 250 USD par enfant (de 6 à 11,99 ans).</p><p>Les enterrements de vie de célibataire et autres fêtes de ce type sont interdits dans cet établissement.</p>",2026-03-31 22:36:03.426468+01,2026-03-31 22:36:03.426468+01
631dfb5d-786d-4070-bdef-6a96e8a59a09,c01b117a-36fa-4d38-aae9-ddacd90c388e,2158e58f-3503-43db-a2bb-30c7a679a128,pt,"<p>The property can be reached by seaplanes and domestic flights.</p><p>Seaplane transfer takes 45 minutes from Male International Airport.</p><p>Standard Transfer Times: Daylight hours.</p><p>Domestic flight transfer takes 25 minutes from Male International Airport, followed by a 5-minute speedboat transfer from Dhaalu Airport to the resort.</p><p>Children eat for free based on the rules and meal plan accompanied by an adult, excluding alcoholic beverages from the special set kids menu only.</p><p>Additional child in the room is charged at USD 61 per night and is added to the total cost separately.</p><p>Daily dinner is based on a three-course meal per person, excluding beverages, at selected restaurants. Supplementary charges may apply to special items on the menu.</p><p>Transfer options:</p><p>Seaplane transfer</p><p>From now to 31 December 2027</p><p>- Adult: USD 780</p><p>- Child (2-11): USD 390</p><p>Domestic flight transfer</p><p>From now to 31 December 2027</p><p>- Adult: USD 550</p><p>- Child (2-11): USD 275</p><p>No momento do check-in, os hóspedes deverão apresentar um documento de identificação com fotografia e um cartão de crédito.  Por favor, observe que todos os Pedidos Especiais estão sujeitos à disponibilidade e que poderão acarretar custos adicionais.</p><p>Por favor, informe Niyama Private Islands Maldives antecipadamente sobre o seu horário de chegada. Para isso poderá utilizar a caixa de Pedidos Especiais durante o processo da reserva ou contactar a propriedade diretamente através dos dados para contacto providenciados na sua confirmação.</p>",2026-03-31 22:36:38.805694+01,2026-03-31 22:36:38.805694+01
a64cab26-32e7-4316-8ca6-0b11877e1628,ef645d2e-f069-4fa9-aece-cc38ee1dbc6e,52b59827-d0f0-4f78-9d86-608d8b8c4a5c,es,"<p>Los huéspedes deberán mostrar un documento de identidad válido y una tarjeta de crédito al realizar el registro de entrada. Ten en cuenta que todas las peticiones especiales están sujetas a disponibilidad y pueden comportar suplementos.</p><p>Informa a South Bank con antelación de tu hora prevista de llegada. Para ello, puedes utilizar el apartado de peticiones especiales al hacer la reserva o ponerte en contacto directamente con el alojamiento. Los datos de contacto aparecen en la confirmación de la reserva.</p><p>En este alojamiento no se pueden celebrar despedidas de soltero o soltera ni fiestas similares.</p>",2026-03-31 22:39:12.887067+01,2026-03-31 22:39:12.887067+01
586866a4-e166-4693-b03c-5c8116f06f00,ce3a5bcf-c62a-4e6f-b9e4-a0d67f98afd4,75b4cb60-734c-449d-9592-d596d1a3b06a,es,"<p>El aeropuerto de Canouan es el más cercano. El hotel ofrece un servicio de enlace con el aeropuerto.</p><p>Los huéspedes deberán mostrar un documento de identidad válido y una tarjeta de crédito al realizar el registro de entrada. Ten en cuenta que todas las peticiones especiales están sujetas a disponibilidad y pueden comportar suplementos.</p><p>Informa a Mandarin Oriental, Canouan con antelación de tu hora prevista de llegada. Para ello, puedes utilizar el apartado de peticiones especiales al hacer la reserva o ponerte en contacto directamente con el alojamiento. Los datos de contacto aparecen en la confirmación de la reserva.</p>",2026-03-31 22:39:48.101771+01,2026-03-31 22:39:48.101771+01
c198a15b-c43f-4c82-b52b-dda550f2d85d,7e71a760-f0a8-4424-9760-0592ff38f212,52b59827-d0f0-4f78-9d86-608d8b8c4a5c,de,<p>Beim Check-in müssen Sie einen Lichtbildausweis sowie eine Kreditkarte vorlegen. Sonderwünsche unterliegen der Verfügbarkeit und sind gegebenenfalls mit einem Aufpreis verbunden.</p><p>Bitte teilen Sie der Unterkunft South Bank Ihre voraussichtliche Ankunftszeit im Voraus mit. Nutzen Sie hierfür bei der Buchung das Feld für besondere Anfragen oder kontaktieren Sie die Unterkunft direkt.</p><p>In dieser Unterkunft sind weder Junggesellen-/Junggesellinnenabschiede noch ähnliche Feiern erlaubt. </p>,2026-03-31 22:40:29.713032+01,2026-03-31 22:40:29.713032+01
5ca6da93-0ba5-4cf2-bac1-413e1e467626,08cc447f-0fde-464b-95cb-9241cd6efe4e,3b6a8866-5a98-4348-b003-e14761654bfd,pt,"<p>Esta propriedade não permite a realização de festas de despedida de solteiros(as) e festas semelhantes.</p><p>É exigida uma caução de US$25 no momento da chegada. A caução será cobrada como um pagamento em numerário. O reembolso deverá ser feito durante o check-out. A sua caução será reembolsada na totalidade em numerário, após uma inspeção ao alojamento.</p>",2026-03-31 22:51:13.081079+01,2026-03-31 22:51:13.081079+01
93dcebc5-ff77-4c31-b382-568f92e8165a,c959e170-41bd-4825-b944-41b36c90d349,211483f1-4866-468f-a73c-4620f8b051b0,pt,"<p>The property can be reached by a private and a shared speedboat.</p><p>Private Speedboat Transfers: </p><p>From July 1, 2025 to July 31, 2026 the charges are as follows:</p><p>- Adult: USD 2252.30 per boat per way, with a maximum of 8 people.</p><p>- Child: USD 2252.30 per boat per way, with a maximum of 8 people. This rate is not included in the booking price and will be charged additionally.</p><p>Shared Speedboat Transfers: </p><p>From July 1, 2025 to December 31, 2026 the charges are as follows:</p><p>- Adult (12 years and above): USD 353 per person.</p><p>- Child (2–11 years): USD 176.51 per child. This rate is not included in the booking price and will be charged additionally.</p><p>The Green Tax of USD 12 per person per day will be collected directly from the guests during their stay. Children under 2 years are exempt from this Green Tax under the updated regulation. </p><p>Additional Mandatory Gala Dinner fees for Christmas Eve and or New Year's Eve will be applicable to every adult and every child. Guests will be asked to pay the following charges at the property</p><p>Christmas Eve Gala dinner </p><p>On breakfast meal plan: USD 445 per adult  USD 200 per child age 6-11.99 yrs</p><p>On other meal plans: USD 300 per adult USD 120 per child age 6-11.99 yrs</p><p>New Years Eve Gala dinner </p><p>On breakfast meal plan: USD 725 per adult USD 300 per child age 6-11.99 yrs</p><p>On other meal plans: USD 550 per adult USD 250 per child age 6-11.99 yrs</p><p>Esta propriedade não permite a realização de festas de despedida de solteiros(as) e festas semelhantes.</p>",2026-03-31 22:37:14.442171+01,2026-03-31 22:37:14.442171+01
14aa8161-296d-46f7-b727-ecfbac75c62a,25368e28-712c-4138-a3c7-b08e21c58544,52b59827-d0f0-4f78-9d86-608d8b8c4a5c,en,"<p>Guests are required to show a photo identification and credit card upon check-in. Please note that all Special Requests are subject to availability and additional charges may apply.</p><p>Please inform South Bank in advance of your expected arrival time. You can use the Special Requests box when booking, or contact the property directly with the contact details provided in your confirmation.</p><p>This property will not accommodate hen, stag or similar parties.</p>",2026-03-31 22:37:59.787725+01,2026-03-31 22:37:59.787725+01
d7feb4b5-0f22-4826-8e56-ae7b3e09dee5,5b43c06a-3c9f-4312-8457-a83808110485,75b4cb60-734c-449d-9592-d596d1a3b06a,en,"<p>Canouan Airport is the closest airport. The hotel offers a Airport Shuttle.</p><p>Guests are required to show a photo identification and credit card upon check-in. Please note that all Special Requests are subject to availability and additional charges may apply.</p><p>Please inform Mandarin Oriental, Canouan in advance of your expected arrival time. You can use the Special Requests box when booking, or contact the property directly with the contact details provided in your confirmation.</p>",2026-03-31 22:38:35.201992+01,2026-03-31 22:38:35.201992+01
b48bad70-0780-4d74-b85e-7bfd2a8ccdfe,2d4d88ad-141f-475d-96e2-126d5633d462,75b4cb60-734c-449d-9592-d596d1a3b06a,pt,"<p>O Canouan Airport é o aeroporto mais próximo. O hotel disponibiliza um serviço de transporte para o aeroporto.</p><p>No momento do check-in, os hóspedes deverão apresentar um documento de identificação com fotografia e um cartão de crédito.  Por favor, observe que todos os Pedidos Especiais estão sujeitos à disponibilidade e que poderão acarretar custos adicionais.</p><p>Por favor, informe Mandarin Oriental, Canouan antecipadamente sobre o seu horário de chegada. Para isso poderá utilizar a caixa de Pedidos Especiais durante o processo da reserva ou contactar a propriedade diretamente através dos dados para contacto providenciados na sua confirmação.</p>",2026-03-31 22:44:38.401556+01,2026-03-31 22:44:38.401556+01
cd91f479-9568-4a8f-80a3-1fca47670653,52956884-1135-4e89-ad3b-817e830678b0,3b6a8866-5a98-4348-b003-e14761654bfd,en,"<p>This property will not accommodate hen, stag or similar parties.</p><p>A damage deposit of US$25 is required on arrival. This will be collected as a cash payment. You should be reimbursed on check-out. Your deposit will be refunded in full in cash, subject to an inspection of the property.</p>",2026-03-31 22:45:21.057412+01,2026-03-31 22:45:21.057412+01
843f643d-23f5-42aa-a39f-333686f9112b,40d55fa2-4e47-4e00-8d73-da5e41540ced,a39ddf23-89ef-4ee5-90e8-d7883911f379,pt,"<p>No momento do check-in, os hóspedes deverão apresentar um documento de identificação com fotografia e um cartão de crédito.  Por favor, observe que todos os Pedidos Especiais estão sujeitos à disponibilidade e que poderão acarretar custos adicionais.</p><p>Por favor, informe Grace Bay Club antecipadamente sobre o seu horário de chegada. Para isso poderá utilizar a caixa de Pedidos Especiais durante o processo da reserva ou contactar a propriedade diretamente através dos dados para contacto providenciados na sua confirmação.</p><p>Em resposta ao Coronavírus (COVID-19), este alojamento está a tomar medidas de segurança e higienização adicionais.</p>",2026-03-31 22:51:49.049017+01,2026-03-31 22:51:49.049017+01
5525d2b3-b663-4543-9701-2a11488cbf6e,8555c805-4681-4e7b-a016-0515aef26257,d6f44efa-50ce-4931-aab5-dedc3882335a,en,"<p>Please note that the playground will be renovated from September 1, 2025, to September 30, 2025. During this time, the indoor play area will remain open and fully accessible.</p><p>Please inform Cheval Blanc Seychelles in advance of your expected arrival time. You can use the Special Requests box when booking, or contact the property directly with the contact details provided in your confirmation.</p><p>This property will not accommodate hen, stag or similar parties.</p>",2026-03-31 22:52:33.297296+01,2026-03-31 22:52:33.297296+01
359a20b7-1e91-4c53-ad01-407f95eb723c,81b3cb9e-eb48-4f36-922b-932094742ae8,a12f01b4-9e8c-4a25-aeb9-7209ce4b5590,en,"<p>This property will not accommodate hen, stag or similar parties.</p><p>A damage deposit of US$200 is required on arrival. This will be collected as a cash payment. You should be reimbursed on check-out. Your deposit will be refunded in full in cash, subject to an inspection of the property.</p>",2026-03-31 22:53:09.479683+01,2026-03-31 22:53:09.479683+01
98bea677-9c05-4424-a079-cd5e192c86de,e1af625e-159f-4f60-b2ca-d84c47832dae,d6f44efa-50ce-4931-aab5-dedc3882335a,es,"<p>Please note that the playground will be renovated from September 1, 2025, to September 30, 2025. During this time, the indoor play area will remain open and fully accessible.</p><p>Informa a Cheval Blanc Seychelles con antelación de tu hora prevista de llegada. Para ello, puedes utilizar el apartado de peticiones especiales al hacer la reserva o ponerte en contacto directamente con el alojamiento. Los datos de contacto aparecen en la confirmación de la reserva.</p><p>En este alojamiento no se pueden celebrar despedidas de soltero o soltera ni fiestas similares.</p>",2026-03-31 22:53:44.853869+01,2026-03-31 22:53:44.853869+01
4f71556c-ffce-4b63-8de8-891195d40cea,c7f4cf0f-f51b-4a44-a8d7-de7d75667c61,a12f01b4-9e8c-4a25-aeb9-7209ce4b5590,es,<p>En este alojamiento no se pueden celebrar despedidas de soltero o soltera ni fiestas similares.</p><p>Se pedirá un depósito por daños de US$200 a la llegada. Se efectuará en efectivo. Se te devolverá al hacer el check-out. El depósito se devolverá por completo en efectivo una vez revisado el alojamiento.</p>,2026-03-31 22:54:21.034339+01,2026-03-31 22:54:21.034339+01
c8deecca-a78a-4c04-919a-d045aeda962d,de90b8c6-1efe-4137-853c-8488ca226d3d,d6f44efa-50ce-4931-aab5-dedc3882335a,de,"<p>Please note that the playground will be renovated from September 1, 2025, to September 30, 2025. During this time, the indoor play area will remain open and fully accessible.</p><p>Bitte teilen Sie der Unterkunft Cheval Blanc Seychelles Ihre voraussichtliche Ankunftszeit im Voraus mit. Nutzen Sie hierfür bei der Buchung das Feld für besondere Anfragen oder kontaktieren Sie die Unterkunft direkt.</p><p>In dieser Unterkunft sind weder Junggesellen-/Junggesellinnenabschiede noch ähnliche Feiern erlaubt. </p>",2026-03-31 22:54:56.114479+01,2026-03-31 22:54:56.114479+01
d399ef4c-9d58-4dd7-8344-e927d686abcb,3c6b0389-c7c3-47b7-9ba5-2670792c354d,a12f01b4-9e8c-4a25-aeb9-7209ce4b5590,de,"<p>In dieser Unterkunft sind weder Junggesellen-/Junggesellinnenabschiede noch ähnliche Feiern erlaubt. </p><p>Bei der Ankunft ist eine Schadenskaution von US$200 erforderlich. Diese wird in bar hinterlegt. Sie erhalten die Erstattung in der Regel bei Abreise. Die Schadenskaution wird Ihnen in voller Höhe in bar erstattet, nachdem die Unterkunft überprüft wurde und keine Schäden festgestellt wurden.</p>",2026-03-31 22:55:32.682545+01,2026-03-31 22:55:32.682545+01
fea7cc8f-4db2-47ff-b539-93ece716b0cb,645d2df0-5302-4ce3-b08b-53ba9c06fd77,52b59827-d0f0-4f78-9d86-608d8b8c4a5c,fr,<p>Vous devrez présenter une pièce d'identité avec photo et une carte de crédit lors de l'enregistrement. Veuillez noter que toutes les demandes spéciales seront satisfaites sous réserve de disponibilité et pourront entraîner des frais supplémentaires.</p><p>Veuillez informer l'établissement South Bank à l'avance de l'heure à laquelle vous prévoyez d'arriver. Vous pouvez indiquer cette information dans la rubrique « Demandes spéciales » lors de la réservation ou contacter directement l'établissement. Ses coordonnées figurent sur votre confirmation de réservation.</p><p>Les enterrements de vie de célibataire et autres fêtes de ce type sont interdits dans cet établissement.</p>,2026-03-31 22:42:50.128909+01,2026-03-31 22:42:50.128909+01
f31c51e7-fcf9-43c3-8d87-8ab48877e892,1564d078-1efc-4fc5-82b2-5a83df871faf,75b4cb60-734c-449d-9592-d596d1a3b06a,fr,"<p>L'aéroport de Canouan est le plus proche. L'hôtel propose une navette aéroport.</p><p>Vous devrez présenter une pièce d'identité avec photo et une carte de crédit lors de l'enregistrement. Veuillez noter que toutes les demandes spéciales seront satisfaites sous réserve de disponibilité et pourront entraîner des frais supplémentaires.</p><p>Veuillez informer l'établissement Mandarin Oriental, Canouan à l'avance de l'heure à laquelle vous prévoyez d'arriver. Vous pouvez indiquer cette information dans la rubrique « Demandes spéciales » lors de la réservation ou contacter directement l'établissement. Ses coordonnées figurent sur votre confirmation de réservation.</p>",2026-03-31 22:43:25.628258+01,2026-03-31 22:43:25.628258+01
d503a6bb-652e-4643-ba25-66772eff3f6f,615cb819-5a54-4ed4-a3d5-b00ab2a93898,52b59827-d0f0-4f78-9d86-608d8b8c4a5c,pt,"<p>No momento do check-in, os hóspedes deverão apresentar um documento de identificação com fotografia e um cartão de crédito.  Por favor, observe que todos os Pedidos Especiais estão sujeitos à disponibilidade e que poderão acarretar custos adicionais.</p><p>Por favor, informe South Bank antecipadamente sobre o seu horário de chegada. Para isso poderá utilizar a caixa de Pedidos Especiais durante o processo da reserva ou contactar a propriedade diretamente através dos dados para contacto providenciados na sua confirmação.</p><p>Esta propriedade não permite a realização de festas de despedida de solteiros(as) e festas semelhantes.</p>",2026-03-31 22:44:03.505846+01,2026-03-31 22:44:03.505846+01
ab09275f-4bf7-4748-91af-003512ac0198,6cb7c515-d026-4a26-8cb2-4e71c1f9fced,a39ddf23-89ef-4ee5-90e8-d7883911f379,en,"<p>Guests are required to show a photo identification and credit card upon check-in. Please note that all Special Requests are subject to availability and additional charges may apply.</p><p>Please inform Grace Bay Club in advance of your expected arrival time. You can use the Special Requests box when booking, or contact the property directly with the contact details provided in your confirmation.</p><p>In response to Coronavirus (COVID-19), additional safety and sanitation measures are in effect at this property.</p>",2026-03-31 22:45:57.290889+01,2026-03-31 22:45:57.290889+01
8f34422f-7378-4205-b16c-fc4ea795fdec,b0212017-e69e-4dc0-9b6f-ec0602929ce0,3b6a8866-5a98-4348-b003-e14761654bfd,es,<p>En este alojamiento no se pueden celebrar despedidas de soltero o soltera ni fiestas similares.</p><p>Se pedirá un depósito por daños de US$25 a la llegada. Se efectuará en efectivo. Se te devolverá al hacer el check-out. El depósito se devolverá por completo en efectivo una vez revisado el alojamiento.</p>,2026-03-31 22:46:32.083689+01,2026-03-31 22:46:32.083689+01
5c0ca257-01b2-4b01-9b92-42a606297c71,1cd1239d-a2aa-4f33-8ea4-9bfebcf9e0a0,a39ddf23-89ef-4ee5-90e8-d7883911f379,es,"<p>Los huéspedes deberán mostrar un documento de identidad válido y una tarjeta de crédito al realizar el registro de entrada. Ten en cuenta que todas las peticiones especiales están sujetas a disponibilidad y pueden comportar suplementos.</p><p>Informa a Grace Bay Club con antelación de tu hora prevista de llegada. Para ello, puedes utilizar el apartado de peticiones especiales al hacer la reserva o ponerte en contacto directamente con el alojamiento. Los datos de contacto aparecen en la confirmación de la reserva.</p><p>En respuesta al coronavirus (COVID-19), el alojamiento aplica medidas sanitarias y de seguridad adicionales en estos momentos.</p>",2026-03-31 22:47:08.360161+01,2026-03-31 22:47:08.360161+01
e4d74ba1-94b3-499e-924f-9110fb00b951,f09674cc-2d15-4a31-a15c-e2fd58aaab8b,3b6a8866-5a98-4348-b003-e14761654bfd,de,"<p>In dieser Unterkunft sind weder Junggesellen-/Junggesellinnenabschiede noch ähnliche Feiern erlaubt. </p><p>Bei der Ankunft ist eine Schadenskaution von US$25 erforderlich. Diese wird in bar hinterlegt. Sie erhalten die Erstattung in der Regel bei Abreise. Die Schadenskaution wird Ihnen in voller Höhe in bar erstattet, nachdem die Unterkunft überprüft wurde und keine Schäden festgestellt wurden.</p>",2026-03-31 22:47:42.459997+01,2026-03-31 22:47:42.459997+01
7881b15f-a298-46e5-9622-95c201209385,d34c2fec-3e4d-4be0-a572-9c605381ba6e,a39ddf23-89ef-4ee5-90e8-d7883911f379,de,<p>Beim Check-in müssen Sie einen Lichtbildausweis sowie eine Kreditkarte vorlegen. Sonderwünsche unterliegen der Verfügbarkeit und sind gegebenenfalls mit einem Aufpreis verbunden.</p><p>Bitte teilen Sie der Unterkunft Grace Bay Club Ihre voraussichtliche Ankunftszeit im Voraus mit. Nutzen Sie hierfür bei der Buchung das Feld für besondere Anfragen oder kontaktieren Sie die Unterkunft direkt.</p><p>Wegen des Coronavirus (COVID-19) wurden in dieser Unterkunft zusätzliche Sicherheits- und Hygienemaßnahmen unternommen.</p>,2026-03-31 22:48:18.497293+01,2026-03-31 22:48:18.497293+01
7ff77f75-a9c1-4d3f-b997-94ab6db2d604,9ed11e49-e5d9-4e23-b00a-f2c46b88c15e,3b6a8866-5a98-4348-b003-e14761654bfd,it,<p>La struttura non è disponibile per feste di addio al nubilato/celibato o simili.</p><p>È richiesto un deposito cauzionale di US$25 all'arrivo. Dovrai pagarlo in contanti. Dovresti ricevere il rimborso al momento del check-out. Il deposito ti sarà rimborsato per intero in contanti dopo una verifica dello stato dell'alloggio.</p>,2026-03-31 22:48:52.699035+01,2026-03-31 22:48:52.699035+01
dfe1cacd-974a-4cae-88cb-f566a9119c3c,ea63abc3-3b6e-4606-bd21-1b7f999be0d0,a39ddf23-89ef-4ee5-90e8-d7883911f379,it,"<p>Al check-in gli ospiti devono esibire un documento d'identità con foto e una carta di credito. Siete pregati di notare che le Richieste Speciali sono soggette a disponibilità, e potrebbero comportare l'addebito di un supplemento.</p><p>Siete pregati di comunicare in anticipo a Grace Bay Club l'orario in cui prevedete di arrivare. Potrete inserire questa informazione nella sezione Richieste Speciali al momento della prenotazione, o contattare la struttura utilizzando i recapiti riportati nella conferma della prenotazione.</p><p>In risposta al Coronavirus (COVID-19) questa struttura ha adottato misure extra di sicurezza e igiene.</p>",2026-03-31 22:49:33.116567+01,2026-03-31 22:49:33.116567+01
02749724-6bb6-445c-85e5-1614581de139,14232f3d-d538-44f3-ae34-ad5a8ff7cd57,3b6a8866-5a98-4348-b003-e14761654bfd,fr,"<p>Les enterrements de vie de célibataire et autres fêtes de ce type sont interdits dans cet établissement.</p><p>Un dépôt de garantie d'un montant de US$25 est demandé à l'arrivée. Il devra être payé en espèces. Le remboursement devrait être effectué le jour de votre départ. Le dépôt de garantie vous sera entièrement remboursé en espèces, si aucun dommage n'a été constaté par l'établissement.</p>",2026-03-31 22:50:02.665803+01,2026-03-31 22:50:02.665803+01
1be14b21-f477-4a2f-a824-aa7a92c44869,04177696-5c6d-4646-8afb-50d013f94c14,a39ddf23-89ef-4ee5-90e8-d7883911f379,fr,"<p>Vous devrez présenter une pièce d'identité avec photo et une carte de crédit lors de l'enregistrement. Veuillez noter que toutes les demandes spéciales seront satisfaites sous réserve de disponibilité et pourront entraîner des frais supplémentaires.</p><p>Veuillez informer l'établissement Grace Bay Club à l'avance de l'heure à laquelle vous prévoyez d'arriver. Vous pouvez indiquer cette information dans la rubrique « Demandes spéciales » lors de la réservation ou contacter directement l'établissement. Ses coordonnées figurent sur votre confirmation de réservation.</p><p>Dans le cadre de la pandémie de coronavirus (COVID-19), cet établissement applique actuellement des mesures sanitaires supplémentaires.</p>",2026-03-31 22:50:38.885414+01,2026-03-31 22:50:38.885414+01
b5f2f05e-eaea-4d3e-a7c9-5e454e2f4b70,fbf2ca98-55f6-4408-b661-ed7e8c846a22,d6f44efa-50ce-4931-aab5-dedc3882335a,it,"<p>Please note that the playground will be renovated from September 1, 2025, to September 30, 2025. During this time, the indoor play area will remain open and fully accessible.</p><p>Siete pregati di comunicare in anticipo a Cheval Blanc Seychelles l'orario in cui prevedete di arrivare. Potrete inserire questa informazione nella sezione Richieste Speciali al momento della prenotazione, o contattare la struttura utilizzando i recapiti riportati nella conferma della prenotazione.</p><p>La struttura non è disponibile per feste di addio al nubilato/celibato o simili.</p>",2026-03-31 22:56:08.027351+01,2026-03-31 22:56:08.027351+01
3446db7e-8762-4668-b964-a16d6f61a2a5,c9ca4ce1-0775-4929-a156-56e228948492,a12f01b4-9e8c-4a25-aeb9-7209ce4b5590,it,<p>La struttura non è disponibile per feste di addio al nubilato/celibato o simili.</p><p>È richiesto un deposito cauzionale di US$200 all'arrivo. Dovrai pagarlo in contanti. Dovresti ricevere il rimborso al momento del check-out. Il deposito ti sarà rimborsato per intero in contanti dopo una verifica dello stato dell'alloggio.</p>,2026-03-31 22:56:44.03773+01,2026-03-31 22:56:44.03773+01
1819aef4-d8d3-4776-9702-162bb765b262,d498007f-c26e-4b56-8d62-e2e0a657e288,d6f44efa-50ce-4931-aab5-dedc3882335a,fr,"<p>Please note that the playground will be renovated from September 1, 2025, to September 30, 2025. During this time, the indoor play area will remain open and fully accessible.</p><p>Veuillez informer l'établissement Cheval Blanc Seychelles à l'avance de l'heure à laquelle vous prévoyez d'arriver. Vous pouvez indiquer cette information dans la rubrique « Demandes spéciales » lors de la réservation ou contacter directement l'établissement. Ses coordonnées figurent sur votre confirmation de réservation.</p><p>Les enterrements de vie de célibataire et autres fêtes de ce type sont interdits dans cet établissement.</p>",2026-03-31 22:57:19.038101+01,2026-03-31 22:57:19.038101+01
ba3e7365-149a-435b-9681-693532dbccba,315a2e9a-a303-4168-80e5-f99577ac59d7,a12f01b4-9e8c-4a25-aeb9-7209ce4b5590,fr,"<p>Les enterrements de vie de célibataire et autres fêtes de ce type sont interdits dans cet établissement.</p><p>Un dépôt de garantie d'un montant de US$200 est demandé à l'arrivée. Il devra être payé en espèces. Le remboursement devrait être effectué le jour de votre départ. Le dépôt de garantie vous sera entièrement remboursé en espèces, si aucun dommage n'a été constaté par l'établissement.</p>",2026-03-31 22:57:54.375566+01,2026-03-31 22:57:54.375566+01
a3c4dc29-ddfd-409f-b05d-9ceae3fb0504,1c2e90f8-e2f9-4cd4-9c06-a87ad871f52c,d6f44efa-50ce-4931-aab5-dedc3882335a,pt,"<p>Please note that the playground will be renovated from September 1, 2025, to September 30, 2025. During this time, the indoor play area will remain open and fully accessible.</p><p>Por favor, informe Cheval Blanc Seychelles antecipadamente sobre o seu horário de chegada. Para isso poderá utilizar a caixa de Pedidos Especiais durante o processo da reserva ou contactar a propriedade diretamente através dos dados para contacto providenciados na sua confirmação.</p><p>Esta propriedade não permite a realização de festas de despedida de solteiros(as) e festas semelhantes.</p>",2026-03-31 22:58:29.843533+01,2026-03-31 22:58:29.843533+01
78ef6ed9-3eee-459f-a21a-6fc2bbccef72,e5050bba-b4ec-4c56-972e-bd372afb89af,45b28d3a-2441-4760-bfc1-536b26c89d5f,en,"<p>Early check-in and late check-out are subject to availability.</p><p>The costs are as follows:</p><p>Early check-in – €100</p><p>Late check-out until 14:00 – €50</p><p>Late check-out until 18:00 – €100</p><p>Please note that the private beach are with sun loungers are reserved for the guests.</p><p>Please note that quick 1-minute buggy ride to the beach is available for all the guests.</p><p>This property will not accommodate hen, stag or similar parties.</p><p>A damage deposit of € 100 is required on arrival. This will be collected as a cash payment. You should be reimbursed on check-out. Your deposit will be refunded in full in cash, subject to an inspection of the property.</p>",2026-03-31 23:00:26.127811+01,2026-03-31 23:00:26.127811+01
f2833c25-6b61-49e5-925f-b262786f1aed,c33fe792-10d9-4b56-84b2-c5bc8d9b877e,c6ec4579-b585-4ef2-85d2-aa5fcc23e5e4,en,"<p>Based on local tax laws, Uruguayan citizens may be charged value added tax (VAT 10%) from November 15 to the day after Easter. This fee is not automatically calculated in the total costs for the reservation.</p>",2026-03-31 22:59:54.868599+01,2026-03-31 22:59:54.868599+01
b09fc86c-2166-466d-ad30-2596e5b9a72f,3b75a24e-9bd0-4973-99f9-fcc727eb1c16,c6ec4579-b585-4ef2-85d2-aa5fcc23e5e4,es,"<p>De conformidad con las leyes fiscales locales, se podrá cobrar a los ciudadanos uruguayos el impuesto sobre el valor añadido (10% de IVA) desde el 15 de noviembre hasta el día después de la Pascua. Este impuesto no se incluye de forma automática en el importe total de la reserva.</p>",2026-03-31 23:01:01.110207+01,2026-03-31 23:01:01.110207+01
7519f834-e0f8-4b25-a515-7a066650e9c0,6debeea9-ecb3-4944-b0e6-87d0e33ba1fb,45b28d3a-2441-4760-bfc1-536b26c89d5f,es,<p>Early check-in and late check-out are subject to availability.</p><p>The costs are as follows:</p><p>Early check-in – €100</p><p>Late check-out until 14:00 – €50</p><p>Late check-out until 18:00 – €100</p><p>Please note that the private beach are with sun loungers are reserved for the guests.</p><p>Please note that quick 1-minute buggy ride to the beach is available for all the guests.</p><p>En este alojamiento no se pueden celebrar despedidas de soltero o soltera ni fiestas similares.</p><p>Se pedirá un depósito por daños de € 100 a la llegada. Se efectuará en efectivo. Se te devolverá al hacer el check-out. El depósito se devolverá por completo en efectivo una vez revisado el alojamiento.</p>,2026-03-31 23:01:36.261065+01,2026-03-31 23:01:36.261065+01
1a92be41-b0e1-40c3-926e-b57dbe0fa134,6e7dc84c-e714-42dd-bd59-aedeeb1ff231,c6ec4579-b585-4ef2-85d2-aa5fcc23e5e4,de,"<p>Based on local tax laws, Uruguayan citizens may be charged value added tax (VAT 10%) from November 15 to the day after Easter. This fee is not automatically calculated in the total costs for the reservation.</p>",2026-03-31 23:02:11.213477+01,2026-03-31 23:02:11.213477+01
4dff3a01-5c6c-4d60-8495-1d99b21a7f17,662118a3-d8ac-4d96-a5cb-eea866b6cb93,45b28d3a-2441-4760-bfc1-536b26c89d5f,de,"<p>Ein früher Check-in und ein später Check-out unterliegen der Verfügbarkeit.</p><p>Die Kosten betragen:</p><p>100 EUR für einen frühen Check-in</p><p>50 EUR für einen späten Check-out bis 14:00 Uhr</p><p>100 EUR für einen späten Check-out bis 18:00 Uhr</p><p>Bitte beachten Sie, dass der Privatstrand mit Sonnenliegen für die Gäste reserviert ist.</p><p>Bitte beachten Sie, dass Ihnen eine kurze, nur 1-minütige Buggy-Fahrt zum Strand angeboten wird.</p><p>In dieser Unterkunft sind weder Junggesellen-/Junggesellinnenabschiede noch ähnliche Feiern erlaubt. </p><p>Bei der Ankunft ist eine Schadenskaution von € 100 erforderlich. Diese wird in bar hinterlegt. Sie erhalten die Erstattung in der Regel bei Abreise. Die Schadenskaution wird Ihnen in voller Höhe in bar erstattet, nachdem die Unterkunft überprüft wurde und keine Schäden festgestellt wurden.</p>",2026-03-31 23:02:46.50226+01,2026-03-31 23:02:46.50226+01
1bc91ad3-fbe6-4029-b676-c844d13ac960,60c0e06a-212f-465e-bf67-beee42b66546,c6ec4579-b585-4ef2-85d2-aa5fcc23e5e4,it,"<p>Based on local tax laws, Uruguayan citizens may be charged value added tax (VAT 10%) from November 15 to the day after Easter. This fee is not automatically calculated in the total costs for the reservation.</p>",2026-03-31 23:03:21.304589+01,2026-03-31 23:03:21.304589+01
15bc2ded-ddb6-485a-af9d-2936d98b6398,c058c544-5810-4eca-a92e-115bbb887d51,45b28d3a-2441-4760-bfc1-536b26c89d5f,it,<p>Il check-in anticipato e il check-out tardivo sono soggetti a disponibilità.</p><p>I costi sono i seguenti:</p><p>Check-in anticipato: 100 €</p><p>- Check-out posticipato fino alle 14:00: 50 €</p><p>- Check-out posticipato fino alle 18:00: 100 €</p><p>La spiaggia privata con i lettini è riservata agli ospiti.</p><p>La spiaggia può essere raggiunta con un breve tragitto in buggy di 1 minuto.</p><p>La struttura non è disponibile per feste di addio al nubilato/celibato o simili.</p><p>È richiesto un deposito cauzionale di € 100 all'arrivo. Dovrai pagarlo in contanti. Dovresti ricevere il rimborso al momento del check-out. Il deposito ti sarà rimborsato per intero in contanti dopo una verifica dello stato dell'alloggio.</p>,2026-03-31 23:03:57.18021+01,2026-03-31 23:03:57.18021+01
bf4ee2d7-cb64-4ba4-a925-ad772c8d57f4,165cdf1a-9caa-4c15-9774-b6a2811f2850,c6ec4579-b585-4ef2-85d2-aa5fcc23e5e4,fr,"<p>Based on local tax laws, Uruguayan citizens may be charged value added tax (VAT 10%) from November 15 to the day after Easter. This fee is not automatically calculated in the total costs for the reservation.</p>",2026-03-31 23:04:32.29583+01,2026-03-31 23:04:32.29583+01
86665062-21c7-4b3c-861c-01c221f07fdd,ccf06f0b-a0d2-4689-9949-8d7c177bc7e3,45b28d3a-2441-4760-bfc1-536b26c89d5f,fr,"<p>Un enregistrement anticipé et un départ tardif sont possibles, sous réserve de disponibilité.</p><p>Les coûts sont les suivants :</p><p>Enregistrement anticipé : 100 €</p><p>Départ tardif jusqu’à 14h00 : 50 €</p><p>Départ tardif jusqu’à 18h00 : 100 €</p><p>Veuillez noter que la plage privée est pourvue de chaises longues réservées aux clients.</p><p>Veuillez noter que tous les clients peuvent se rendre rapidement à la plage en buggy en 1 minute.</p><p>Les enterrements de vie de célibataire et autres fêtes de ce type sont interdits dans cet établissement.</p><p>Un dépôt de garantie d'un montant de € 100 est demandé à l'arrivée. Il devra être payé en espèces. Le remboursement devrait être effectué le jour de votre départ. Le dépôt de garantie vous sera entièrement remboursé en espèces, si aucun dommage n'a été constaté par l'établissement.</p>",2026-03-31 23:05:11.924742+01,2026-03-31 23:05:11.924742+01
c46aee37-9811-446d-87fb-16f8a6fc9d14,4f7f5a1e-4688-46e3-9768-50f035cfe647,c6ec4579-b585-4ef2-85d2-aa5fcc23e5e4,pt,"<p>Based on local tax laws, Uruguayan citizens may be charged value added tax (VAT 10%) from November 15 to the day after Easter. This fee is not automatically calculated in the total costs for the reservation.</p>",2026-03-31 23:05:42.329982+01,2026-03-31 23:05:42.329982+01
2dfa5508-85f0-4796-ba37-b9882728d662,40917389-3068-4331-9380-d8b7def65099,45b28d3a-2441-4760-bfc1-536b26c89d5f,pt,"<p>Early check-in and late check-out are subject to availability.</p><p>The costs are as follows:</p><p>Early check-in – €100</p><p>Late check-out until 14:00 – €50</p><p>Late check-out until 18:00 – €100</p><p>Please note that the private beach are with sun loungers are reserved for the guests.</p><p>Please note that quick 1-minute buggy ride to the beach is available for all the guests.</p><p>Esta propriedade não permite a realização de festas de despedida de solteiros(as) e festas semelhantes.</p><p>É exigida uma caução de € 100 no momento da chegada. A caução será cobrada como um pagamento em numerário. O reembolso deverá ser feito durante o check-out. A sua caução será reembolsada na totalidade em numerário, após uma inspeção ao alojamento.</p>",2026-03-31 23:06:18.21167+01,2026-03-31 23:06:18.21167+01
06a964c6-183e-40bf-adff-e0ff7fdf5030,22873488-15b8-4b6e-9976-d8dafc60fa53,b37b8482-1d06-4013-a9ef-80c250fd2660,en,"<p>Please note that this property does not offer installment payments.</p><p>Guests are required to show a photo identification and credit card upon check-in. Please note that all Special Requests are subject to availability and additional charges may apply.</p><p>In the event of an early departure, the property will charge you the full amount for your stay.</p><p>Parking is subject to availability due to limited spaces.</p><p>In response to Coronavirus (COVID-19), additional safety and sanitation measures are in effect at this property.</p><p>Due to Coronavirus (COVID-19), this property is taking steps to help protect the safety of guests and staff. Certain services and amenities may be reduced or unavailable as a result.</p><p>Due to Coronavirus (COVID-19), wearing a face mask is mandatory in all indoor common areas.</p><p>Guests need to meet one or more requirements to stay in this property: proof of full Coronavirus (Covid-19) vaccination, a recent valid negative Coronavirus PCR test, or recent proof of Coronavirus recovery.</p>",2026-03-31 23:07:03.300104+01,2026-03-31 23:07:03.300104+01
6e53e854-5d8e-410c-ae19-82698f835b30,b30b1a29-6a85-4c4b-9ef2-222fced0f032,27a284c3-14f8-4d18-82d8-c4de4c3f9c08,en,"<p>Minors under the age of 18 accompanied by parent/documented guardian must provide valid ID or birth certificate.</p><p>Minors under the age of 18 travelling alone or accompanied by an adult other than a parent or documented guardian, must provide a certified letter of consent.</p><p>Please note the remaining amount of the reservation will be charged at check-in.</p><p>Please note that Parking works with rotating spots.</p>",2026-03-31 23:07:38.235653+01,2026-03-31 23:07:38.235653+01
a68559f7-c80b-47b0-9038-bde748e4331a,5d117799-bce4-4b3a-bfeb-c1645fa3010a,b37b8482-1d06-4013-a9ef-80c250fd2660,es,"<p>En este alojamiento no se puede pagar a plazos.</p><p>Los huéspedes deberán mostrar un documento de identidad válido y una tarjeta de crédito al realizar el registro de entrada. Ten en cuenta que todas las peticiones especiales están sujetas a disponibilidad y pueden comportar suplementos.</p><p>En caso de salida anticipada, el alojamiento te cargará el importe total de la estancia.</p><p>El aparcamiento está sujeto a disponibilidad, ya que las plazas son limitadas.</p><p>En respuesta al coronavirus (COVID-19), el alojamiento aplica medidas sanitarias y de seguridad adicionales en estos momentos.</p><p>A causa del coronavirus (COVID-19), este alojamiento está tomando medidas para garantizar la seguridad de los clientes y el personal. Por este motivo, algunos servicios e instalaciones pueden verse limitados o no estar disponibles.</p><p>Debido al coronavirus (COVID-19), es obligatorio llevar mascarilla en todas las zonas comunes interiores.</p><p>Para quedarte en este alojamiento, tienes que cumplir uno o varios de estos requisitos: certificado de vacunación completa contra el coronavirus (COVID-19), un test PCR válido con resultado negativo en coronavirus reciente o un certificado de haber pasado el coronavirus.</p>",2026-03-31 23:08:13.619438+01,2026-03-31 23:08:13.619438+01
1c12bec9-4698-43c9-acdc-b7bde0588693,1da087c3-73ce-4251-8f30-bd7abf0e7338,27a284c3-14f8-4d18-82d8-c4de4c3f9c08,es,<p>Los menores de 18 años que viajen acompañados por uno de sus padres o por su tutor legal deberán aportar un documento de identificación válido o un certificado de nacimiento.</p><p>Los menores de 18 años que viajen solos o acompañados por un adulto que no sea uno de sus padres o tutor legal deberán presentar una carta de autorización certificada.</p><p>El importe restante de la reserva se abona en efectivo al hacer el registro de entrada.</p><p>Las plazas de aparcamiento son por rotación.</p>,2026-03-31 23:08:48.437747+01,2026-03-31 23:08:48.437747+01
153e35db-5877-48a6-84e9-e10b4b2021b3,1bf285cf-9d65-443f-b03f-ff57559e1d18,b37b8482-1d06-4013-a9ef-80c250fd2660,de,"<p>Bitte beachten Sie, dass diese Unterkunft keine Ratenzahlung anbietet.</p><p>Beim Check-in müssen Sie einen Lichtbildausweis sowie eine Kreditkarte vorlegen. Sonderwünsche unterliegen der Verfügbarkeit und sind gegebenenfalls mit einem Aufpreis verbunden.</p><p>Im Falle einer verfrühten Abreise wird Ihnen die Unterkunft den vollen Buchungsbetrag in Rechnung stellen. </p><p>Parkplätze sind begrenzt und unterliegen der Verfügbarkeit.</p><p>Wegen des Coronavirus (COVID-19) wurden in dieser Unterkunft zusätzliche Sicherheits- und Hygienemaßnahmen unternommen.</p><p>Wegen des Coronavirus (COVID-19) hat diese Unterkunft Maßnahmen unternommen, um die Sicherheit der Gäste und des Personals zu gewährleisten. Bestimmte Services und Einrichtungen könnten daher nicht oder nur eingeschränkt zur Verfügung stehen. </p><p>Aufgrund des Coronavirus (COVID-19) ist das Tragen einer Gesichtsmaske in allen Aufenthaltsbereichen in Innenräumen verpflichtend.</p><p>Gäste müssen einen oder mehrere der folgenden Nachweise erbringen, um in der Unterkunft zu übernachten: Nachweis einer vollständigen Impfung gegen das Coronavirus (COVID-19), gültiger negativer PCR-Test auf das Coronavirus oder Nachweis über die Genesung vom Coronavirus.</p>",2026-03-31 23:09:27.565366+01,2026-03-31 23:09:27.565366+01
6e220dbb-fcf3-4d27-9d05-bc75f49743fb,c137dd54-0fc0-4bd4-b4a6-bdde994b0cc3,27a284c3-14f8-4d18-82d8-c4de4c3f9c08,de,"<p>Minderjährige unter 18 Jahren in Begleitung eines Elternteils/Erziehungsberechtigten müssen einen gültigen Personalausweis oder eine Geburtsurkunde vorlegen.</p><p>Minderjährige unter 18 Jahren, die alleine reisen oder in Begleitung eines Erwachsenen, bei dem es sich weder um ein Elternteil noch um einen Erziehungsberechtigten handelt, müssen eine beglaubigte Einverständniserklärung vorlegen.</p><p>Bitte beachten Sie, dass der Restbetrag beim Check-in zu zahlen ist.</p><p>Bitte beachten Sie, dass die Parkplätze nach Verfügbarkeit vergeben werden.</p>",2026-03-31 23:09:57.976517+01,2026-03-31 23:09:57.976517+01
551770fd-7813-47fc-b4d1-a583bab655e9,6805fe90-76ba-4390-845e-9793f8611f3c,b37b8482-1d06-4013-a9ef-80c250fd2660,it,"<p>Please note that this property does not offer installment payments.</p><p>Al check-in gli ospiti devono esibire un documento d'identità con foto e una carta di credito. Siete pregati di notare che le Richieste Speciali sono soggette a disponibilità, e potrebbero comportare l'addebito di un supplemento.</p><p>In caso di partenza anticipata, la struttura addebiterà l'intero importo del soggiorno.</p><p>Il parcheggio non offre molti posti e per questo è soggetto a disponibilità.</p><p>In risposta al Coronavirus (COVID-19) questa struttura ha adottato misure extra di sicurezza e igiene.</p><p>A causa del Coronavirus (COVID-19) questa struttura sta adottando misure per proteggere la salute degli ospiti e dello staff. Pertanto, alcuni servizi potrebbero essere ridotti o non disponibili, così come le dotazioni.</p><p>A causa del Coronavirus (COVID-19) è obbligatorio indossare la mascherina in tutte le aree comuni interne.</p><p>Per soggiornare in questa struttura è necessario mostrare almeno uno dei seguenti documenti: attestato di vaccinazione completa contro il Coronavirus (Covid-19), tampone molecolare recente negativo al Coronavirus, prova recente di avvenuta guarigione dal Covid-19.</p>",2026-03-31 23:10:33.014734+01,2026-03-31 23:10:33.014734+01
0e4b315c-0a53-493f-a590-8da78b58a028,a046b037-8530-43ef-b879-069cea4f40d2,27a284c3-14f8-4d18-82d8-c4de4c3f9c08,it,<p>I minori di 18 anni accompagnati da genitore/tutore autorizzato sono tenuti a fornire un documento d'identità valido o il certificato di nascita.</p><p>I minori di 18 anni che viaggiano da soli o accompagnati da un adulto che non sia un genitore o un tutore autorizzato devono fornire una lettera di consenso autenticata.</p><p>L'intero importo della prenotazione verrà addebitato al momento del check-in.</p><p>Il parcheggio funziona a rotazione.</p>,2026-03-31 23:11:08.180199+01,2026-03-31 23:11:08.180199+01
5546b16d-608c-47ec-baa6-c1e23ad05e12,a6ac0fce-3b5e-4514-8d7d-2d959c5f8802,b37b8482-1d06-4013-a9ef-80c250fd2660,fr,"<p>Veuillez noter que cet établissement ne propose pas de paiements échelonnés.</p><p>Vous devrez présenter une pièce d'identité avec photo et une carte de crédit lors de l'enregistrement. Veuillez noter que toutes les demandes spéciales seront satisfaites sous réserve de disponibilité et pourront entraîner des frais supplémentaires.</p><p>En cas de départ anticipé, l'établissement vous facturera le montant total de votre séjour.</p><p>Les places de parking sont soumises à disponibilité.</p><p>Dans le cadre de la pandémie de coronavirus (COVID-19), cet établissement applique actuellement des mesures sanitaires supplémentaires.</p><p>En raison de la pandémie de coronavirus (COVID-19), cet établissement prend des mesures pour assurer la sécurité de ses clients et de son personnel. Certains services et équipements peuvent donc être réduits ou indisponibles.</p><p>En raison du coronavirus (COVID-19), le port du masque est obligatoire dans toutes les parties communes situées à l'intérieur de l'établissement.</p><p>Pour séjourner dans cet établissement, les voyageurs doivent disposer d'au moins un des documents suivants : un certificat de vaccination complète contre le coronavirus (COVID-19), un test PCR négatif récent ou un justificatif récent de rétablissement.</p>",2026-03-31 23:11:42.992493+01,2026-03-31 23:11:42.992493+01
902f90c7-46c3-43a8-a017-f69019dcefa1,f4f9125c-87db-47ad-8b14-2598cdcc58b8,27a284c3-14f8-4d18-82d8-c4de4c3f9c08,fr,"<p>Les mineurs de moins de 18 ans accompagnés par un parent/tuteur devront fournir une pièce d'identité en cours de validité ou un extrait d'acte de naissance.</p><p>Les mineurs de moins de 18 ans voyageant seuls ou accompagnés par un adulte, autre qu'un parent ou un tuteur, devront fournir une lettre de consentement certifiée.</p><p>Le montant restant dû vous sera facturé à l'enregistrement.</p><p>Veuillez noter que le parking fonctionne avec des spots rotatifs.</p>",2026-03-31 23:12:17.966229+01,2026-03-31 23:12:17.966229+01
18083d7d-0312-4bd8-ba09-6130594c43be,22ddffdb-8ad6-48a9-bb37-b0f6b98ae936,b37b8482-1d06-4013-a9ef-80c250fd2660,pt,"<p>Por favor, note que esta propriedade não permite pagamentos em prestações.</p><p>No momento do check-in, os hóspedes deverão apresentar um documento de identificação com fotografia e um cartão de crédito.  Por favor, observe que todos os Pedidos Especiais estão sujeitos à disponibilidade e que poderão acarretar custos adicionais.</p><p>Em caso de partida antecipada, a propriedade cobrará o valor total da sua estadia.</p><p>O estacionamento está sujeito à disponibilidade pois os lugares são limitados.</p><p>Em resposta ao Coronavírus (COVID-19), este alojamento está a tomar medidas de segurança e higienização adicionais.</p><p>Devido ao Coronavírus (COVID-19), este alojamento está a tomar precauções adicionais para proteger os seus hóspedes e funcionários. Consequentemente, alguns serviços e comodidades poderão estar reduzidos ou indisponíveis.</p><p>Devido ao Coronavírus (COVID-19), o uso de máscara é obrigatório em todas as áreas comuns interiores.</p><p>Os hóspedes têm de cumprir com, pelo menos, um requisito para se hospedarem neste alojamento: certificado de vacinação completa contra o Coronavírus (COVID-19), teste PCR recente e válido com resultado negativo, ou certificado de recuperação recente do Coronavírus (COVID-19).</p>",2026-03-31 23:12:53.195682+01,2026-03-31 23:12:53.195682+01
cb10277f-8f3e-4576-a117-b81d988ac235,94c22e67-4787-4de8-abd5-27f82d7f2a61,27a284c3-14f8-4d18-82d8-c4de4c3f9c08,pt,<p>Os hóspedes com menos de 18 anos acompanhados pelos pais / tutor oficial têm de fornecer um documento de identificação válido ou a certidão de nascimento.</p><p>Os hóspedes com menos de 18 anos que viajam sozinhos ou acompanhados por um adulto que não seja um dos pais ou o responsável documentado têm de fornecer uma carta de consentimento autenticada.</p><p>O valor remanescente da reserva será cobrado no check-in.</p><p>O estacionamento funciona com lugares rotativos.</p>,2026-03-31 23:13:28.358302+01,2026-03-31 23:13:28.358302+01
0aec528f-3e1a-4808-aa01-561aca053770,797cde1c-c8b8-4428-9f38-ec081dd42e80,75e40530-0abb-4d0f-9426-f5b91acce472,en,"<p>Please inform Manaus Hotéis Millennium in advance of your expected arrival time. You can use the Special Requests box when booking, or contact the property directly with the contact details provided in your confirmation.</p><p>In response to Coronavirus (COVID-19), additional safety and sanitation measures are in effect at this property.</p><p>Due to Coronavirus (COVID-19), this property is taking steps to help protect the safety of guests and staff. Certain services and amenities may be reduced or unavailable as a result.</p>",2026-03-31 23:14:11.090351+01,2026-03-31 23:14:11.090351+01
7ac38842-945e-4da5-85bc-2e8b1ae5b762,361b99cc-0ca2-4ef0-a573-ec2cbeefd560,75e40530-0abb-4d0f-9426-f5b91acce472,es,"<p>Informa a Manaus Hotéis Millennium con antelación de tu hora prevista de llegada. Para ello, puedes utilizar el apartado de peticiones especiales al hacer la reserva o ponerte en contacto directamente con el alojamiento. Los datos de contacto aparecen en la confirmación de la reserva.</p><p>En respuesta al coronavirus (COVID-19), el alojamiento aplica medidas sanitarias y de seguridad adicionales en estos momentos.</p><p>A causa del coronavirus (COVID-19), este alojamiento está tomando medidas para garantizar la seguridad de los clientes y el personal. Por este motivo, algunos servicios e instalaciones pueden verse limitados o no estar disponibles.</p>",2026-03-31 23:15:01.970878+01,2026-03-31 23:15:01.970878+01
15a753f8-d777-43ac-9b0d-25a568b936f4,ae9b9453-ceef-415d-b28d-a83dc1cd6841,75e40530-0abb-4d0f-9426-f5b91acce472,de,"<p>Bitte teilen Sie der Unterkunft Manaus Hotéis Millennium Ihre voraussichtliche Ankunftszeit im Voraus mit. Nutzen Sie hierfür bei der Buchung das Feld für besondere Anfragen oder kontaktieren Sie die Unterkunft direkt.</p><p>Wegen des Coronavirus (COVID-19) wurden in dieser Unterkunft zusätzliche Sicherheits- und Hygienemaßnahmen unternommen.</p><p>Wegen des Coronavirus (COVID-19) hat diese Unterkunft Maßnahmen unternommen, um die Sicherheit der Gäste und des Personals zu gewährleisten. Bestimmte Services und Einrichtungen könnten daher nicht oder nur eingeschränkt zur Verfügung stehen. </p>",2026-03-31 23:15:50.616125+01,2026-03-31 23:15:50.616125+01
4a596617-32bd-4719-827d-9f70f81db53e,ac023065-6c7f-4c9e-8a10-076c7a879c0a,75e40530-0abb-4d0f-9426-f5b91acce472,it,"<p>Siete pregati di comunicare in anticipo a Manaus Hotéis Millennium l'orario in cui prevedete di arrivare. Potrete inserire questa informazione nella sezione Richieste Speciali al momento della prenotazione, o contattare la struttura utilizzando i recapiti riportati nella conferma della prenotazione.</p><p>In risposta al Coronavirus (COVID-19) questa struttura ha adottato misure extra di sicurezza e igiene.</p><p>A causa del Coronavirus (COVID-19) questa struttura sta adottando misure per proteggere la salute degli ospiti e dello staff. Pertanto, alcuni servizi potrebbero essere ridotti o non disponibili, così come le dotazioni.</p>",2026-03-31 23:16:35.382364+01,2026-03-31 23:16:35.382364+01
9366ba2d-52e1-49c7-87fb-213ac8dad350,63bcd180-9b7d-4048-aa23-48f63d3cde89,75e40530-0abb-4d0f-9426-f5b91acce472,fr,"<p>Veuillez informer l'établissement Manaus Hotéis Millennium à l'avance de l'heure à laquelle vous prévoyez d'arriver. Vous pouvez indiquer cette information dans la rubrique « Demandes spéciales » lors de la réservation ou contacter directement l'établissement. Ses coordonnées figurent sur votre confirmation de réservation.</p><p>Dans le cadre de la pandémie de coronavirus (COVID-19), cet établissement applique actuellement des mesures sanitaires supplémentaires.</p><p>En raison de la pandémie de coronavirus (COVID-19), cet établissement prend des mesures pour assurer la sécurité de ses clients et de son personnel. Certains services et équipements peuvent donc être réduits ou indisponibles.</p>",2026-03-31 23:17:22.100978+01,2026-03-31 23:17:22.100978+01
16c234f2-9a36-42cb-93c9-3a5784ab9387,f2f45117-2be7-48c7-99d2-2a34bae7ba76,75e40530-0abb-4d0f-9426-f5b91acce472,pt,"<p>Por favor, informe Manaus Hotéis Millennium antecipadamente sobre o seu horário de chegada. Para isso poderá utilizar a caixa de Pedidos Especiais durante o processo da reserva ou contactar a propriedade diretamente através dos dados para contacto providenciados na sua confirmação.</p><p>Em resposta ao Coronavírus (COVID-19), este alojamento está a tomar medidas de segurança e higienização adicionais.</p><p>Devido ao Coronavírus (COVID-19), este alojamento está a tomar precauções adicionais para proteger os seus hóspedes e funcionários. Consequentemente, alguns serviços e comodidades poderão estar reduzidos ou indisponíveis.</p>",2026-03-31 23:18:11.638026+01,2026-03-31 23:18:11.638026+01
