id,hotel_id,url_id,language,policy_name,policy_details,created_at
1,53177eb2-2d05-44f1-b758-768e9d04ccd3,cb0374d4-6ee7-4070-8700-00d975432e9f,en,House rules,"Niyama Private Islands Maldives takes special requests - add in the next step! See availability Check-in From 14:00 Guests are required to show a photo identification and credit card upon check-in You'll need to let the property know in advance what time you'll arrive. Check-out Until 12:00 Cancellation/ prepayment Cancellation and prepayment policies vary according to accommodation type. Please enter the dates of your stay and check the conditions of your required option. Children and beds Child policies Children of any age are welcome. To see correct prices and occupancy information, please add the number of children in your group and their ages to your search. Cot and extra bed policies 0 - 3 years Cot upon request Free 12+ years Extra bed upon request US$261 per person, per night Prices for cots and extra beds are not included in the total price, and will have to be paid for separately during your stay. The number of extra beds and cots allowed is dependent on the option you choose. Please check your selected option for more information. All cots and extra beds are subject to availability. No age restriction There is no age requirement for check-in Pets Pets are not allowed. Accepted payment methods Cash",2026-03-24 23:17:15.171867+00
2,b586660e-53f2-45d6-8011-9f3ff4bfa79b,8d5906d2-e735-423a-86a4-667e46b76189,en,House rules,"Centara Grand Lagoon Maldives - Free Round Trip Speedboat when stay 4 nights or more between 17 April - 15 October 2026 takes special requests - add in the next step! See availability Check-in From 15:00 Check-out Until 12:00 Cancellation/ prepayment Cancellation and prepayment policies vary according to accommodation type. Please enter the dates of your stay and check the conditions of your required option. Children and beds Child policies Children of any age are welcome. To see correct prices and occupancy information, please add the number of children in your group and their ages to your search. Cot and extra bed policies Cots and extra beds are not available at this property. No age restriction There is no age requirement for check-in Pets Pets are not allowed. Cards accepted at this property Cash is not accepted Parties Parties/events are not allowed",2026-03-24 23:20:08.533687+00
3,e4993e8b-b4f8-486d-830d-e07876843aa9,cb0374d4-6ee7-4070-8700-00d975432e9f,es,Normas de la casa,"Niyama Private Islands Maldives acepta peticiones especiales. ¡Añádelas en el siguiente paso! Ver disponibilidad Entrada Desde las 14:00 Los clientes deben mostrar un documento de identidad con fotografía y una tarjeta de crédito en el momento de hacer el check-in Tienes que decirle al alojamiento con antelación a qué hora vas a llegar. Salida Hasta las 12:00 Cancelación /  prepago Las condiciones de cancelación y de pago por adelantado pueden variar según el tipo de alojamiento. Introduce las fechas de tu estancia y consulta las condiciones de la opción que quieres reservar. Camas para niños Condiciones para estancias con niños Se pueden alojar niños de cualquier edad. Para ver la información correcta sobre precios y ocupación, añade a la búsqueda el número de niños con los que viajas y sus edades. Condiciones sobre cunas y camas supletorias 0 - 3 años Cuna a petición Gratis Más de 12 años Cama supletoria a petición US$261 por persona y noche El precio de las cunas y las camas supletorias no está incluido en el precio total y se tiene que pagar por separado durante la estancia. El número de camas supletorias y cunas permitido depende de la opción que escojas. Consulta la opción que has escogido para saber más. Todas las cunas y camas supletorias están sujetas a disponibilidad. No hay restricción por edad No hay edad mínima para el check-in Mascotas No se admiten. Métodos de pago aceptados Efectivo",2026-03-24 23:21:34.024141+00
4,c77f0008-a3d3-4ce3-a59c-fc0b59d53741,8d5906d2-e735-423a-86a4-667e46b76189,es,Normas de la casa,"Centara Grand Lagoon Maldives - Free Round Trip Speedboat when stay 4 nights or more between 17 April - 15 October 2026 acepta peticiones especiales. ¡Añádelas en el siguiente paso! Ver disponibilidad Entrada Desde las 15:00 Salida Hasta las 12:00 Cancelación /  prepago Las condiciones de cancelación y de pago por adelantado pueden variar según el tipo de alojamiento. Introduce las fechas de tu estancia y consulta las condiciones de la opción que quieres reservar. Camas para niños Condiciones para estancias con niños Se pueden alojar niños de cualquier edad. Para ver la información correcta sobre precios y ocupación, añade a la búsqueda el número de niños con los que viajas y sus edades. Condiciones sobre cunas y camas supletorias En este alojamiento no hay cunas ni camas supletorias. No hay restricción por edad No hay edad mínima para el check-in Mascotas No se admiten. Tarjetas aceptadas en este alojamiento No se acepta efectivo Fiestas No se pueden celebrar fiestas/eventos",2026-03-24 23:22:50.829297+00
5,81a8632a-a155-4e6d-b7f7-748ad4b45967,cb0374d4-6ee7-4070-8700-00d975432e9f,de,Hausregeln,"Die Unterkunft Niyama Private Islands Maldives nimmt besondere Anfragen an – im nächsten Schritt hinzufügen! Verfügbarkeit anzeigen Anreise Ab 14:00 Gäste müssen einen Lichtbildausweis und eine Kreditkarte beim Check-in vorlegen Bitte informieren Sie die Unterkunft im Voraus über Ihre Ankunftszeit. Abreise Bis 12:00 Stornierung/ Vorauszahlung Die Stornierungs- und Vorauszahlungsrichtlinien ändern sich je nach Unterkunftskategorie. Bitte geben Sie Ihre Reisedaten ein und überprüfen Sie die Bedingungen Ihrer gewählten Option. Kinder und Betten Richtlinien für Kinder Kinder jeden Alters sind willkommen. Fügen Sie Ihrer Suche bitte die Anzahl der Kinder in Ihrer Gruppe und deren Alter hinzu, um die korrekten Preise und Belegungsinformationen zu sehen. Richtlinien zu Baby- und Zustellbetten 0 - 3 Jahre Babybett auf Anfrage Kostenfrei über 12 Jahre Zustellbett auf Anfrage US$261 pro Person, pro Nacht Preise für Baby- und Zustellbetten sind nicht im Gesamtpreis enthalten und müssen separat während Ihres Aufenthaltes bezahlt werden. Die Anzahl an Zustell- und Babybetten ist von der von Ihnen gewählten Option abhängig. Bitte prüfen Sie Ihre ausgewählte Option für mehr Informationen. Alle Babybetten und Zustellbetten unterliegen der Verfügbarkeit. Keine Altersbeschränkung Es gibt keine Altersbeschränkung für den Check-in. Haustiere Haustiere sind nicht gestattet. Akzeptierte Zahlungsmethoden Barzahlung",2026-03-24 23:24:08.998396+00
6,19e40d8d-43c3-43b7-95d0-23b9fef34cee,8d5906d2-e735-423a-86a4-667e46b76189,de,Hausregeln,"Die Unterkunft Centara Grand Lagoon Maldives - Free Round Trip Speedboat when stay 4 nights or more between 17 April - 15 October 2026 nimmt besondere Anfragen an – im nächsten Schritt hinzufügen! Verfügbarkeit anzeigen Anreise Ab 15:00 Abreise Bis 12:00 Stornierung/ Vorauszahlung Die Stornierungs- und Vorauszahlungsrichtlinien ändern sich je nach Unterkunftskategorie. Bitte geben Sie Ihre Reisedaten ein und überprüfen Sie die Bedingungen Ihrer gewählten Option. Kinder und Betten Richtlinien für Kinder Kinder jeden Alters sind willkommen. Fügen Sie Ihrer Suche bitte die Anzahl der Kinder in Ihrer Gruppe und deren Alter hinzu, um die korrekten Preise und Belegungsinformationen zu sehen. Richtlinien zu Baby- und Zustellbetten Baby- und Zustellbetten sind in dieser Unterkunft nicht verfügbar. Keine Altersbeschränkung Es gibt keine Altersbeschränkung für den Check-in. Haustiere Haustiere sind nicht gestattet. In dieser Unterkunft werden folgende Karten akzeptiert Barzahlung nicht akzeptiert Partys Partys/Veranstaltungen sind nicht erlaubt.",2026-03-24 23:25:41.795627+00
7,b45cfa31-7b74-4b07-ab09-030f34776586,cb0374d4-6ee7-4070-8700-00d975432e9f,it,Regole della struttura,"Niyama Private Islands Maldives accetta le richieste speciali. Aggiungile nel prossimo passaggio! Vedi disponibilità Arrivo Dalle 14:00 Al check-in gli ospiti devono esibire un documento di riconoscimento con foto e una carta di credito. Dovrai comunicare in anticipo alla struttura il tuo orario di arrivo. Partenza Alle 12:00 Cancellazione / Pagamento anticipato Le condizioni relative alla cancellazione e al pagamento anticipato variano a seconda della tipologia di alloggio. Inserisci le date del soggiorno e verifica le condizioni dell'opzione scelta. Bambini e letti Condizioni per i bambini I bambini di tutte le età sono i benvenuti. Per vedere informazioni corrette relativamente a prezzi e occupazione, aggiungi alla ricerca il numero e l'età dei bambini che soggiorneranno. Condizioni per culle e letti aggiuntivi 0 - 3 anni Culla su richiesta Gratis 12 anni e oltre Letto supplementare su richiesta US$261 per persona, a notte Il prezzo delle culle e dei letti supplementari non è incluso nell'importo totale e dovrà essere pagato separatamente durante il soggiorno. Il numero di culle e letti supplementari ammessi dipende dall'opzione che scegli. Controlla quella che hai selezionato per maggiori informazioni. Le culle e i letti supplementari sono soggetti a disponibilità. Nessuna età minima Non è richiesta un'età minima per fare il check-in. Animali Animali non ammessi. Metodi di pagamento accettati Contanti",2026-03-24 23:26:59.353545+00
8,c4a77d61-b926-44da-8b6a-60490b3b5a27,8d5906d2-e735-423a-86a4-667e46b76189,it,Regole della struttura,"Centara Grand Lagoon Maldives - Free Round Trip Speedboat when stay 4 nights or more between 17 April - 15 October 2026 accetta le richieste speciali. Aggiungile nel prossimo passaggio! Vedi disponibilità Arrivo Dalle 15:00 Partenza Alle 12:00 Cancellazione / Pagamento anticipato Le condizioni relative alla cancellazione e al pagamento anticipato variano a seconda della tipologia di alloggio. Inserisci le date del soggiorno e verifica le condizioni dell'opzione scelta. Bambini e letti Condizioni per i bambini I bambini di tutte le età sono i benvenuti. Per vedere informazioni corrette relativamente a prezzi e occupazione, aggiungi alla ricerca il numero e l'età dei bambini che soggiorneranno. Condizioni per culle e letti aggiuntivi In questa struttura non c'è disponibilità di culle e letti supplementari. Nessuna età minima Non è richiesta un'età minima per fare il check-in. Animali Animali non ammessi. Carte di credito accettate presso la struttura Non si accettano contanti Feste Non è permesso organizzare feste/eventi.",2026-03-24 23:28:16.242853+00
9,2462c707-1e62-403c-8376-fca2efde107c,e13251f2-43b4-4527-9899-d08f7098475e,en,House rules,"Mandarin Oriental, Canouan takes special requests - add in the next step! See availability Check-in From 15:00 Guests are required to show a photo identification and credit card upon check-in You'll need to let the property know in advance what time you'll arrive. Check-out Until 12:00 Cancellation/ prepayment Cancellation and prepayment policies vary according to accommodation type. Please enter the dates of your stay and check the conditions of your required option. Children and beds Child policies Children of any age are welcome. Children 12 years and above will be charged as adults at this property. To see correct prices and occupancy information, please add the number of children in your group and their ages to your search. Cot and extra bed policies Cots and extra beds are not available at this property. No age restriction There is no age requirement for check-in Pets Pets are not allowed. Accepted payment methods Cash",2026-03-24 23:31:08.950357+00
13,2d404f61-f1b3-4237-b3c0-313253cb5fe7,e13251f2-43b4-4527-9899-d08f7098475e,de,Hausregeln,"Die Unterkunft Mandarin Oriental, Canouan nimmt besondere Anfragen an – im nächsten Schritt hinzufügen! Verfügbarkeit anzeigen Anreise Ab 15:00 Gäste müssen einen Lichtbildausweis und eine Kreditkarte beim Check-in vorlegen Bitte informieren Sie die Unterkunft im Voraus über Ihre Ankunftszeit. Abreise Bis 12:00 Stornierung/ Vorauszahlung Die Stornierungs- und Vorauszahlungsrichtlinien ändern sich je nach Unterkunftskategorie. Bitte geben Sie Ihre Reisedaten ein und überprüfen Sie die Bedingungen Ihrer gewählten Option. Kinder und Betten Richtlinien für Kinder Kinder jeden Alters sind willkommen. Kinder im Alter von 12 Jahren oder älter zahlen in dieser Unterkunft den Erwachsenenpreis. Fügen Sie Ihrer Suche bitte die Anzahl der Kinder in Ihrer Gruppe und deren Alter hinzu, um die korrekten Preise und Belegungsinformationen zu sehen. Richtlinien zu Baby- und Zustellbetten Baby- und Zustellbetten sind in dieser Unterkunft nicht verfügbar. Keine Altersbeschränkung Es gibt keine Altersbeschränkung für den Check-in. Haustiere Haustiere sind nicht gestattet. Akzeptierte Zahlungsmethoden Barzahlung",2026-03-24 23:37:59.952869+00
18,00e2c5b6-815c-4998-904b-98896cf4fee9,8fa3b5f5-c98c-44e9-a79e-19684ec687b0,en,House rules,"The Island Garden Hotel takes special requests - add in the next step! See availability Check-in From 15:00 to 18:00 Check-out From 08:00 to 11:00 Cancellation/ prepayment Cancellation and prepayment policies vary according to accommodation type. Please enter the dates of your stay and check the conditions of your required option. Refundable damage deposit A damage deposit of US$25 is required on arrival. That's about € 21. This will be collected as a cash payment. You should be reimbursed on check-out. Your deposit will be refunded in full in cash, subject to an inspection of the property. Children and beds Child policies Children of any age are welcome. To see correct prices and occupancy information, please add the number of children in your group and their ages to your search. Cot and extra bed policies Cots and extra beds are not available at this property. No age restriction There is no age requirement for check-in Pets Pets are not allowed. Accepted payment methods Cash Parties Parties/events are not allowed",2026-03-24 23:48:03.40095+00
19,c26db51f-4088-4e51-8c25-30d6e3c3a428,e1807322-42e3-4fa8-915b-428f6f0f9bf6,es,Normas de la casa,"Grace Bay Club acepta peticiones especiales. ¡Añádelas en el siguiente paso! Ver disponibilidad Entrada Desde las 15:00 Los clientes deben mostrar un documento de identidad con fotografía y una tarjeta de crédito en el momento de hacer el check-in Tienes que decirle al alojamiento con antelación a qué hora vas a llegar. Salida Hasta las 11:00 Cancelación /  prepago Las condiciones de cancelación y de pago por adelantado pueden variar según el tipo de alojamiento. Introduce las fechas de tu estancia y consulta las condiciones de la opción que quieres reservar. Camas para niños Condiciones para estancias con niños Se pueden alojar niños de cualquier edad. Los niños a partir de 18 años pagan como adultos en este alojamiento. Para ver la información correcta sobre precios y ocupación, añade a la búsqueda el número de niños con los que viajas y sus edades. Condiciones sobre cunas y camas supletorias 0 - 2 años Cama supletoria a petición Gratis Cuna a petición Gratis Más de 3 años Cama supletoria a petición Gratis El número de camas supletorias y cunas permitido depende de la opción que escojas. Consulta la opción que has escogido para saber más. Todas las cunas y camas supletorias están sujetas a disponibilidad. No hay restricción por edad No hay edad mínima para el check-in Mascotas No se admiten. Métodos de pago aceptados Efectivo",2026-03-24 23:49:22.003081+00
10,4fb8c012-26dc-41e2-a608-23909b09e0bb,e4f44b82-79f0-49b7-8ae1-93bbe578bbcc,en,House rules,"South Bank takes special requests - add in the next step! See availability Check-in From 15:00 Guests are required to show a photo identification and credit card upon check-in You'll need to let the property know in advance what time you'll arrive. Check-out Until 11:00 Cancellation/ prepayment Cancellation and prepayment policies vary according to accommodation type. Please enter the dates of your stay and check the conditions of your required option. Children and beds Child policies Children of any age are welcome. Children 18 years and above will be charged as adults at this property. To see correct prices and occupancy information, please add the number of children in your group and their ages to your search. Cot and extra bed policies 0 - 2 years Cot upon request Free The number of cots allowed is dependent on the option you choose. Please check your selected option for more information. There are no extra beds available at this property. All cots are subject to availability. Age restriction The minimum age for check-in is 21 Pets Pets are not allowed. Accepted payment methods Cash Parties Parties/events are not allowed",2026-03-24 23:34:05.722337+00
11,dc8d25d9-a4f9-4ca1-8d38-cc1950c9b765,e13251f2-43b4-4527-9899-d08f7098475e,es,Normas de la casa,"Mandarin Oriental, Canouan acepta peticiones especiales. ¡Añádelas en el siguiente paso! Ver disponibilidad Entrada Desde las 15:00 Los clientes deben mostrar un documento de identidad con fotografía y una tarjeta de crédito en el momento de hacer el check-in Tienes que decirle al alojamiento con antelación a qué hora vas a llegar. Salida Hasta las 12:00 Cancelación /  prepago Las condiciones de cancelación y de pago por adelantado pueden variar según el tipo de alojamiento. Introduce las fechas de tu estancia y consulta las condiciones de la opción que quieres reservar. Camas para niños Condiciones para estancias con niños Se pueden alojar niños de cualquier edad. Los niños a partir de 12 años pagan como adultos en este alojamiento. Para ver la información correcta sobre precios y ocupación, añade a la búsqueda el número de niños con los que viajas y sus edades. Condiciones sobre cunas y camas supletorias En este alojamiento no hay cunas ni camas supletorias. No hay restricción por edad No hay edad mínima para el check-in Mascotas No se admiten. Métodos de pago aceptados Efectivo",2026-03-24 23:35:22.340974+00
14,1ffca025-a7ba-4546-a996-cbbc44596adb,e4f44b82-79f0-49b7-8ae1-93bbe578bbcc,de,Hausregeln,"Die Unterkunft South Bank nimmt besondere Anfragen an – im nächsten Schritt hinzufügen! Verfügbarkeit anzeigen Anreise Ab 15:00 Gäste müssen einen Lichtbildausweis und eine Kreditkarte beim Check-in vorlegen Bitte informieren Sie die Unterkunft im Voraus über Ihre Ankunftszeit. Abreise Bis 11:00 Stornierung/ Vorauszahlung Die Stornierungs- und Vorauszahlungsrichtlinien ändern sich je nach Unterkunftskategorie. Bitte geben Sie Ihre Reisedaten ein und überprüfen Sie die Bedingungen Ihrer gewählten Option. Kinder und Betten Richtlinien für Kinder Kinder jeden Alters sind willkommen. Kinder im Alter von 18 Jahren oder älter zahlen in dieser Unterkunft den Erwachsenenpreis. Fügen Sie Ihrer Suche bitte die Anzahl der Kinder in Ihrer Gruppe und deren Alter hinzu, um die korrekten Preise und Belegungsinformationen zu sehen. Richtlinien zu Baby- und Zustellbetten 0 - 2 Jahre Babybett auf Anfrage Kostenfrei Die Anzahl an Babybetten ist von der von Ihnen gewählten Option abhängig. Bitte prüfen Sie Ihre ausgewählte Option für mehr Informationen. Zustellbetten sind in dieser Unterkunft nicht verfügbar. Alle Babybetten unterliegen der Verfügbarkeit. Altersbeschränkung Das Mindestalter für den Check-in beträgt 21 Jahre Haustiere Haustiere sind nicht gestattet. Akzeptierte Zahlungsmethoden Barzahlung Partys Partys/Veranstaltungen sind nicht erlaubt.",2026-03-24 23:39:41.650853+00
21,c769a08f-a866-4d67-ba4d-68c679cb3537,e1807322-42e3-4fa8-915b-428f6f0f9bf6,de,Hausregeln,"Die Unterkunft Grace Bay Club nimmt besondere Anfragen an – im nächsten Schritt hinzufügen! Verfügbarkeit anzeigen Anreise Ab 15:00 Gäste müssen einen Lichtbildausweis und eine Kreditkarte beim Check-in vorlegen Bitte informieren Sie die Unterkunft im Voraus über Ihre Ankunftszeit. Abreise Bis 11:00 Stornierung/ Vorauszahlung Die Stornierungs- und Vorauszahlungsrichtlinien ändern sich je nach Unterkunftskategorie. Bitte geben Sie Ihre Reisedaten ein und überprüfen Sie die Bedingungen Ihrer gewählten Option. Kinder und Betten Richtlinien für Kinder Kinder jeden Alters sind willkommen. Kinder im Alter von 18 Jahren oder älter zahlen in dieser Unterkunft den Erwachsenenpreis. Fügen Sie Ihrer Suche bitte die Anzahl der Kinder in Ihrer Gruppe und deren Alter hinzu, um die korrekten Preise und Belegungsinformationen zu sehen. Richtlinien zu Baby- und Zustellbetten 0 - 2 Jahre Zustellbett auf Anfrage Kostenfrei Babybett auf Anfrage Kostenfrei über 3 Jahre Zustellbett auf Anfrage Kostenfrei Die Anzahl an Zustell- und Babybetten ist von der von Ihnen gewählten Option abhängig. Bitte prüfen Sie Ihre ausgewählte Option für mehr Informationen. Alle Babybetten und Zustellbetten unterliegen der Verfügbarkeit. Keine Altersbeschränkung Es gibt keine Altersbeschränkung für den Check-in. Haustiere Haustiere sind nicht gestattet. Akzeptierte Zahlungsmethoden Barzahlung",2026-03-24 23:51:58.177765+00
28,b69cfdee-f665-4b70-9af2-2eb088551dc2,474d04af-371b-4cae-96aa-465e9c595e53,es,Normas de la casa,"Cheval Blanc Seychelles acepta peticiones especiales. ¡Añádelas en el siguiente paso! Ver disponibilidad Entrada De las 14:00 a las 0:00 Tienes que decirle al alojamiento con antelación a qué hora vas a llegar. Salida De las 6:00 a las 12:00 Cancelación /  prepago Las condiciones de cancelación y de pago por adelantado pueden variar según el tipo de alojamiento. Introduce las fechas de tu estancia y consulta las condiciones de la opción que quieres reservar. Camas para niños Condiciones para estancias con niños Se pueden alojar niños de cualquier edad. Los niños a partir de 17 años pagan como adultos en este alojamiento. Para ver la información correcta sobre precios y ocupación, añade a la búsqueda el número de niños con los que viajas y sus edades. Condiciones sobre cunas y camas supletorias 0 - 3 años Cuna siempre disponible Gratis 4 - 12 años Cama supletoria a petición € 210 por niño y noche Más de 13 años Cama supletoria a petición € 380 por persona y noche El precio de las cunas y las camas supletorias no está incluido en el precio total y se tiene que pagar por separado durante la estancia. El número de camas supletorias y cunas permitido depende de la opción que escojas. Consulta la opción que has escogido para saber más. Todas las camas supletorias están sujetas a disponibilidad. No hay restricción por edad No hay edad mínima para el check-in Mascotas Se admiten bajo petición. Se pueden aplicar suplementos. Grupos Al reservar más de 2 habitaciones, podrán aplicarse condiciones especiales y suplementos. Tarjetas aceptadas en este alojamiento No se acepta efectivo Fiestas No se pueden celebrar fiestas/eventos",2026-03-25 00:13:02.08483+00
12,4c20570d-da2a-4e7e-af76-bd2957c0bf71,e4f44b82-79f0-49b7-8ae1-93bbe578bbcc,es,Normas de la casa,"South Bank acepta peticiones especiales. ¡Añádelas en el siguiente paso! Ver disponibilidad Entrada Desde las 15:00 Los clientes deben mostrar un documento de identidad con fotografía y una tarjeta de crédito en el momento de hacer el check-in Tienes que decirle al alojamiento con antelación a qué hora vas a llegar. Salida Hasta las 11:00 Cancelación /  prepago Las condiciones de cancelación y de pago por adelantado pueden variar según el tipo de alojamiento. Introduce las fechas de tu estancia y consulta las condiciones de la opción que quieres reservar. Camas para niños Condiciones para estancias con niños Se pueden alojar niños de cualquier edad. Los niños a partir de 18 años pagan como adultos en este alojamiento. Para ver la información correcta sobre precios y ocupación, añade a la búsqueda el número de niños con los que viajas y sus edades. Condiciones sobre cunas y camas supletorias 0 - 2 años Cuna a petición Gratis El número de cunas permitido depende de la opción que escojas. Consulta la opción que has escogido para saber más. No hay camas supletorias disponibles en este alojamiento. Todas las cunas están sujetas a disponibilidad. Restricción por edad Edad mínima para el check-in: 21 Mascotas No se admiten. Métodos de pago aceptados Efectivo Fiestas No se pueden celebrar fiestas/eventos",2026-03-24 23:36:40.205982+00
15,0b019c0d-471e-4b1f-89a0-c220571cd059,e13251f2-43b4-4527-9899-d08f7098475e,it,Regole della struttura,"Mandarin Oriental, Canouan accetta le richieste speciali. Aggiungile nel prossimo passaggio! Vedi disponibilità Arrivo Dalle 15:00 Al check-in gli ospiti devono esibire un documento di riconoscimento con foto e una carta di credito. Dovrai comunicare in anticipo alla struttura il tuo orario di arrivo. Partenza Alle 12:00 Cancellazione / Pagamento anticipato Le condizioni relative alla cancellazione e al pagamento anticipato variano a seconda della tipologia di alloggio. Inserisci le date del soggiorno e verifica le condizioni dell'opzione scelta. Bambini e letti Condizioni per i bambini I bambini di tutte le età sono i benvenuti. I bambini di 12 anni o più pagheranno quanto gli adulti presso questa struttura. Per vedere informazioni corrette relativamente a prezzi e occupazione, aggiungi alla ricerca il numero e l'età dei bambini che soggiorneranno. Condizioni per culle e letti aggiuntivi In questa struttura non c'è disponibilità di culle e letti supplementari. Nessuna età minima Non è richiesta un'età minima per fare il check-in. Animali Animali non ammessi. Metodi di pagamento accettati Contanti",2026-03-24 23:40:59.972889+00
16,7cec3b99-476d-4926-ad88-941db021c992,e4f44b82-79f0-49b7-8ae1-93bbe578bbcc,it,Regole della struttura,"South Bank accetta le richieste speciali. Aggiungile nel prossimo passaggio! Vedi disponibilità Arrivo Dalle 15:00 Al check-in gli ospiti devono esibire un documento di riconoscimento con foto e una carta di credito. Dovrai comunicare in anticipo alla struttura il tuo orario di arrivo. Partenza Alle 11:00 Cancellazione / Pagamento anticipato Le condizioni relative alla cancellazione e al pagamento anticipato variano a seconda della tipologia di alloggio. Inserisci le date del soggiorno e verifica le condizioni dell'opzione scelta. Bambini e letti Condizioni per i bambini I bambini di tutte le età sono i benvenuti. I bambini di 18 anni o più pagheranno quanto gli adulti presso questa struttura. Per vedere informazioni corrette relativamente a prezzi e occupazione, aggiungi alla ricerca il numero e l'età dei bambini che soggiorneranno. Condizioni per culle e letti aggiuntivi 0 - 2 anni Culla su richiesta Gratis Il numero di culle ammesse dipende dall'opzione che scegli. Controlla quella che hai selezionato per maggiori informazioni. In questa struttura non c'è disponibilità di letti supplementari. Le culle sono soggette a disponibilità. Età minima L'età minima per fare il check-in è 21 anni. Animali Animali non ammessi. Metodi di pagamento accettati Contanti Feste Non è permesso organizzare feste/eventi.",2026-03-24 23:42:18.022383+00
17,d67cd41a-c8e8-440d-91c2-f0a0cb00ea07,e1807322-42e3-4fa8-915b-428f6f0f9bf6,en,House rules,"Grace Bay Club takes special requests - add in the next step! See availability Check-in From 15:00 Guests are required to show a photo identification and credit card upon check-in You'll need to let the property know in advance what time you'll arrive. Check-out Until 11:00 Cancellation/ prepayment Cancellation and prepayment policies vary according to accommodation type. Please enter the dates of your stay and check the conditions of your required option. Children and beds Child policies Children of any age are welcome. Children 18 years and above will be charged as adults at this property. To see correct prices and occupancy information, please add the number of children in your group and their ages to your search. Cot and extra bed policies 0 - 2 years Extra bed upon request Free Cot upon request Free 3+ years Extra bed upon request Free The number of extra beds and cots allowed is dependent on the option you choose. Please check your selected option for more information. All cots and extra beds are subject to availability. No age restriction There is no age requirement for check-in Pets Pets are not allowed. Accepted payment methods Cash",2026-03-24 23:45:13.919792+00
20,e2600831-ebf6-43ba-a493-bf1abffd8536,8fa3b5f5-c98c-44e9-a79e-19684ec687b0,es,Normas de la casa,"The Island Garden Hotel acepta peticiones especiales. ¡Añádelas en el siguiente paso! Ver disponibilidad Entrada De las 15:00 a las 18:00 Salida De las 8:00 a las 11:00 Cancelación /  prepago Las condiciones de cancelación y de pago por adelantado pueden variar según el tipo de alojamiento. Introduce las fechas de tu estancia y consulta las condiciones de la opción que quieres reservar. Depósito por daños reembolsable Se pedirá un depósito por daños de US$25 a la llegada. Equivale a € 21 aprox. Se efectuará en efectivo. Se te devolverá al hacer el check-out. El depósito se devolverá por completo en efectivo una vez revisado el alojamiento. Camas para niños Condiciones para estancias con niños Se pueden alojar niños de cualquier edad. Para ver la información correcta sobre precios y ocupación, añade a la búsqueda el número de niños con los que viajas y sus edades. Condiciones sobre cunas y camas supletorias En este alojamiento no hay cunas ni camas supletorias. No hay restricción por edad No hay edad mínima para el check-in Mascotas No se admiten. Métodos de pago aceptados Efectivo Fiestas No se pueden celebrar fiestas/eventos",2026-03-24 23:50:39.793776+00
38,8a54f1a0-1d20-45ce-ac48-a891b14f05f3,b2103b50-cc88-4364-81dd-e3705c470496,de,Hausregeln,"Die Unterkunft Golden Beach Resort & Spa nimmt besondere Anfragen an – im nächsten Schritt hinzufügen! Verfügbarkeit anzeigen Anreise Ab 15:00 Abreise Bis 12:00 Stornierung/ Vorauszahlung Die Stornierungs- und Vorauszahlungsrichtlinien ändern sich je nach Unterkunftskategorie. Bitte geben Sie Ihre Reisedaten ein und überprüfen Sie die Bedingungen Ihrer gewählten Option. Kinder und Betten Richtlinien für Kinder Kinder jeden Alters sind willkommen. Kinder im Alter von 18 Jahren oder älter zahlen in dieser Unterkunft den Erwachsenenpreis. Fügen Sie Ihrer Suche bitte die Anzahl der Kinder in Ihrer Gruppe und deren Alter hinzu, um die korrekten Preise und Belegungsinformationen zu sehen. Richtlinien zu Baby- und Zustellbetten 0 - 3 Jahre Babybett auf Anfrage Kostenfrei Die Anzahl an Babybetten ist von der von Ihnen gewählten Option abhängig. Bitte prüfen Sie Ihre ausgewählte Option für mehr Informationen. Zustellbetten sind in dieser Unterkunft nicht verfügbar. Alle Babybetten unterliegen der Verfügbarkeit. Keine Altersbeschränkung Es gibt keine Altersbeschränkung für den Check-in. Haustiere Haustiere sind auf Anfrage gestattet. Möglicherweise fallen Gebühren an. Akzeptierte Zahlungsmethoden Barzahlung",2026-03-25 00:51:42.97394+00
22,d50fa44e-809d-40e1-9a18-d07dd0a8ad39,8fa3b5f5-c98c-44e9-a79e-19684ec687b0,de,Hausregeln,"Die Unterkunft The Island Garden Hotel nimmt besondere Anfragen an – im nächsten Schritt hinzufügen! Verfügbarkeit anzeigen Anreise Von 15:00 bis 18:00 Uhr Abreise Von 08:00 bis 11:00 Uhr Stornierung/ Vorauszahlung Die Stornierungs- und Vorauszahlungsrichtlinien ändern sich je nach Unterkunftskategorie. Bitte geben Sie Ihre Reisedaten ein und überprüfen Sie die Bedingungen Ihrer gewählten Option. Erstattungsfähige Schadenskaution Bei der Ankunft ist eine Schadenskaution von US$25 erforderlich. Das sind ungefähr € 21. Diese wird in bar hinterlegt. Sie erhalten die Erstattung in der Regel bei Abreise. Die Schadenskaution wird Ihnen in voller Höhe in bar erstattet, nachdem die Unterkunft überprüft wurde und keine Schäden festgestellt wurden. Kinder und Betten Richtlinien für Kinder Kinder jeden Alters sind willkommen. Fügen Sie Ihrer Suche bitte die Anzahl der Kinder in Ihrer Gruppe und deren Alter hinzu, um die korrekten Preise und Belegungsinformationen zu sehen. Richtlinien zu Baby- und Zustellbetten Baby- und Zustellbetten sind in dieser Unterkunft nicht verfügbar. Keine Altersbeschränkung Es gibt keine Altersbeschränkung für den Check-in. Haustiere Haustiere sind nicht gestattet. Akzeptierte Zahlungsmethoden Barzahlung Partys Partys/Veranstaltungen sind nicht erlaubt.",2026-03-24 23:53:30.39426+00
23,cc3990bd-59c3-4401-b763-8fa335259683,e1807322-42e3-4fa8-915b-428f6f0f9bf6,it,Regole della struttura,"Grace Bay Club accetta le richieste speciali. Aggiungile nel prossimo passaggio! Vedi disponibilità Arrivo Dalle 15:00 Al check-in gli ospiti devono esibire un documento di riconoscimento con foto e una carta di credito. Dovrai comunicare in anticipo alla struttura il tuo orario di arrivo. Partenza Alle 11:00 Cancellazione / Pagamento anticipato Le condizioni relative alla cancellazione e al pagamento anticipato variano a seconda della tipologia di alloggio. Inserisci le date del soggiorno e verifica le condizioni dell'opzione scelta. Bambini e letti Condizioni per i bambini I bambini di tutte le età sono i benvenuti. I bambini di 18 anni o più pagheranno quanto gli adulti presso questa struttura. Per vedere informazioni corrette relativamente a prezzi e occupazione, aggiungi alla ricerca il numero e l'età dei bambini che soggiorneranno. Condizioni per culle e letti aggiuntivi 0 - 2 anni Letto supplementare su richiesta Gratis Culla su richiesta Gratis 3 anni e oltre Letto supplementare su richiesta Gratis Il numero di culle e letti supplementari ammessi dipende dall'opzione che scegli. Controlla quella che hai selezionato per maggiori informazioni. Le culle e i letti supplementari sono soggetti a disponibilità. Nessuna età minima Non è richiesta un'età minima per fare il check-in. Animali Animali non ammessi. Metodi di pagamento accettati Contanti",2026-03-24 23:54:50.590034+00
24,96f8fa6c-dad5-45a5-bd20-5bc5f59f6958,8fa3b5f5-c98c-44e9-a79e-19684ec687b0,it,Regole della struttura,"The Island Garden Hotel accetta le richieste speciali. Aggiungile nel prossimo passaggio! Vedi disponibilità Arrivo Dalle 15:00 alle 18:00 Partenza Dalle 08:00 alle 11:00 Cancellazione / Pagamento anticipato Le condizioni relative alla cancellazione e al pagamento anticipato variano a seconda della tipologia di alloggio. Inserisci le date del soggiorno e verifica le condizioni dell'opzione scelta. Deposito cauzionale rimborsabile È richiesto un deposito cauzionale di US$25 all'arrivo. L'importo corrisponde a circa € 21. Dovrai pagarlo in contanti. Dovresti ricevere il rimborso al momento del check-out. Il deposito ti sarà rimborsato per intero in contanti dopo una verifica dello stato dell'alloggio. Bambini e letti Condizioni per i bambini I bambini di tutte le età sono i benvenuti. Per vedere informazioni corrette relativamente a prezzi e occupazione, aggiungi alla ricerca il numero e l'età dei bambini che soggiorneranno. Condizioni per culle e letti aggiuntivi In questa struttura non c'è disponibilità di culle e letti supplementari. Nessuna età minima Non è richiesta un'età minima per fare il check-in. Animali Animali non ammessi. Metodi di pagamento accettati Contanti Feste Non è permesso organizzare feste/eventi.",2026-03-24 23:56:09.895384+00
25,354aebd2-c236-41a5-8a4a-f49ac618009b,0f0397b6-5031-4aaa-961f-18d87e5469b5,en,House rules,"Hôtel Le Roy takes special requests - add in the next step! See availability Check-in From 16:00 to 23:00 Check-out From 07:00 to 12:00 Cancellation/ prepayment Cancellation and prepayment policies vary according to accommodation type. Please enter the dates of your stay and check the conditions of your required option. Refundable damage deposit A damage deposit of US$200 is required on arrival. That's about € 172. This will be collected as a cash payment. You should be reimbursed on check-out. Your deposit will be refunded in full in cash, subject to an inspection of the property. Children and beds Child policies Children of any age are welcome. Children 18 years and above will be charged as adults at this property. To see correct prices and occupancy information, please add the number of children in your group and their ages to your search. Cot and extra bed policies The number of extra beds allowed is dependent on the option you choose. Please check your selected option for more information. There are no cots available at this property. All extra beds are subject to availability. No age restriction There is no age requirement for check-in Pets Pets are not allowed. Cards accepted at this hotel Cash is not accepted Parties Parties/events are not allowed",2026-03-24 23:59:08.207906+00
26,32713580-9d6a-4f2b-8732-5aa658104ef6,0f0397b6-5031-4aaa-961f-18d87e5469b5,es,Normas de la casa,"Hôtel Le Roy acepta peticiones especiales. ¡Añádelas en el siguiente paso! Ver disponibilidad Entrada De las 16:00 a las 23:00 Salida De las 7:00 a las 12:00 Cancelación /  prepago Las condiciones de cancelación y de pago por adelantado pueden variar según el tipo de alojamiento. Introduce las fechas de tu estancia y consulta las condiciones de la opción que quieres reservar. Depósito por daños reembolsable Se pedirá un depósito por daños de US$200 a la llegada. Equivale a € 172 aprox. Se efectuará en efectivo. Se te devolverá al hacer el check-out. El depósito se devolverá por completo en efectivo una vez revisado el alojamiento. Camas para niños Condiciones para estancias con niños Se pueden alojar niños de cualquier edad. Los niños a partir de 18 años pagan como adultos en este alojamiento. Para ver la información correcta sobre precios y ocupación, añade a la búsqueda el número de niños con los que viajas y sus edades. Condiciones sobre cunas y camas supletorias El número de camas supletorias permitido depende de la opción que escojas. Consulta la opción que has escogido para saber más. No hay cunas disponibles en este alojamiento. Todas las camas supletorias están sujetas a disponibilidad. No hay restricción por edad No hay edad mínima para el check-in Mascotas No se admiten. Tarjetas aceptadas en este hotel No se acepta efectivo Fiestas No se pueden celebrar fiestas/eventos",2026-03-25 00:05:18.724255+00
27,5161b705-4474-4ad5-b1b9-6abea6db88c3,0f0397b6-5031-4aaa-961f-18d87e5469b5,de,Hausregeln,"Die Unterkunft Hôtel Le Roy nimmt besondere Anfragen an – im nächsten Schritt hinzufügen! Verfügbarkeit anzeigen Anreise Von 16:00 bis 23:00 Uhr Abreise Von 07:00 bis 12:00 Uhr Stornierung/ Vorauszahlung Die Stornierungs- und Vorauszahlungsrichtlinien ändern sich je nach Unterkunftskategorie. Bitte geben Sie Ihre Reisedaten ein und überprüfen Sie die Bedingungen Ihrer gewählten Option. Erstattungsfähige Schadenskaution Bei der Ankunft ist eine Schadenskaution von US$200 erforderlich. Das sind ungefähr € 172. Diese wird in bar hinterlegt. Sie erhalten die Erstattung in der Regel bei Abreise. Die Schadenskaution wird Ihnen in voller Höhe in bar erstattet, nachdem die Unterkunft überprüft wurde und keine Schäden festgestellt wurden. Kinder und Betten Richtlinien für Kinder Kinder jeden Alters sind willkommen. Kinder im Alter von 18 Jahren oder älter zahlen in dieser Unterkunft den Erwachsenenpreis. Fügen Sie Ihrer Suche bitte die Anzahl der Kinder in Ihrer Gruppe und deren Alter hinzu, um die korrekten Preise und Belegungsinformationen zu sehen. Richtlinien zu Baby- und Zustellbetten Die Anzahl an Zustellbetten ist von der von Ihnen gewählten Option abhängig. Bitte prüfen Sie Ihre ausgewählte Option für mehr Informationen. Babybetten sind in dieser Unterkunft nicht verfügbar. Alle Zustellbetten unterliegen der Verfügbarkeit. Keine Altersbeschränkung Es gibt keine Altersbeschränkung für den Check-in. Haustiere Haustiere sind nicht gestattet. In diesem Hotel werden folgende Karten akzeptiert Barzahlung nicht akzeptiert Partys Partys/Veranstaltungen sind nicht erlaubt.",2026-03-25 00:11:42.230845+00
29,8940d873-db4b-4407-a0e5-b7ec4f09bf35,0f0397b6-5031-4aaa-961f-18d87e5469b5,it,Regole della struttura,"Hôtel Le Roy accetta le richieste speciali. Aggiungile nel prossimo passaggio! Vedi disponibilità Arrivo Dalle 16:00 alle 23:00 Partenza Dalle 07:00 alle 12:00 Cancellazione / Pagamento anticipato Le condizioni relative alla cancellazione e al pagamento anticipato variano a seconda della tipologia di alloggio. Inserisci le date del soggiorno e verifica le condizioni dell'opzione scelta. Deposito cauzionale rimborsabile È richiesto un deposito cauzionale di US$200 all'arrivo. L'importo corrisponde a circa € 172. Dovrai pagarlo in contanti. Dovresti ricevere il rimborso al momento del check-out. Il deposito ti sarà rimborsato per intero in contanti dopo una verifica dello stato dell'alloggio. Bambini e letti Condizioni per i bambini I bambini di tutte le età sono i benvenuti. I bambini di 18 anni o più pagheranno quanto gli adulti presso questa struttura. Per vedere informazioni corrette relativamente a prezzi e occupazione, aggiungi alla ricerca il numero e l'età dei bambini che soggiorneranno. Condizioni per culle e letti aggiuntivi Il numero di letti supplementari ammessi dipende dall'opzione che scegli. Controlla quella che hai selezionato per maggiori informazioni. In questa struttura non c'è disponibilità di culle. I letti supplementari sono soggetti a disponibilità. Nessuna età minima Non è richiesta un'età minima per fare il check-in. Animali Animali non ammessi. Carte di credito accettate presso questo hotel Non si accettano contanti Feste Non è permesso organizzare feste/eventi.",2026-03-25 00:16:22.902859+00
30,c7f5de81-4308-435a-a473-645b2ee3c1d4,6ef8e7fd-0b29-4441-a755-6e639ef0daf7,en,House rules,"Gardens Hill Resort & Spa takes special requests - add in the next step! See availability Check-in From 15:00 to 00:00 Check-out From 04:00 to 11:00 Cancellation/ prepayment Cancellation and prepayment policies vary according to accommodation type. Please enter the dates of your stay and check the conditions of your required option. Refundable damage deposit A damage deposit of € 100 is required on arrival. This will be collected as a cash payment. You should be reimbursed on check-out. Your deposit will be refunded in full in cash, subject to an inspection of the property. Children and beds Child policies Children of any age are welcome. To see correct prices and occupancy information, please add the number of children in your group and their ages to your search. Cot and extra bed policies 0 - 3 years Cot upon request Free 4 - 11 years Extra bed upon request € 38.65 per child, per night 12+ years Extra bed upon request € 77.29 per person, per night Prices for cots and extra beds are not included in the total price, and will have to be paid for separately during your stay. The number of extra beds and cots allowed is dependent on the option you choose. Please check your selected option for more information. All cots and extra beds are subject to availability. No age restriction There is no age requirement for check-in Pets Pets are not allowed. Cards accepted at this property Cash is not accepted Parties Parties/events are not allowed",2026-03-25 00:24:17.352487+00
31,89accff2-5a6b-454a-bd64-3210f63a9928,6ef8e7fd-0b29-4441-a755-6e639ef0daf7,es,Normas de la casa,"Gardens Hill Resort & Spa acepta peticiones especiales. ¡Añádelas en el siguiente paso! Ver disponibilidad Entrada De las 15:00 a las 0:00 Salida De las 4:00 a las 11:00 Cancelación /  prepago Las condiciones de cancelación y de pago por adelantado pueden variar según el tipo de alojamiento. Introduce las fechas de tu estancia y consulta las condiciones de la opción que quieres reservar. Depósito por daños reembolsable Se pedirá un depósito por daños de € 100 a la llegada. Se efectuará en efectivo. Se te devolverá al hacer el check-out. El depósito se devolverá por completo en efectivo una vez revisado el alojamiento. Camas para niños Condiciones para estancias con niños Se pueden alojar niños de cualquier edad. Para ver la información correcta sobre precios y ocupación, añade a la búsqueda el número de niños con los que viajas y sus edades. Condiciones sobre cunas y camas supletorias 0 - 3 años Cuna a petición Gratis 4 - 11 años Cama supletoria a petición € 38,65 por niño y noche Más de 12 años Cama supletoria a petición € 77,29 por persona y noche El precio de las cunas y las camas supletorias no está incluido en el precio total y se tiene que pagar por separado durante la estancia. El número de camas supletorias y cunas permitido depende de la opción que escojas. Consulta la opción que has escogido para saber más. Todas las cunas y camas supletorias están sujetas a disponibilidad. No hay restricción por edad No hay edad mínima para el check-in Mascotas No se admiten. Tarjetas aceptadas en este alojamiento No se acepta efectivo Fiestas No se pueden celebrar fiestas/eventos",2026-03-25 00:29:37.548966+00
32,9776bf0e-6bcf-4ae0-a355-fddff8dd0d99,6ef8e7fd-0b29-4441-a755-6e639ef0daf7,de,Hausregeln,"Die Unterkunft Gardens Hill Resort & Spa nimmt besondere Anfragen an – im nächsten Schritt hinzufügen! Verfügbarkeit anzeigen Anreise Von 15:00 bis 00:00 Uhr Abreise Von 04:00 bis 11:00 Uhr Stornierung/ Vorauszahlung Die Stornierungs- und Vorauszahlungsrichtlinien ändern sich je nach Unterkunftskategorie. Bitte geben Sie Ihre Reisedaten ein und überprüfen Sie die Bedingungen Ihrer gewählten Option. Erstattungsfähige Schadenskaution Bei der Ankunft ist eine Schadenskaution von € 100 erforderlich. Diese wird in bar hinterlegt. Sie erhalten die Erstattung in der Regel bei Abreise. Die Schadenskaution wird Ihnen in voller Höhe in bar erstattet, nachdem die Unterkunft überprüft wurde und keine Schäden festgestellt wurden. Kinder und Betten Richtlinien für Kinder Kinder jeden Alters sind willkommen. Fügen Sie Ihrer Suche bitte die Anzahl der Kinder in Ihrer Gruppe und deren Alter hinzu, um die korrekten Preise und Belegungsinformationen zu sehen. Richtlinien zu Baby- und Zustellbetten 0 - 3 Jahre Babybett auf Anfrage Kostenfrei 4 - 11 Jahre Zustellbett auf Anfrage € 38,65 pro Kind, pro Nacht über 12 Jahre Zustellbett auf Anfrage € 77,29 pro Person, pro Nacht Preise für Baby- und Zustellbetten sind nicht im Gesamtpreis enthalten und müssen separat während Ihres Aufenthaltes bezahlt werden. Die Anzahl an Zustell- und Babybetten ist von der von Ihnen gewählten Option abhängig. Bitte prüfen Sie Ihre ausgewählte Option für mehr Informationen. Alle Babybetten und Zustellbetten unterliegen der Verfügbarkeit. Keine Altersbeschränkung Es gibt keine Altersbeschränkung für den Check-in. Haustiere Haustiere sind nicht gestattet. In dieser Unterkunft werden folgende Karten akzeptiert Barzahlung nicht akzeptiert Partys Partys/Veranstaltungen sind nicht erlaubt.",2026-03-25 00:35:53.098275+00
37,72e47a65-9cdb-4c3f-8b6e-9d8f7d46b14b,bf680601-503d-47dc-9890-433f12577cdf,es,Normas de la casa,"Hotel Atlântico Rio acepta peticiones especiales. ¡Añádelas en el siguiente paso! Ver disponibilidad Entrada Desde las 14:00 Los clientes deben mostrar un documento de identidad con fotografía y una tarjeta de crédito en el momento de hacer el check-in Salida Hasta las 12:00 Cancelación /  prepago Las condiciones de cancelación y de pago por adelantado pueden variar según el tipo de alojamiento. Introduce las fechas de tu estancia y consulta las condiciones de la opción que quieres reservar. Camas para niños Condiciones para estancias con niños Se pueden alojar niños de cualquier edad. Los niños a partir de 9 años pagan como adultos en este alojamiento. Para ver la información correcta sobre precios y ocupación, añade a la búsqueda el número de niños con los que viajas y sus edades. Condiciones sobre cunas y camas supletorias En este alojamiento no hay cunas ni camas supletorias. Restricción por edad Edad mínima para el check-in: 18 Mascotas No se admiten. Grupos Al reservar más de 5 habitaciones, podrán aplicarse condiciones especiales y suplementos. Métodos de pago aceptados Efectivo",2026-03-25 00:50:23.393469+00
33,4dfd6928-a534-4f70-bc9b-b688cb391bbf,6ef8e7fd-0b29-4441-a755-6e639ef0daf7,it,Regole della struttura,"Gardens Hill Resort & Spa accetta le richieste speciali. Aggiungile nel prossimo passaggio! Vedi disponibilità Arrivo Dalle 15:00 alle 00:00 Partenza Dalle 04:00 alle 11:00 Cancellazione / Pagamento anticipato Le condizioni relative alla cancellazione e al pagamento anticipato variano a seconda della tipologia di alloggio. Inserisci le date del soggiorno e verifica le condizioni dell'opzione scelta. Deposito cauzionale rimborsabile È richiesto un deposito cauzionale di € 100 all'arrivo. Dovrai pagarlo in contanti. Dovresti ricevere il rimborso al momento del check-out. Il deposito ti sarà rimborsato per intero in contanti dopo una verifica dello stato dell'alloggio. Bambini e letti Condizioni per i bambini I bambini di tutte le età sono i benvenuti. Per vedere informazioni corrette relativamente a prezzi e occupazione, aggiungi alla ricerca il numero e l'età dei bambini che soggiorneranno. Condizioni per culle e letti aggiuntivi 0 - 3 anni Culla su richiesta Gratis 4 - 11 anni Letto supplementare su richiesta € 38,65 per bambino, a notte 12 anni e oltre Letto supplementare su richiesta € 77,29 per persona, a notte Il prezzo delle culle e dei letti supplementari non è incluso nell'importo totale e dovrà essere pagato separatamente durante il soggiorno. Il numero di culle e letti supplementari ammessi dipende dall'opzione che scegli. Controlla quella che hai selezionato per maggiori informazioni. Le culle e i letti supplementari sono soggetti a disponibilità. Nessuna età minima Non è richiesta un'età minima per fare il check-in. Animali Animali non ammessi. Carte di credito accettate presso la struttura Non si accettano contanti Feste Non è permesso organizzare feste/eventi.",2026-03-25 00:42:01.376556+00
34,ccba678c-7ef3-4ddd-855c-7595c9ccbbd1,b2103b50-cc88-4364-81dd-e3705c470496,en,House rules,"Golden Beach Resort & Spa takes special requests - add in the next step! See availability Check-in From 15:00 Check-out Until 12:00 Cancellation/ prepayment Cancellation and prepayment policies vary according to accommodation type. Please enter the dates of your stay and check the conditions of your required option. Children and beds Child policies Children of any age are welcome. Children 18 years and above will be charged as adults at this property. To see correct prices and occupancy information, please add the number of children in your group and their ages to your search. Cot and extra bed policies 0 - 3 years Cot upon request Free The number of cots allowed is dependent on the option you choose. Please check your selected option for more information. There are no extra beds available at this property. All cots are subject to availability. No age restriction There is no age requirement for check-in Pets Pets are allowed on request. Charges may be applicable. Accepted payment methods Cash",2026-03-25 00:44:53.346798+00
35,b46d5308-27f7-4af3-93dc-febdbc782de1,bf680601-503d-47dc-9890-433f12577cdf,en,House rules,"Hotel Atlântico Rio takes special requests - add in the next step! See availability Check-in From 14:00 Guests are required to show a photo identification and credit card upon check-in Check-out Until 12:00 Cancellation/ prepayment Cancellation and prepayment policies vary according to accommodation type. Please enter the dates of your stay and check the conditions of your required option. Children and beds Child policies Children of any age are welcome. Children 9 years and above will be charged as adults at this property. To see correct prices and occupancy information, please add the number of children in your group and their ages to your search. Cot and extra bed policies Cots and extra beds are not available at this property. Age restriction The minimum age for check-in is 18 Pets Pets are not allowed. Groups When booking more than 5 rooms, different policies and additional supplements may apply. Accepted payment methods Cash",2026-03-25 00:47:44.80973+00
36,36333634-1b6f-4f40-85d9-5e9a74ab3cd9,b2103b50-cc88-4364-81dd-e3705c470496,es,Normas de la casa,"Golden Beach Resort & Spa acepta peticiones especiales. ¡Añádelas en el siguiente paso! Ver disponibilidad Entrada Desde las 15:00 Salida Hasta las 12:00 Cancelación /  prepago Las condiciones de cancelación y de pago por adelantado pueden variar según el tipo de alojamiento. Introduce las fechas de tu estancia y consulta las condiciones de la opción que quieres reservar. Camas para niños Condiciones para estancias con niños Se pueden alojar niños de cualquier edad. Los niños a partir de 18 años pagan como adultos en este alojamiento. Para ver la información correcta sobre precios y ocupación, añade a la búsqueda el número de niños con los que viajas y sus edades. Condiciones sobre cunas y camas supletorias 0 - 3 años Cuna a petición Gratis El número de cunas permitido depende de la opción que escojas. Consulta la opción que has escogido para saber más. No hay camas supletorias disponibles en este alojamiento. Todas las cunas están sujetas a disponibilidad. No hay restricción por edad No hay edad mínima para el check-in Mascotas Se admiten bajo petición. Se pueden aplicar suplementos. Métodos de pago aceptados Efectivo",2026-03-25 00:49:04.183193+00
39,3a0df74b-782b-48e2-bcb2-b241977be631,bf680601-503d-47dc-9890-433f12577cdf,de,Hausregeln,"Die Unterkunft Hotel Atlântico Rio nimmt besondere Anfragen an – im nächsten Schritt hinzufügen! Verfügbarkeit anzeigen Anreise Ab 14:00 Gäste müssen einen Lichtbildausweis und eine Kreditkarte beim Check-in vorlegen Abreise Bis 12:00 Stornierung/ Vorauszahlung Die Stornierungs- und Vorauszahlungsrichtlinien ändern sich je nach Unterkunftskategorie. Bitte geben Sie Ihre Reisedaten ein und überprüfen Sie die Bedingungen Ihrer gewählten Option. Kinder und Betten Richtlinien für Kinder Kinder jeden Alters sind willkommen. Kinder im Alter von 9 Jahren oder älter zahlen in dieser Unterkunft den Erwachsenenpreis. Fügen Sie Ihrer Suche bitte die Anzahl der Kinder in Ihrer Gruppe und deren Alter hinzu, um die korrekten Preise und Belegungsinformationen zu sehen. Richtlinien zu Baby- und Zustellbetten Baby- und Zustellbetten sind in dieser Unterkunft nicht verfügbar. Altersbeschränkung Das Mindestalter für den Check-in beträgt 18 Jahre Haustiere Haustiere sind nicht gestattet. Gruppen Bei einer Buchung von mehr als 5 Zimmern können abweichende Richtlinien und zusätzliche Aufpreise gelten. Akzeptierte Zahlungsmethoden Barzahlung",2026-03-25 00:55:03.611123+00
46,0315a4cd-79d6-49f3-9c0e-05d39a965784,2b1d80b5-36f0-48f9-b255-6de873938e3f,de,Hausregeln,"Die Unterkunft Colonna Park Hotel nimmt besondere Anfragen an – im nächsten Schritt hinzufügen! Verfügbarkeit anzeigen Anreise Von 14:00 bis 23:30 Uhr Abreise Von 00:00 bis 12:00 Uhr Stornierung/ Vorauszahlung Die Stornierungs- und Vorauszahlungsrichtlinien ändern sich je nach Unterkunftskategorie. Bitte geben Sie Ihre Reisedaten ein und überprüfen Sie die Bedingungen Ihrer gewählten Option. Kinder und Betten Richtlinien für Kinder Kinder jeden Alters sind willkommen. Kinder im Alter von 5 Jahren oder älter zahlen in dieser Unterkunft den Erwachsenenpreis. Fügen Sie Ihrer Suche bitte die Anzahl der Kinder in Ihrer Gruppe und deren Alter hinzu, um die korrekten Preise und Belegungsinformationen zu sehen. Richtlinien zu Baby- und Zustellbetten 0 - 3 Jahre Babybett auf Anfrage Kostenfrei Die Anzahl an Babybetten ist von der von Ihnen gewählten Option abhängig. Bitte prüfen Sie Ihre ausgewählte Option für mehr Informationen. Zustellbetten sind in dieser Unterkunft nicht verfügbar. Alle Babybetten unterliegen der Verfügbarkeit. Keine Altersbeschränkung Es gibt keine Altersbeschränkung für den Check-in. Haustiere Haustiere sind nicht gestattet. Gruppen Bei einer Buchung von mehr als 4 Zimmern können abweichende Richtlinien und zusätzliche Aufpreise gelten. Akzeptierte Zahlungsmethoden Barzahlung",2026-03-25 01:09:19.074459+00
40,d04f954b-f71a-4516-aaaf-ace965d810f4,b2103b50-cc88-4364-81dd-e3705c470496,it,Regole della struttura,"Golden Beach Resort & Spa accetta le richieste speciali. Aggiungile nel prossimo passaggio! Vedi disponibilità Arrivo Dalle 15:00 Partenza Alle 12:00 Cancellazione / Pagamento anticipato Le condizioni relative alla cancellazione e al pagamento anticipato variano a seconda della tipologia di alloggio. Inserisci le date del soggiorno e verifica le condizioni dell'opzione scelta. Bambini e letti Condizioni per i bambini I bambini di tutte le età sono i benvenuti. I bambini di 18 anni o più pagheranno quanto gli adulti presso questa struttura. Per vedere informazioni corrette relativamente a prezzi e occupazione, aggiungi alla ricerca il numero e l'età dei bambini che soggiorneranno. Condizioni per culle e letti aggiuntivi 0 - 3 anni Culla su richiesta Gratis Il numero di culle ammesse dipende dall'opzione che scegli. Controlla quella che hai selezionato per maggiori informazioni. In questa struttura non c'è disponibilità di letti supplementari. Le culle sono soggette a disponibilità. Nessuna età minima Non è richiesta un'età minima per fare il check-in. Animali Animali ammessi su richiesta. Potrebbe essere richiesto un supplemento. Metodi di pagamento accettati Contanti",2026-03-25 00:56:23.480396+00
41,e4c42d66-231a-4a5a-9c01-f1067b319b83,bf680601-503d-47dc-9890-433f12577cdf,it,Regole della struttura,"Hotel Atlântico Rio accetta le richieste speciali. Aggiungile nel prossimo passaggio! Vedi disponibilità Arrivo Dalle 14:00 Al check-in gli ospiti devono esibire un documento di riconoscimento con foto e una carta di credito. Partenza Alle 12:00 Cancellazione / Pagamento anticipato Le condizioni relative alla cancellazione e al pagamento anticipato variano a seconda della tipologia di alloggio. Inserisci le date del soggiorno e verifica le condizioni dell'opzione scelta. Bambini e letti Condizioni per i bambini I bambini di tutte le età sono i benvenuti. I bambini di 9 anni o più pagheranno quanto gli adulti presso questa struttura. Per vedere informazioni corrette relativamente a prezzi e occupazione, aggiungi alla ricerca il numero e l'età dei bambini che soggiorneranno. Condizioni per culle e letti aggiuntivi In questa struttura non c'è disponibilità di culle e letti supplementari. Età minima L'età minima per fare il check-in è 18 anni. Animali Animali non ammessi. Gruppi Alle prenotazioni di oltre 5 camere, la struttura potrebbe applicare differenti condizioni e supplementi. Metodi di pagamento accettati Contanti",2026-03-25 00:57:43.495115+00
42,925af627-d7cc-4835-8f43-7aabe68c3164,2b1d80b5-36f0-48f9-b255-6de873938e3f,en,House rules,"Colonna Park Hotel takes special requests - add in the next step! See availability Check-in From 14:00 to 23:30 Check-out From 00:00 to 12:00 Cancellation/ prepayment Cancellation and prepayment policies vary according to accommodation type. Please enter the dates of your stay and check the conditions of your required option. Children and beds Child policies Children of any age are welcome. Children 5 years and above will be charged as adults at this property. To see correct prices and occupancy information, please add the number of children in your group and their ages to your search. Cot and extra bed policies 0 - 3 years Cot upon request Free The number of cots allowed is dependent on the option you choose. Please check your selected option for more information. There are no extra beds available at this property. All cots are subject to availability. No age restriction There is no age requirement for check-in Pets Pets are not allowed. Groups When booking more than 4 rooms, different policies and additional supplements may apply. Accepted payment methods Cash",2026-03-25 01:02:33.680194+00
45,ca7647ac-1edb-4eb6-943c-92757b801e22,638b233a-0b6e-4600-9285-215502aedd47,es,Normas de la casa,"Manaus Hotéis Millennium acepta peticiones especiales. ¡Añádelas en el siguiente paso! Ver disponibilidad Entrada Desde las 15:00 Tienes que decirle al alojamiento con antelación a qué hora vas a llegar. Salida Hasta las 12:00 Cancelación /  prepago Las condiciones de cancelación y de pago por adelantado pueden variar según el tipo de alojamiento. Introduce las fechas de tu estancia y consulta las condiciones de la opción que quieres reservar. Camas para niños Condiciones para estancias con niños Se pueden alojar niños de cualquier edad. Los niños a partir de 8 años pagan como adultos en este alojamiento. Para ver la información correcta sobre precios y ocupación, añade a la búsqueda el número de niños con los que viajas y sus edades. Condiciones sobre cunas y camas supletorias 0 - 2 años Cuna a petición Gratis El número de cunas permitido depende de la opción que escojas. Consulta la opción que has escogido para saber más. No hay camas supletorias disponibles en este alojamiento. Todas las cunas están sujetas a disponibilidad. No hay restricción por edad No hay edad mínima para el check-in Mascotas No se admiten. Grupos Al reservar más de 4 habitaciones, podrán aplicarse condiciones especiales y suplementos. Métodos de pago aceptados Efectivo",2026-03-25 01:08:01.068282+00
43,d448530e-4f33-4bd1-b65a-4cef6f27bdcd,638b233a-0b6e-4600-9285-215502aedd47,en,House rules,"Manaus Hotéis Millennium takes special requests - add in the next step! See availability Check-in From 15:00 You'll need to let the property know in advance what time you'll arrive. Check-out Until 12:00 Cancellation/ prepayment Cancellation and prepayment policies vary according to accommodation type. Please enter the dates of your stay and check the conditions of your required option. Children and beds Child policies Children of any age are welcome. Children 8 years and above will be charged as adults at this property. To see correct prices and occupancy information, please add the number of children in your group and their ages to your search. Cot and extra bed policies 0 - 2 years Cot upon request Free The number of cots allowed is dependent on the option you choose. Please check your selected option for more information. There are no extra beds available at this property. All cots are subject to availability. No age restriction There is no age requirement for check-in Pets Pets are not allowed. Groups When booking more than 4 rooms, different policies and additional supplements may apply. Accepted payment methods Cash",2026-03-25 01:05:25.576437+00
44,9a0da58d-e523-4719-8667-adfa808a22ec,2b1d80b5-36f0-48f9-b255-6de873938e3f,es,Normas de la casa,"Colonna Park Hotel acepta peticiones especiales. ¡Añádelas en el siguiente paso! Ver disponibilidad Entrada De las 14:00 a las 23:30 Salida De las 0:00 a las 12:00 Cancelación /  prepago Las condiciones de cancelación y de pago por adelantado pueden variar según el tipo de alojamiento. Introduce las fechas de tu estancia y consulta las condiciones de la opción que quieres reservar. Camas para niños Condiciones para estancias con niños Se pueden alojar niños de cualquier edad. Los niños a partir de 5 años pagan como adultos en este alojamiento. Para ver la información correcta sobre precios y ocupación, añade a la búsqueda el número de niños con los que viajas y sus edades. Condiciones sobre cunas y camas supletorias 0 - 3 años Cuna a petición Gratis El número de cunas permitido depende de la opción que escojas. Consulta la opción que has escogido para saber más. No hay camas supletorias disponibles en este alojamiento. Todas las cunas están sujetas a disponibilidad. No hay restricción por edad No hay edad mínima para el check-in Mascotas No se admiten. Grupos Al reservar más de 4 habitaciones, podrán aplicarse condiciones especiales y suplementos. Métodos de pago aceptados Efectivo",2026-03-25 01:06:43.41787+00
47,76f38776-9303-412d-b5ef-74d178403707,638b233a-0b6e-4600-9285-215502aedd47,de,Hausregeln,"Die Unterkunft Manaus Hotéis Millennium nimmt besondere Anfragen an – im nächsten Schritt hinzufügen! Verfügbarkeit anzeigen Anreise Ab 15:00 Bitte informieren Sie die Unterkunft im Voraus über Ihre Ankunftszeit. Abreise Bis 12:00 Stornierung/ Vorauszahlung Die Stornierungs- und Vorauszahlungsrichtlinien ändern sich je nach Unterkunftskategorie. Bitte geben Sie Ihre Reisedaten ein und überprüfen Sie die Bedingungen Ihrer gewählten Option. Kinder und Betten Richtlinien für Kinder Kinder jeden Alters sind willkommen. Kinder im Alter von 8 Jahren oder älter zahlen in dieser Unterkunft den Erwachsenenpreis. Fügen Sie Ihrer Suche bitte die Anzahl der Kinder in Ihrer Gruppe und deren Alter hinzu, um die korrekten Preise und Belegungsinformationen zu sehen. Richtlinien zu Baby- und Zustellbetten 0 - 2 Jahre Babybett auf Anfrage Kostenfrei Die Anzahl an Babybetten ist von der von Ihnen gewählten Option abhängig. Bitte prüfen Sie Ihre ausgewählte Option für mehr Informationen. Zustellbetten sind in dieser Unterkunft nicht verfügbar. Alle Babybetten unterliegen der Verfügbarkeit. Keine Altersbeschränkung Es gibt keine Altersbeschränkung für den Check-in. Haustiere Haustiere sind nicht gestattet. Gruppen Bei einer Buchung von mehr als 4 Zimmern können abweichende Richtlinien und zusätzliche Aufpreise gelten. Akzeptierte Zahlungsmethoden Barzahlung",2026-03-25 01:12:41.764792+00
48,376f0614-55df-43a5-aad0-ccf10ec5be02,2b1d80b5-36f0-48f9-b255-6de873938e3f,it,Regole della struttura,"Colonna Park Hotel accetta le richieste speciali. Aggiungile nel prossimo passaggio! Vedi disponibilità Arrivo Dalle 14:00 alle 23:30 Partenza Dalle 00:00 alle 12:00 Cancellazione / Pagamento anticipato Le condizioni relative alla cancellazione e al pagamento anticipato variano a seconda della tipologia di alloggio. Inserisci le date del soggiorno e verifica le condizioni dell'opzione scelta. Bambini e letti Condizioni per i bambini I bambini di tutte le età sono i benvenuti. I bambini di 5 anni o più pagheranno quanto gli adulti presso questa struttura. Per vedere informazioni corrette relativamente a prezzi e occupazione, aggiungi alla ricerca il numero e l'età dei bambini che soggiorneranno. Condizioni per culle e letti aggiuntivi 0 - 3 anni Culla su richiesta Gratis Il numero di culle ammesse dipende dall'opzione che scegli. Controlla quella che hai selezionato per maggiori informazioni. In questa struttura non c'è disponibilità di letti supplementari. Le culle sono soggette a disponibilità. Nessuna età minima Non è richiesta un'età minima per fare il check-in. Animali Animali non ammessi. Gruppi Alle prenotazioni di oltre 4 camere, la struttura potrebbe applicare differenti condizioni e supplementi. Metodi di pagamento accettati Contanti",2026-03-25 01:14:01.689719+00
49,7e50a1ab-39be-489c-87f6-4a6c164ffe15,638b233a-0b6e-4600-9285-215502aedd47,it,Regole della struttura,"Manaus Hotéis Millennium accetta le richieste speciali. Aggiungile nel prossimo passaggio! Vedi disponibilità Arrivo Dalle 15:00 Dovrai comunicare in anticipo alla struttura il tuo orario di arrivo. Partenza Alle 12:00 Cancellazione / Pagamento anticipato Le condizioni relative alla cancellazione e al pagamento anticipato variano a seconda della tipologia di alloggio. Inserisci le date del soggiorno e verifica le condizioni dell'opzione scelta. Bambini e letti Condizioni per i bambini I bambini di tutte le età sono i benvenuti. I bambini di 8 anni o più pagheranno quanto gli adulti presso questa struttura. Per vedere informazioni corrette relativamente a prezzi e occupazione, aggiungi alla ricerca il numero e l'età dei bambini che soggiorneranno. Condizioni per culle e letti aggiuntivi 0 - 2 anni Culla su richiesta Gratis Il numero di culle ammesse dipende dall'opzione che scegli. Controlla quella che hai selezionato per maggiori informazioni. In questa struttura non c'è disponibilità di letti supplementari. Le culle sono soggette a disponibilità. Nessuna età minima Non è richiesta un'età minima per fare il check-in. Animali Animali non ammessi. Gruppi Alle prenotazioni di oltre 4 camere, la struttura potrebbe applicare differenti condizioni e supplementi. Metodi di pagamento accettati Contanti",2026-03-25 01:15:18.937201+00
