id,url_id,url,language,hotel_name,hotel_id_booking,address_city,latitude,longitude,star_rating,review_score,review_count,main_image_url,short_description,rating_value,best_rating,street_address,address_locality,address_country,postal_code,room_types,raw_data,scrape_duration_s,scrape_engine,created_at,updated_at,version_id
e15ab8b9-a653-4db2-8ec2-8e612c95f218,f13a5377-b27f-4c2c-9e9c-3d17773308af,https://www.booking.com/hotel/mv/niyama-private-islands-maldives.en-gb.html?lang=en-gb,en,Niyama Private Islands Maldives,348003,Dhaalu Atoll,2.68089871975604,72.9332703351974,,9.6,62,https://cf.bstatic.com/xdata/images/hotel/max500/706982726.jpg?k=ed63d343e231cea12dbf563c587d4a575fad2cf3423d65fc7eea72e5fd0f9e7e&o=&hp=1,"Boasting a 24-hour spa and the world's first underwater nightclub, the luxurious  Niyama Private Islands Maldives is tropical paradise offering a quiet...",9.6,10,"Olhuveli, 20219 Dhaalu Atoll, Maldives",Olhuveli,Maldives,20219,[],{},245.706,cloudscraper,2026-03-26 01:49:44.833684+00,2026-03-26 01:49:44.833688+00,1
ec4ea2d4-1275-4635-b887-25473e61db14,cfaea71c-7c4f-4b9c-b53e-394c751b989c,https://www.booking.com/hotel/mv/centara-grand-lagoon-maldives.en-gb.html?lang=en-gb,en,Centara Grand Lagoon Maldives - Free Round Trip Speedboat when stay 4 nights or more between 17 April - 15 October 2026,13248259,Kaafu Atoll,4.31374585401646,73.3456657982911,,9.4,31,https://cf.bstatic.com/xdata/images/hotel/max500/695292387.jpg?k=2081e0f35889e94b20e9ae19342f681c8a4ab22abf4d97b0819da9b8d1e5b9cc&o=&hp=1,Centara Grand Lagoon Maldives - Free Round Trip Speedboat when stay 4 nights or more between 17 April - 15 October 2026 is a 5-star property situated in...,9.4,10,"North Male' Atoll, 02077 Nakatukufuri, Maldives",North Male' Atoll,Maldives,02077,[],{},421.93,cloudscraper,2026-03-26 01:52:40.802121+00,2026-03-26 01:52:40.802124+00,1
7ef29a1b-074d-420d-b7e9-8c868fceb349,f13a5377-b27f-4c2c-9e9c-3d17773308af,https://www.booking.com/hotel/mv/niyama-private-islands-maldives.es.html?lang=es,es,Niyama Private Islands Maldives,348003,Dhaalu Atoll,2.68089871975604,72.9332703351974,,9.6,62,https://cf.bstatic.com/xdata/images/hotel/max500/706982726.jpg?k=ed63d343e231cea12dbf563c587d4a575fad2cf3423d65fc7eea72e5fd0f9e7e&o=&hp=1,"Boasting a 24-hour spa and the world's first underwater nightclub, the luxurious  Niyama Private Islands Maldives is tropical paradise offering a quiet...",9.6,10,"Olhuveli, 20219 Dhaalu Atoll, Maldivas",Olhuveli,Maldivas,20219,[],{},247.493,cloudscraper,2026-03-26 01:54:01.585072+00,2026-03-26 01:54:01.585076+00,1
5baffed4-14cd-49c8-84c2-0735710aafa9,cfaea71c-7c4f-4b9c-b53e-394c751b989c,https://www.booking.com/hotel/mv/centara-grand-lagoon-maldives.es.html?lang=es,es,Centara Grand Lagoon Maldives - Free Round Trip Speedboat when stay 4 nights or more between 17 April - 15 October 2026,13248259,Atolón Kaafu,4.31374585401646,73.3456657982911,,9.4,30,https://cf.bstatic.com/xdata/images/hotel/max500/695292387.jpg?k=2081e0f35889e94b20e9ae19342f681c8a4ab22abf4d97b0819da9b8d1e5b9cc&o=&hp=1,Centara Grand Lagoon Maldives - Free Round Trip Speedboat when stay 4 nights or more between 17 April - 15 October 2026 es un alojamiento de 5 estrellas...,9.4,10,"North Male' Atoll, 02077 Nakatukufuri, Maldivas",North Male' Atoll,Maldivas,02077,[],{},147.762,cloudscraper,2026-03-26 01:55:19.569267+00,2026-03-26 01:55:19.569272+00,1
e1c0eee2-0d5c-44a1-894a-36da96c75254,f13a5377-b27f-4c2c-9e9c-3d17773308af,https://www.booking.com/hotel/mv/niyama-private-islands-maldives.de.html?lang=de,de,Niyama Private Islands Maldives,348003,Alif Dhaal,2.68089871975604,72.9332703351974,,9.6,62,https://cf.bstatic.com/xdata/images/hotel/max500/706982726.jpg?k=ed63d343e231cea12dbf563c587d4a575fad2cf3423d65fc7eea72e5fd0f9e7e&o=&hp=1,Das luxuriöse Niyama Private Islands Maldives ist ein tropisches Paradies mit einem 24-Stunden-Spa und dem ersten Unterwasser-Nachtclub der Welt.,9.6,10,"Olhuveli, 20219 Dhaalu Atoll, Malediven",Olhuveli,Malediven,20219,[],{},155.613,cloudscraper,2026-03-26 01:56:37.938273+00,2026-03-26 01:56:37.938294+00,1
06f8b1df-56e2-4b4e-b5db-69c7c6488d22,cfaea71c-7c4f-4b9c-b53e-394c751b989c,https://www.booking.com/hotel/mv/centara-grand-lagoon-maldives.de.html?lang=de,de,Centara Grand Lagoon Maldives - Free Round Trip Speedboat when stay 4 nights or more between 17 April - 15 October 2026,13248259,Kaafu,4.31374585401646,73.3456657982911,,9.4,30,https://cf.bstatic.com/xdata/images/hotel/max500/695292387.jpg?k=2081e0f35889e94b20e9ae19342f681c8a4ab22abf4d97b0819da9b8d1e5b9cc&o=&hp=1,Die Unterkunft Centara Grand Lagoon Maldives - Free Round Trip Speedboat when stay 4 nights or more between 17 April - 15 October 2026 mit 5 Sternen ist in...,9.4,10,"North Male' Atoll, 02077 Nakatukufuri, Malediven",North Male' Atoll,Malediven,02077,[],{},170.147,cloudscraper,2026-03-26 01:58:10.296344+00,2026-03-26 01:58:10.296348+00,1
28a17632-52c7-49ce-b975-d68c74d79c58,f13a5377-b27f-4c2c-9e9c-3d17773308af,https://www.booking.com/hotel/mv/niyama-private-islands-maldives.it.html?lang=it,it,Niyama Private Islands Maldives,348003,Dhaalu Atoll,2.68089871975604,72.9332703351974,,9.6,62,https://cf.bstatic.com/xdata/images/hotel/max500/706982726.jpg?k=ed63d343e231cea12dbf563c587d4a575fad2cf3423d65fc7eea72e5fd0f9e7e&o=&hp=1,"Boasting a 24-hour spa and the world's first underwater nightclub, the luxurious  Niyama Private Islands Maldives is tropical paradise offering a quiet...",9.6,10,"Olhuveli, 20219 Dhaalu Atoll, Maldive",Olhuveli,Maldive,20219,[],{},169.841,cloudscraper,2026-03-26 01:59:28.40882+00,2026-03-26 01:59:28.408823+00,1
747decfb-e33a-46cd-8ccd-711db7bb7daa,cfaea71c-7c4f-4b9c-b53e-394c751b989c,https://www.booking.com/hotel/mv/centara-grand-lagoon-maldives.it.html?lang=it,it,Centara Grand Lagoon Maldives - Free Round Trip Speedboat when stay 4 nights or more between 17 April - 15 October 2026,13248259,Atollo di Kaafu,4.31374585401646,73.3456657982911,,9.4,30,https://cf.bstatic.com/xdata/images/hotel/max500/695292387.jpg?k=2081e0f35889e94b20e9ae19342f681c8a4ab22abf4d97b0819da9b8d1e5b9cc&o=&hp=1,Centara Grand Lagoon Maldives - Free Round Trip Speedboat when stay 4 nights or more between 17 April - 15 October 2026 è un alloggio a 5 stelle ubicato a...,9.4,10,"North Male' Atoll, 02077 Nakatukufuri, Maldive",North Male' Atoll,Maldive,02077,[],{},158.872,cloudscraper,2026-03-26 02:00:49.696711+00,2026-03-26 02:00:49.696717+00,1
411865ed-c0ad-408d-a8b8-3adfc91ef01f,8b0de26f-ea84-451d-b5d2-a2b3f8f5032d,https://www.booking.com/hotel/vc/the-pink-sands-club.en-gb.html?lang=en-gb,en,"Mandarin Oriental, Canouan",2172371,,12.7133414577793,-61.3215723029861,,7.1,6,https://cf.bstatic.com/xdata/images/hotel/max500/572537108.jpg?k=70e8a21a8b0fcf58efcd79166ab543c51d6d04d8b55c86382367b5d31d2528fd&o=&hp=1,"Mandarin Oriental, Canouan has free bikes, outdoor swimming pool, a fitness centre and garden in Canouan.",7.1,10,"Carenage Bay, VC0450 Canouan, Saint Vincent & Grenadines",Carenage Bay,St Vincent & Grenadines,VC0450,[],{},252.665,cloudscraper,2026-03-26 02:03:41.538554+00,2026-03-26 02:03:41.538557+00,1
8af8f359-ed84-4113-9915-6e85e3772f40,ae4e3a56-cc1a-4d79-82b0-c7e045aa8350,https://www.booking.com/hotel/tc/south-bank.en-gb.html?lang=en-gb,en,South Bank,10966666,Providenciales,21.762708517645,-72.169914628589,,9.6,6,https://cf.bstatic.com/xdata/images/hotel/max500/580336162.jpg?k=eaf241361af0046c69b7a47b6076330e7cf61fb0307089a33a2032d965865d8d&o=&hp=1,"South Bank has free bikes, a fitness centre and a sun terrace with swimming pool and à la carte breakfast in Long Bay Hills.",9.6,10,"Long Bay Highway, TKCA 1ZZ Long Bay Hills, Turks & Caicos Islands",Long Bay Highway,Turks & Caicos Islands,TKCA 1ZZ,[],{},348.478,cloudscraper,2026-03-26 02:06:38.700281+00,2026-03-26 02:06:38.700284+00,1
c220929e-a624-4570-8bb6-f3541b722e82,8b0de26f-ea84-451d-b5d2-a2b3f8f5032d,https://www.booking.com/hotel/vc/the-pink-sands-club.es.html?lang=es,es,"Mandarin Oriental, Canouan",2172371,,12.7133414577793,-61.3215723029861,,7.1,6,https://cf.bstatic.com/xdata/images/hotel/max500/572537108.jpg?k=70e8a21a8b0fcf58efcd79166ab543c51d6d04d8b55c86382367b5d31d2528fd&o=&hp=1,"Mandarin Oriental, Canouan tiene bicicletas gratis, piscina al aire libre, centro de fitness y jardín en Canouan.",7.1,10,"Carenage Bay, VC0450 Canouan, San Vicente y las Granadinas",Carenage Bay,San Vicente y las Granadinas,VC0450,[],{},247.782,cloudscraper,2026-03-26 02:07:58.204548+00,2026-03-26 02:07:58.204551+00,1
67cb7b5c-d80d-4dc5-ae1e-553eeba2a86c,ae4e3a56-cc1a-4d79-82b0-c7e045aa8350,https://www.booking.com/hotel/tc/south-bank.es.html?lang=es,es,South Bank,10966666,Providenciales,21.762708517645,-72.169914628589,,9.6,6,https://cf.bstatic.com/xdata/images/hotel/max500/580336162.jpg?k=eaf241361af0046c69b7a47b6076330e7cf61fb0307089a33a2032d965865d8d&o=&hp=1,"South Bank está en Long Bay Hills y tiene bicicletas gratis, centro de fitness, una terraza solárium con piscina y desayuno a la carta.",9.6,10,"Long Bay Highway, TKCA 1ZZ Long Bay Hills, Islas Turks y Caicos",Long Bay Highway,Islas Turks y Caicos,TKCA 1ZZ,[],{},150.872,cloudscraper,2026-03-26 02:09:18.114623+00,2026-03-26 02:09:18.114626+00,1
ad846a97-9a7e-4690-b360-453e1099a1ca,8b0de26f-ea84-451d-b5d2-a2b3f8f5032d,https://www.booking.com/hotel/vc/the-pink-sands-club.de.html?lang=de,de,"Mandarin Oriental, Canouan",2172371,,12.7133414577793,-61.3215723029861,,7.1,6,https://cf.bstatic.com/xdata/images/hotel/max500/572537108.jpg?k=70e8a21a8b0fcf58efcd79166ab543c51d6d04d8b55c86382367b5d31d2528fd&o=&hp=1,"Die Unterkunft Mandarin Oriental, Canouan hat kostenlose Fahrräder, einen Außenpool, ein Fitnesscenter und einen Garten in Canouan.",7.1,10,"Carenage Bay, VC0450 Canouan, St. Vincent & Grenadinen",Carenage Bay,St. Vincent & Grenadinen,VC0450,[],{},156.573,cloudscraper,2026-03-26 02:10:35.265721+00,2026-03-26 02:10:35.265725+00,1
7c053538-42f3-4f6c-ad8f-0438c28f47c4,ed58b18a-09c7-4f16-8150-16b4bac0ecfc,https://www.booking.com/hotel/tc/grace-bay-club.en-gb.html?lang=en-gb,en,Grace Bay Club,362380,,21.799259593914226,-72.17300623655319,,9,75,https://cf.bstatic.com/xdata/images/hotel/max500/49312038.jpg?k=903b0f98f66969533a93602f12a17c07d67e0761cbfaa9fdca6fecffd5b7bb96&o=&hp=1,"This impressive resort is located on Grace Bay Beach, on Providenciales, part of the Turks and Caicos Islands.",9,10,"1 Grace Bay Circle Drive, TKCA1CC Grace Bay, Turks & Caicos Islands",1 Grace Bay Circle Drive,Turks & Caicos Islands,TKCA1CC,[],{},269.318,cloudscraper,2026-03-26 02:18:01.49853+00,2026-03-26 02:18:01.498533+00,1
c43eac94-7964-448f-86c2-e5b6872c28c0,924a45a0-968e-4735-9188-dca6101b261e,https://www.booking.com/hotel/bb/leroy.en-gb.html?lang=en-gb,en,Hôtel Le Roy,14104936,,13.0667905598115,-59.5701081965491,,8.5,146,https://cf.bstatic.com/xdata/images/hotel/max500/703190738.jpg?k=2fd8d569d3ea49a07b7b9e149aaabc8b5bd14e1f69e1f82001927c4c46a764f4&o=&hp=1,Beachfront Location: Hôtel Le Roy in Oistins offers direct beachfront access with stunning sea views.,8.5,10,"Saint Lawrence Gap, Saint Lawrence, BB15020 Christ Church, Barbados",Saint Lawrence Gap,Barbados,BB15020,[],{},250.515,cloudscraper,2026-03-26 02:31:51.389814+00,2026-03-26 02:31:51.389819+00,1
6c210e3b-9dca-4893-ab59-84b5eedf90e1,924a45a0-968e-4735-9188-dca6101b261e,https://www.booking.com/hotel/bb/leroy.de.html?lang=de,de,Hôtel Le Roy,14104936,,13.0667905598115,-59.5701081965491,,8.5,146,https://cf.bstatic.com/xdata/images/hotel/max500/703190738.jpg?k=2fd8d569d3ea49a07b7b9e149aaabc8b5bd14e1f69e1f82001927c4c46a764f4&o=&hp=1,Beachfront Location: Hôtel Le Roy in Oistins offers direct beachfront access with stunning sea views.,8.5,10,"Saint Lawrence Gap, Saint Lawrence, BB15020 Christchurch, Barbados",Saint Lawrence Gap,Barbados,BB15020,[],{},389.719,cloudscraper,2026-03-26 02:44:34.526336+00,2026-03-26 02:44:34.526341+00,1
e6163dea-bc92-48af-bb49-45ce4f79c0c1,ae4e3a56-cc1a-4d79-82b0-c7e045aa8350,https://www.booking.com/hotel/tc/south-bank.de.html?lang=de,de,South Bank,10966666,Providenciales,21.762708517645,-72.169914628589,,9.6,6,https://cf.bstatic.com/xdata/images/hotel/max500/580336162.jpg?k=eaf241361af0046c69b7a47b6076330e7cf61fb0307089a33a2032d965865d8d&o=&hp=1,"Die Unterkunft South Bank hat kostenlose Fahrräder, ein Fitnesscenter und eine Sonnenterrasse mit Pool und à la carte Frühstück in Long Bay Hills.",9.6,10,"Long Bay Highway, TKCA 1ZZ Long Bay Hills, Turks- & Caicosinseln",Long Bay Highway,Turks & Caicos,TKCA 1ZZ,[],{},175.097,cloudscraper,2026-03-26 02:12:13.767711+00,2026-03-26 02:12:13.767714+00,1
d0458939-9d97-4eef-afcd-a7c679affcd1,8b0de26f-ea84-451d-b5d2-a2b3f8f5032d,https://www.booking.com/hotel/vc/the-pink-sands-club.it.html?lang=it,it,"Mandarin Oriental, Canouan",2172371,,12.7133414577793,-61.3215723029861,,7.1,6,https://cf.bstatic.com/xdata/images/hotel/max500/572537108.jpg?k=70e8a21a8b0fcf58efcd79166ab543c51d6d04d8b55c86382367b5d31d2528fd&o=&hp=1,"Mandarin Oriental, Canouan offre biciclette gratuite, una piscina all'aperto, un centro fitness e un giardino a Canouan.",7.1,10,"Carenage Bay, VC0450 Canouan, Saint Vincent e Grenadine",Carenage Bay,Saint Vincent e Grenadine,VC0450,[],{},175.924,cloudscraper,2026-03-26 02:13:31.690772+00,2026-03-26 02:13:31.690775+00,1
88ca2ae7-507a-489f-b9a2-7d1e0f8d2a98,ae4e3a56-cc1a-4d79-82b0-c7e045aa8350,https://www.booking.com/hotel/tc/south-bank.it.html?lang=it,it,South Bank,10966666,Providenciales,21.762708517645,-72.169914628589,,9.6,6,https://cf.bstatic.com/xdata/images/hotel/max500/580336162.jpg?k=eaf241361af0046c69b7a47b6076330e7cf61fb0307089a33a2032d965865d8d&o=&hp=1,"South Bank offre biciclette gratuite, un centro fitness, una terrazza solarium con piscina e la colazione à la carte, nella cornice di Long Bay Hills.",9.6,10,"Long Bay Highway, TKCA 1ZZ Long Bay Hills, Isole Turks e Caicos",Long Bay Highway,Isole Turks e Caicos,TKCA 1ZZ,[],{},156.411,cloudscraper,2026-03-26 02:14:50.78802+00,2026-03-26 02:14:50.788024+00,1
d7fdee98-2ace-45a0-a439-d3600f880cb3,fb70b828-b3de-4ecd-96dc-7ae845208fd8,https://www.booking.com/hotel/bs/the-island-garden.en-gb.html?lang=en-gb,en,The Island Garden Hotel,13147103,New Providence,25.074993050707572,-77.4175800397592,4,6.5,48,https://cf.bstatic.com/xdata/images/hotel/max500/619228877.jpg?k=36d1c1264da2801aab84d4a197f28f048b748f1759111face80d430db6268184&o=&hp=1,"Situated in Nassau, 300 metres from Cable Beach, The Island Garden Hotel features accommodation with free WiFi and free private parking.",6.5,10,"483 West Bay Street, N-7270 Nassau, Bahamas",483 West Bay Street,Bahamas,N-7270,[],{},360.986,cloudscraper,2026-03-26 02:20:52.087481+00,2026-03-26 02:20:52.087484+00,1
11ed8622-185d-453a-b392-b43ed42fc30d,ed58b18a-09c7-4f16-8150-16b4bac0ecfc,https://www.booking.com/hotel/tc/grace-bay-club.es.html?lang=es,es,Grace Bay Club,362380,,21.799259593914226,-72.17300623655319,,9,75,https://cf.bstatic.com/xdata/images/hotel/max500/49312038.jpg?k=903b0f98f66969533a93602f12a17c07d67e0761cbfaa9fdca6fecffd5b7bb96&o=&hp=1,"Este impresionante resort está situado en la playa de Grace Bay, en Providenciales, una parte de las Islas Turcas y Caicos.",9,10,"1 Grace Bay Circle Drive, TKCA1CC Grace Bay, Islas Turks y Caicos",1 Grace Bay Circle Drive,Islas Turks y Caicos,TKCA1CC,[],{},242.159,cloudscraper,2026-03-26 02:22:11.310771+00,2026-03-26 02:22:11.310775+00,1
e0d7a233-0c26-4742-96ba-d9263ed1f743,fb70b828-b3de-4ecd-96dc-7ae845208fd8,https://www.booking.com/hotel/bs/the-island-garden.es.html?lang=es,es,The Island Garden Hotel,13147103,Nueva Providencia,25.074993050707572,-77.4175800397592,4,6.5,48,https://cf.bstatic.com/xdata/images/hotel/max500/619228877.jpg?k=36d1c1264da2801aab84d4a197f28f048b748f1759111face80d430db6268184&o=&hp=1,"The Island Garden Hotel se encuentra en Nassau, en la región de Nueva Providencia, a 13 km de Parque acuático Atlantis Aquaventure.",6.5,10,"483 West Bay Street, N-7270 Nassau, Bahamas",483 West Bay Street,Bahamas,N-7270,[],{},154.464,cloudscraper,2026-03-26 02:23:30.825731+00,2026-03-26 02:23:30.825734+00,1
a1cf858f-cca2-4583-825f-432b79fa203a,ed58b18a-09c7-4f16-8150-16b4bac0ecfc,https://www.booking.com/hotel/tc/grace-bay-club.de.html?lang=de,de,Grace Bay Club,362380,,21.799259593914226,-72.17300623655319,,9,75,https://cf.bstatic.com/xdata/images/hotel/max500/49312038.jpg?k=903b0f98f66969533a93602f12a17c07d67e0761cbfaa9fdca6fecffd5b7bb96&o=&hp=1,"This impressive resort is located on Grace Bay Beach, on Providenciales, part of the Turks and Caicos Islands.",9,10,"1 Grace Bay Circle Drive, TKCA1CC Grace Bay, Turks- & Caicosinseln",1 Grace Bay Circle Drive,Turks & Caicos,TKCA1CC,[],{},157.565,cloudscraper,2026-03-26 02:24:49.437569+00,2026-03-26 02:24:49.437574+00,1
e4b320ca-f444-4608-9f14-a742b331cd4b,fb70b828-b3de-4ecd-96dc-7ae845208fd8,https://www.booking.com/hotel/bs/the-island-garden.de.html?lang=de,de,The Island Garden Hotel,13147103,New Providence,25.074993050707572,-77.4175800397592,4,6.5,48,https://cf.bstatic.com/xdata/images/hotel/max500/619228877.jpg?k=36d1c1264da2801aab84d4a197f28f048b748f1759111face80d430db6268184&o=&hp=1,"Die Unterkunft The Island Garden Hotel, die in Nassau, in der Region New Providence gelegen ist, befindet sich 13 km von Wasserpark Aquaventure im Atlantis...",6.5,10,"483 West Bay Street, N-7270 Nassau, Bahamas",483 West Bay Street,Bahamas,N-7270,[],{},169.938,cloudscraper,2026-03-26 02:26:21.17429+00,2026-03-26 02:26:21.174293+00,1
7271f0b3-ff41-4bcb-8692-033abd4a249e,ed58b18a-09c7-4f16-8150-16b4bac0ecfc,https://www.booking.com/hotel/tc/grace-bay-club.it.html?lang=it,it,Grace Bay Club,362380,,21.799259593914226,-72.17300623655319,,9,75,https://cf.bstatic.com/xdata/images/hotel/max500/49312038.jpg?k=903b0f98f66969533a93602f12a17c07d67e0761cbfaa9fdca6fecffd5b7bb96&o=&hp=1,"This impressive resort is located on Grace Bay Beach, on Providenciales, part of the Turks and Caicos Islands.",9,10,"1 Grace Bay Circle Drive, TKCA1CC Grace Bay, Isole Turks e Caicos",1 Grace Bay Circle Drive,Isole Turks e Caicos,TKCA1CC,[],{},170.04,cloudscraper,2026-03-26 02:27:40.19033+00,2026-03-26 02:27:40.190334+00,1
dc9af9cc-2244-4ef9-8e17-96ae0fec6c01,fb70b828-b3de-4ecd-96dc-7ae845208fd8,https://www.booking.com/hotel/bs/the-island-garden.it.html?lang=it,it,The Island Garden Hotel,13147103,New Providence,25.074993050707572,-77.4175800397592,4,6.5,48,https://cf.bstatic.com/xdata/images/hotel/max500/619228877.jpg?k=36d1c1264da2801aab84d4a197f28f048b748f1759111face80d430db6268184&o=&hp=1,"Situato a Nassau (New Providence), The Island Garden Hotel è posizionato a 13 km da Parco acquatico Aquaventure presso l'Atlantis Paradise Island.",6.5,10,"483 West Bay Street, N-7270 Nassau, Bahamas",483 West Bay Street,Bahamas,N-7270,[],{},155.668,cloudscraper,2026-03-26 02:28:57.20392+00,2026-03-26 02:28:57.203924+00,1
188f5010-1511-411a-81c6-b758b1609c38,924a45a0-968e-4735-9188-dca6101b261e,https://www.booking.com/hotel/bb/leroy.es.html?lang=es,es,Hôtel Le Roy,14104936,,13.0667905598115,-59.5701081965491,,8.5,146,https://cf.bstatic.com/xdata/images/hotel/max500/703190738.jpg?k=2fd8d569d3ea49a07b7b9e149aaabc8b5bd14e1f69e1f82001927c4c46a764f4&o=&hp=1,Beachfront Location: Hôtel Le Roy in Oistins offers direct beachfront access with stunning sea views.,8.5,10,"Saint Lawrence Gap, Saint Lawrence, BB15020 Christ Church, Barbados",Saint Lawrence Gap,Barbados,BB15020,[],{},365.302,cloudscraper,2026-03-26 02:38:04.24054+00,2026-03-26 02:38:04.240544+00,1
bef4d5ea-6a8c-4627-9814-8408fc1a301c,bc5d8b35-1a5f-4ab6-b778-3a7ba516bc0b,https://www.booking.com/hotel/sc/cb-seychelles.es.html?lang=es,es,Cheval Blanc Seychelles,12916883,,-4.78262289362488,55.4976827253883,,9.4,11,https://cf.bstatic.com/xdata/images/hotel/max500/661307962.jpg?k=9103400526cf3b51e1a1d75d345741ab0128a1c6aec15ada39d44c9cd66fcce6&o=&hp=1,"Cheval Blanc Seychelles está en Mahé, a pocos pasos de Playa de Anse Intendance, y dispone de alojamiento con piscina al aire libre, parking privado...",9.4,10,"Anse Intendance, Takamaka, Mahé, Seychelles","Anse Intendance, Takamaka",Seychelles,,[],{},155.324,cloudscraper,2026-03-26 02:45:51.264444+00,2026-03-26 02:45:51.264448+00,1
8c164f8d-07bc-47fa-9c91-a05c4a7cf79a,924a45a0-968e-4735-9188-dca6101b261e,https://www.booking.com/hotel/bb/leroy.it.html?lang=it,it,Hôtel Le Roy,14104936,,13.0667905598115,-59.5701081965491,,8.5,146,https://cf.bstatic.com/xdata/images/hotel/max500/703190738.jpg?k=2fd8d569d3ea49a07b7b9e149aaabc8b5bd14e1f69e1f82001927c4c46a764f4&o=&hp=1,Posizione fronte oceano: l’Hôtel Le Roy di Oistins offre accesso diretto alla spiaggia con splendide viste sul mare.,8.5,10,"Saint Lawrence Gap, Saint Lawrence, BB15020 Christ Church, Barbados",Saint Lawrence Gap,Barbados,BB15020,[],{},168.426,cloudscraper,2026-03-26 02:47:23.550108+00,2026-03-26 02:47:23.550111+00,1
ca5ccc8c-2e4f-4ec0-b80f-a7175b8b52dc,1caa6708-be54-4ac9-a2c1-92a73081bbcf,https://www.booking.com/hotel/sc/garden-hill-resort-amp-spa.en-gb.html?lang=en-gb,en,Gardens Hill Resort & Spa,13679095,,-4.61157590722415,55.4335973025021,,8.8,161,https://cf.bstatic.com/xdata/images/hotel/max500/675098205.jpg?k=2821dc22d824d0fb9cc3d48885209e213be164439d61b6ee6138442178ae8c7c&o=&hp=1,"Situated in Beau Vallon, 500 metres from Beau Vallon Beach, Gardens Hill Resort & Spa features accommodation with an outdoor swimming pool, free private...",8.8,10,"N Coast Road, Mahe, Beau Vallon, Seychelles","N Coast Road, Mahe",Seychelles,,[],{},480.57,cloudscraper,2026-03-26 02:55:24.907045+00,2026-03-26 02:55:24.907049+00,1
ae1ba807-f4e9-40fc-88af-ed03b625c596,1caa6708-be54-4ac9-a2c1-92a73081bbcf,https://www.booking.com/hotel/sc/garden-hill-resort-amp-spa.es.html?lang=es,es,Gardens Hill Resort & Spa,13679095,,-4.61157590722415,55.4335973025021,,8.8,161,https://cf.bstatic.com/xdata/images/hotel/max500/675098205.jpg?k=2821dc22d824d0fb9cc3d48885209e213be164439d61b6ee6138442178ae8c7c&o=&hp=1,"Gardens Hill Resort & Spa está en Beau Vallon, a 5 min a pie de Playa de Beau Vallon, y dispone de alojamiento con piscina al aire libre, parking privado...",8.8,10,"N Coast Road, Mahe, Beau Vallon, Seychelles","N Coast Road, Mahe",Seychelles,,[],{},362.8,cloudscraper,2026-03-26 03:02:00.1372+00,2026-03-26 03:02:00.137205+00,1
0f2e3de4-174d-4c00-aad7-62fe5a47abf0,1caa6708-be54-4ac9-a2c1-92a73081bbcf,https://www.booking.com/hotel/sc/garden-hill-resort-amp-spa.de.html?lang=de,de,Gardens Hill Resort & Spa,13679095,,-4.61157590722415,55.4335973025021,,8.8,161,https://cf.bstatic.com/xdata/images/hotel/max500/675098205.jpg?k=2821dc22d824d0fb9cc3d48885209e213be164439d61b6ee6138442178ae8c7c&o=&hp=1,"Die Unterkunft Gardens Hill Resort & Spa, die in Beau Vallon, 500 m von Strand Beau Vallon entfernt gelegen ist, verfügt über Übernachtungsmöglichkeiten...",8.8,10,"N Coast Road, Mahe, Beau Vallon, Seychellen","N Coast Road, Mahe",Seychellen,,[],{},380.306,cloudscraper,2026-03-26 03:08:20.962996+00,2026-03-26 03:08:20.962999+00,1
b22ae26c-87c5-41b5-a70c-a5aca5884d9c,1caa6708-be54-4ac9-a2c1-92a73081bbcf,https://www.booking.com/hotel/sc/garden-hill-resort-amp-spa.it.html?lang=it,it,Gardens Hill Resort & Spa,13679095,,-4.61157590722415,55.4335973025021,,8.8,161,https://cf.bstatic.com/xdata/images/hotel/max500/675098205.jpg?k=2821dc22d824d0fb9cc3d48885209e213be164439d61b6ee6138442178ae8c7c&o=&hp=1,"Ubicato a Beau Vallon, a 500 metri da Beau Vallon Beach, Gardens Hill Resort & Spa propone una piscina all'aperto, un parcheggio privato gratuito, un...",8.8,10,"N Coast Road, Mahe, Beau Vallon, Seychelles","N Coast Road, Mahe",Seychelles,,[],{},370.206,cloudscraper,2026-03-26 03:14:31.785733+00,2026-03-26 03:14:31.785738+00,1
0ad12a47-844f-41cd-bc9b-89786d51bd95,ac99e9e0-8cc4-4d08-b028-0fc112846bff,https://www.booking.com/hotel/uy/golden-beach-resort-spa.en-gb.html?lang=en-gb,en,Golden Beach Resort & Spa,259039,Maldonado,-34.960839815476454,-54.940481185913086,,8.4,1826,https://cf.bstatic.com/xdata/images/hotel/max500/757313239.jpg?k=93ad426dc3b69ae376dc7c5f435471546628d33f16a5810435f7529b2f5dc029&o=&hp=1,"Featuring 2 swimming pools, a fitness centre and spa facilities, Golden Beach Resort & Spa offers air conditioned rooms. Only 50 metres from El Emir beach.",8.4,10,"Calle 24, 3429, Peninsula, 20100 Punta del Este, Uruguay","Calle 24, 3429",Uruguay,20100,[],{},250.481,cloudscraper,2026-03-26 03:17:23.18026+00,2026-03-26 03:17:23.180263+00,1
2dccab51-4b70-4bf0-a3ee-80c4623bada4,aeb525ad-b05a-4478-a5e3-bc28229049d4,https://www.booking.com/hotel/br/atlac-ntico-rio.en-gb.html?lang=en-gb,en,Hotel Atlântico Rio,822678,Rio de Janeiro State,-22.9761298763524,-43.19334179162979,,6.8,9965,https://cf.bstatic.com/xdata/images/hotel/max500/308635483.jpg?k=19833182f04dea7631a8a8cc6461469bae9167adc9446c902fe78f83be7a647c&o=&hp=1,"Set 500 metres from Rio de Janeiro’s famous and trendy Copacabana Beach, the 4-star Hotel Atlântico Rio offers an outdoor pool and free daily breakfast.",6.8,10,"Rua Xavier da Silveira 112, Copacabana, Rio de Janeiro, CEP 22061-010, Brazil",Rua Xavier da Silveira 112,Brazil,22061-010,[],{},340.609,cloudscraper,2026-03-26 03:20:12.974962+00,2026-03-26 03:20:12.974966+00,1
c0a6580f-c35d-4566-89c3-ce731d537125,ac99e9e0-8cc4-4d08-b028-0fc112846bff,https://www.booking.com/hotel/uy/golden-beach-resort-spa.es.html?lang=es,es,Golden Beach Resort & Spa,259039,Maldonado,-34.960839815476454,-54.940481185913086,,8.4,1826,https://cf.bstatic.com/xdata/images/hotel/max500/757313239.jpg?k=93ad426dc3b69ae376dc7c5f435471546628d33f16a5810435f7529b2f5dc029&o=&hp=1,"El Golden Beach Resort & Spa cuenta con 2 piscinas, centro de fitness, spa y habitaciones con aire acondicionado. La playa El Emir queda a 50 metros.",8.4,10,"Calle 24, 3429, Península, 20100 Punta del Este, Uruguay","Calle 24, 3429",Uruguay,20100,[],{},241.064,cloudscraper,2026-03-26 03:21:31.445877+00,2026-03-26 03:21:31.44588+00,1
740705f9-3b48-4d9a-a9df-c129f634b44c,aeb525ad-b05a-4478-a5e3-bc28229049d4,https://www.booking.com/hotel/br/atlac-ntico-rio.es.html?lang=es,es,Hotel Atlântico Rio,822678,Río de Janeiro,-22.9761298763524,-43.19334179162979,,6.8,9965,https://cf.bstatic.com/xdata/images/hotel/max500/308635483.jpg?k=19833182f04dea7631a8a8cc6461469bae9167adc9446c902fe78f83be7a647c&o=&hp=1,"El Hotel Atlântico Rio, de 4 estrellas, ofrece piscina al aire libre y desayuno diario gratuito a 500 metros de la emblemática playa de Copacabana de Río...",6.8,10,"Rua Xavier da Silveira 112, Copacabana, Río de Janeiro, CEP 22061-010, Brasil",Rua Xavier da Silveira 112,Brasil,22061-010,[],{},163.017,cloudscraper,2026-03-26 03:23:04.722575+00,2026-03-26 03:23:04.722579+00,1
b863c4f3-c96b-4b11-85a9-b080ad759950,ac99e9e0-8cc4-4d08-b028-0fc112846bff,https://www.booking.com/hotel/uy/golden-beach-resort-spa.de.html?lang=de,de,Golden Beach Resort & Spa,259039,Maldonado,-34.960839815476454,-54.940481185913086,,8.4,1826,https://cf.bstatic.com/xdata/images/hotel/max500/757313239.jpg?k=93ad426dc3b69ae376dc7c5f435471546628d33f16a5810435f7529b2f5dc029&o=&hp=1,"Featuring 2 swimming pools, a fitness centre and spa facilities, Golden Beach Resort & Spa offers air conditioned rooms. Only 50 metres from El Emir beach.",8.4,10,"Calle 24, 3429, Peninsula, 20100 Punta del Este, Uruguay","Calle 24, 3429",Uruguay,20100,[],{},170.486,cloudscraper,2026-03-26 03:24:22.472176+00,2026-03-26 03:24:22.472179+00,1
ffd21c32-ff3c-449b-bd78-614ae6fbc2ad,aeb525ad-b05a-4478-a5e3-bc28229049d4,https://www.booking.com/hotel/br/atlac-ntico-rio.de.html?lang=de,de,Hotel Atlântico Rio,822678,Bundesstaat Rio de Janeiro,-22.9761298763524,-43.19334179162979,,6.8,9965,https://cf.bstatic.com/xdata/images/hotel/max500/308635483.jpg?k=19833182f04dea7631a8a8cc6461469bae9167adc9446c902fe78f83be7a647c&o=&hp=1,"In Rio de Janeiro, 500 m vom berühmten und angesagten Strand der Copacabana entfernt begrüßt Sie das 4-Sterne-Hotel Atlântico Rio.",6.8,10,"Rua Xavier da Silveira 112, Copacabana, Rio de Janeiro, CEP 22061-010, Brasilien",Rua Xavier da Silveira 112,Brasilien,22061-010,[],{},155.819,cloudscraper,2026-03-26 03:25:41.105984+00,2026-03-26 03:25:41.105987+00,1
0fe3a1b6-7f04-47fc-ae8e-948c3bee2a1a,aeb525ad-b05a-4478-a5e3-bc28229049d4,https://www.booking.com/hotel/br/atlac-ntico-rio.it.html?lang=it,it,Hotel Atlântico Rio,822678,Rio de Janeiro,-22.9761298763524,-43.19334179162979,,6.8,9965,https://cf.bstatic.com/xdata/images/hotel/max500/308635483.jpg?k=19833182f04dea7631a8a8cc6461469bae9167adc9446c902fe78f83be7a647c&o=&hp=1,"Situato in una posizione privilegiata, a 500 metri dalla famosa spiaggia trendy di Copacabana e a pochi passi da vari punti ristoro, il 4 stelle Hotel...",6.8,10,"Rua Xavier da Silveira 112, Copacabana, Rio de Janeiro, CEP 22061-010, Brasile",Rua Xavier da Silveira 112,Brasile,22061-010,[],{},171.281,cloudscraper,2026-03-26 03:28:32.800279+00,2026-03-26 03:28:32.800282+00,1
f9008df6-4cfd-4ddb-a481-4c3c3a4f8a60,f15df0e4-3444-4c9f-9c81-084111fb5934,https://www.booking.com/hotel/br/colonna-park.en-gb.html?lang=en-gb,en,Colonna Park Hotel,189044,Rio de Janeiro State,-22.740189759628038,-41.87340661883358,,8.8,1522,https://cf.bstatic.com/xdata/images/hotel/max500/229050938.jpg?k=c40cd1c87ffeeedd367d2c68ffad0a2991c8a8558d55888470ff3db7db5fe0dc&o=&hp=1,The 4-star Colonna Park Hotel is ideally located on a cliff top between Joao Fernandes and Joao Fernandinho beaches in Búzios.,8.8,10,"Praia de João Fernandes, Joao Fernandes, Búzios, CEP 28950-000, Brazil",Praia de João Fernandes,Brazil,28950-000,[],{},254.252,cloudscraper,2026-03-26 03:31:25.831239+00,2026-03-26 03:31:25.831243+00,1
bc87e6fb-79ce-43d3-aca1-119d2b27a12a,f15df0e4-3444-4c9f-9c81-084111fb5934,https://www.booking.com/hotel/br/colonna-park.es.html?lang=es,es,Colonna Park Hotel,189044,Río de Janeiro,-22.740189759628038,-41.87340661883358,,8.8,1522,https://cf.bstatic.com/xdata/images/hotel/max500/229050938.jpg?k=c40cd1c87ffeeedd367d2c68ffad0a2991c8a8558d55888470ff3db7db5fe0dc&o=&hp=1,"El Colonna Park Hotel, de 4 estrellas, está muy bien situado en lo alto de un acantilado, entre las playas Joao Fernandes y Joao Fernandinho, en Búzios.",8.8,10,"Praia de João Fernandes, João Fernandes, Búzios, CEP 28950-000, Brasil",Praia de João Fernandes,Brasil,28950-000,[],{},238.489,cloudscraper,2026-03-26 03:35:34.793157+00,2026-03-26 03:35:34.79316+00,1
d4163b0b-d446-4dc6-9b43-78c6f796d23c,8601087a-5db2-4d5b-9d8b-1de4c8a507ee,https://www.booking.com/hotel/br/manaus-hoteis-millennium.es.html?lang=es,es,Manaus Hotéis Millennium,172884,Amazonas,-3.0890402068952034,-60.024047791957855,,8.5,1664,https://cf.bstatic.com/xdata/images/hotel/max500/240228553.jpg?k=2ea74c0fb9d7ed91a0a600a26889d0ffac2c1f5bcec9438edb7f96edacdb4161&o=&hp=1,"El Manaus Hotéis Millennium está ubicado dentro del complejo Millennium Center, que incluye las torres de negocios, las torres médicas y el centro...",8.5,10,"Avenida Djalma Batista, 1661, Manaus, CEP 69050010, Brasil","Avenida Djalma Batista, 1661",Brasil,69050010,[],{},150.2,cloudscraper,2026-03-26 03:36:54.705136+00,2026-03-26 03:36:54.705141+00,1
697e91d0-399f-48b0-9deb-3ab543d0f925,f15df0e4-3444-4c9f-9c81-084111fb5934,https://www.booking.com/hotel/br/colonna-park.de.html?lang=de,de,Colonna Park Hotel,189044,Bundesstaat Rio de Janeiro,-22.740189759628038,-41.87340661883358,,8.8,1522,https://cf.bstatic.com/xdata/images/hotel/max500/229050938.jpg?k=c40cd1c87ffeeedd367d2c68ffad0a2991c8a8558d55888470ff3db7db5fe0dc&o=&hp=1,Ideal gelegen auf einer Klippe zwischen den Stränden von Joao Fernandes und Joao Fernandinho in Búzios erwartet Sie das 4-Sterne-Hotel Colonna Park.,8.8,10,"Praia de João Fernandes, Joao Fernandes, Búzios, CEP 28950-000, Brasilien",Praia de João Fernandes,Brasilien,28950-000,[],{},156.774,cloudscraper,2026-03-26 03:38:12.172803+00,2026-03-26 03:38:12.172808+00,1
d4dedac9-dbf0-456d-bb41-1ea968eee552,8601087a-5db2-4d5b-9d8b-1de4c8a507ee,https://www.booking.com/hotel/br/manaus-hoteis-millennium.de.html?lang=de,de,Manaus Hotéis Millennium,172884,Amazonas,-3.0890402068952034,-60.024047791957855,,8.5,1664,https://cf.bstatic.com/xdata/images/hotel/max500/240228553.jpg?k=2ea74c0fb9d7ed91a0a600a26889d0ffac2c1f5bcec9438edb7f96edacdb4161&o=&hp=1,"Das Manaus Hotéis Millennium befindet sich im Millennium Center Complex, wo Sie auch Business Towers, Medical Towers und Millennium Shopping finden können.",8.5,10,"Avenida Djalma Batista, 1661, Manaus, CEP 69050010, Brasilien","Avenida Djalma Batista, 1661",Brasilien,69050010,[],{},169.466,cloudscraper,2026-03-26 03:39:44.612159+00,2026-03-26 03:39:44.612164+00,1
4c807522-8d0c-469f-ba84-32e452d37d17,f15df0e4-3444-4c9f-9c81-084111fb5934,https://www.booking.com/hotel/br/colonna-park.it.html?lang=it,it,Colonna Park Hotel,189044,Rio de Janeiro,-22.740189759628038,-41.87340661883358,,8.8,1522,https://cf.bstatic.com/xdata/images/hotel/max500/229050938.jpg?k=c40cd1c87ffeeedd367d2c68ffad0a2991c8a8558d55888470ff3db7db5fe0dc&o=&hp=1,"Situato in una posizione ideale a Búzios, in cima a una scogliera tra le spiagge di João Fernandes e João Fernandinho, il Colonna Park Hotel è una...",8.8,10,"Praia de João Fernandes, Joao Fernandes, Búzios, CEP 28950-000, Brasile",Praia de João Fernandes,Brasile,28950-000,[],{},171.544,cloudscraper,2026-03-26 03:41:04.190867+00,2026-03-26 03:41:04.190872+00,1
2d4033f3-a600-4b97-80aa-9b8431e2c0ef,ac99e9e0-8cc4-4d08-b028-0fc112846bff,https://www.booking.com/hotel/uy/golden-beach-resort-spa.it.html?lang=it,it,Golden Beach Resort & Spa,259039,Maldonado,-34.960839815476454,-54.940481185913086,,8.4,1826,https://cf.bstatic.com/xdata/images/hotel/max500/757313239.jpg?k=93ad426dc3b69ae376dc7c5f435471546628d33f16a5810435f7529b2f5dc029&o=&hp=1,"Featuring 2 swimming pools, a fitness centre and spa facilities, Golden Beach Resort & Spa offers air conditioned rooms. Only 50 metres from El Emir beach.",8.4,10,"Calle 24, 3429, Peninsula, 20100 Punta del Este, Uruguay","Calle 24, 3429",Uruguay,20100,[],{},168.039,cloudscraper,2026-03-26 03:27:11.079423+00,2026-03-26 03:27:11.079426+00,1
33882b0a-95fa-45e6-8340-e80d60ccacf2,8601087a-5db2-4d5b-9d8b-1de4c8a507ee,https://www.booking.com/hotel/br/manaus-hoteis-millennium.en-gb.html?lang=en-gb,en,Manaus Hotéis Millennium,172884,Amazonas,-3.0890402068952034,-60.024047791957855,,8.5,1664,https://cf.bstatic.com/xdata/images/hotel/max500/240228553.jpg?k=2ea74c0fb9d7ed91a0a600a26889d0ffac2c1f5bcec9438edb7f96edacdb4161&o=&hp=1,"Manaus Hotéis Millennium is located within the Millennium Center Complex, along with the Business Towers, Medical Towers and Millennium Shopping.",8.5,10,"Avenida Djalma Batista, 1661, Manaus, CEP 69050010, Brazil","Avenida Djalma Batista, 1661",Brazil,69050010,[],{},344.322,cloudscraper,2026-03-26 03:34:17.559442+00,2026-03-26 03:34:17.559446+00,1
e1779135-ef1b-4ddd-9cca-e688a9a6a99b,8601087a-5db2-4d5b-9d8b-1de4c8a507ee,https://www.booking.com/hotel/br/manaus-hoteis-millennium.it.html?lang=it,it,Manaus Hotéis Millennium,172884,Amazonas,-3.0890402068952034,-60.024047791957855,,8.5,1664,https://cf.bstatic.com/xdata/images/hotel/max500/240228553.jpg?k=2ea74c0fb9d7ed91a0a600a26889d0ffac2c1f5bcec9438edb7f96edacdb4161&o=&hp=1,"Manaus Hotéis Millennium is located within the Millennium Center Complex, along with the Business Towers, Medical Towers and Millennium Shopping.",8.5,10,"Avenida Djalma Batista, 1661, Manaus, CEP 69050010, Brasile","Avenida Djalma Batista, 1661",Brasile,69050010,[],{},157.897,cloudscraper,2026-03-26 03:42:22.939848+00,2026-03-26 03:42:22.939851+00,1
