id,hotel_id,url_id,language,legal,legal_info,legal_details,has_legal_content,created_at
1,0ffa8bcd-25a2-4bdd-a864-7e1c2989113f,dff6dcc1-7b25-4e01-94b9-30f20186631e,en,Legal information,"Legal information This property is managed, licensed or represented by a business. This label has no relevance in terms of tax, including VAT and other 'indirect taxes', but is required under applicable consumer laws. You can find more information about the business here: See business details .","",t,2026-04-05 20:59:46.969741+01
2,dc8426cf-9147-4e7b-b65d-810ed47978e9,00566d84-8f85-4e6b-afd2-86b717d0670c,en,Legal information,Legal information This property is managed by a private host. Applicable consumer laws relating to professional hosts might not apply. Learn more.,"",t,2026-04-05 21:00:01.88479+01
3,e01bfd1d-26d2-4180-83c5-0e51eed0f7a2,dff6dcc1-7b25-4e01-94b9-30f20186631e,es,Información legal,"Información legal Este alojamiento lo gestiona, autoriza o representa una empresa. Esta etiqueta no tiene ninguna importancia en términos fiscales, incluido el IVA y otros ""impuestos indirectos"", pero es obligatoria según la legislación sobre los derechos de los consumidores correspondiente. Puedes encontrar más información sobre la empresa aquí: ver los datos de la empresa .","",t,2026-04-05 21:00:21.703299+01
4,9e2535ab-b0d1-46ab-9085-2dadba60560e,00566d84-8f85-4e6b-afd2-86b717d0670c,es,Información legal,Información legal Este alojamiento lo gestiona un anfitrión particular. Es posible que no se aplique la legislación correspondiente sobre los derechos de los consumidores relativa a los anfitriones profesionales. Más info .,"",t,2026-04-05 21:00:54.858688+01
5,851dec0c-74ae-4aab-99ce-386f1880d1de,dff6dcc1-7b25-4e01-94b9-30f20186631e,de,Rechtliche Informationen,"Rechtliche Informationen Diese Unterkunft wird durch ein Unternehmen verwaltet, lizenziert oder vertreten. Diese Kennzeichnung hat keine steuerliche Relevanz, einschließlich MwSt. und weiterer „indirekter Steuern“. Sie ist jedoch nach geltendem Verbraucherrecht erforderlich. Weitere Informationen zum Unternehmen finden Sie in den: Angaben zum Unternehmen .","",t,2026-04-05 21:01:11.709394+01
6,7a28a6be-0b1c-4532-86e6-10e206b41f71,00566d84-8f85-4e6b-afd2-86b717d0670c,de,Rechtliche Informationen,Rechtliche Informationen Diese Unterkunft wird von einem privaten Gastgeber geführt. Das geltende Verbraucherrecht für gewerbliche Gastgeber ist möglicherweise nicht anwendbar. Mehr erfahren,"",t,2026-04-05 21:01:25.641146+01
7,1afed09c-993b-404a-9cef-a9011c0bc8c1,dff6dcc1-7b25-4e01-94b9-30f20186631e,it,Informazioni legali,"Informazioni legali Questa struttura è gestita, autorizzata o rappresentata da un'azienda. Questa definizione non ha rilevanza in termini fiscali, incluse l'IVA e altre ""imposte indirette"", ma è obbligatoria ai sensi delle norme applicabili per la tutela dei consumatori. Per sapere di più sull'azienda, vai a: dettagli dell'azienda .","",t,2026-04-05 21:01:59.38335+01
8,216dfb1c-5325-4248-87e3-a97eaf071c94,00566d84-8f85-4e6b-afd2-86b717d0670c,it,Informazioni legali,Informazioni legali Questa struttura è gestita da un host privato. Potrebbero non essere applicate le normative in vigore sui consumatori che valgono per gli host professionisti. Più informazioni,"",t,2026-04-05 21:02:33.681166+01
9,63997c71-d5fd-4454-a8f1-71847a309040,dff6dcc1-7b25-4e01-94b9-30f20186631e,fr,Informations juridiques,"Informations juridiques Cet établissement est géré, est représenté ou détient une licence délivrée par une société. Cette mention n’a aucune incidence sur les taxes, y compris sur la TVA et sur toute autre « taxe indirecte », mais la législation applicable en matière de protection des consommateurs l’exige. Vous trouverez plus d’informations au sujet de la société sous ce lien .","",t,2026-04-05 21:02:48.955636+01
10,66cf1dd0-dea7-409a-9af6-580729206cad,00566d84-8f85-4e6b-afd2-86b717d0670c,fr,Informations juridiques,Informations juridiques Cet établissement est géré par un hôte non professionnel. La législation en vigueur en matière de protection des consommateurs concernant les hôtes professionnels peut ne pas s’appliquer. En savoir plus .,"",t,2026-04-05 21:03:33.432434+01
11,3a0ba98e-bd30-4378-9e45-53acfe4d0140,dff6dcc1-7b25-4e01-94b9-30f20186631e,pt,Informação legal,"Informação legal Esta propriedade é gerida, licenciada ou representada por uma empresa. Esta designação não tem qualquer relevância em termos fiscais, incluindo o IVA e outros “impostos indiretos”, mas é necessária de acordo com a legislação aplicável aos consumidores. Pode encontrar mais informações sobre a empresa aqui: Ver dados da empresa .","",t,2026-04-05 21:04:06.796278+01
12,3177ac5a-88f6-48e1-9b77-e6777c6f237f,00566d84-8f85-4e6b-afd2-86b717d0670c,pt,Informação legal,Informação legal Esta propriedade é gerida por um anfitrião particular. A legislação aplicável aos consumidores relativa aos anfitriões profissionais pode não ser aplicável. Saiba mais.,"",t,2026-04-05 21:04:42.322389+01
13,1f0da8e7-edc6-4c75-bcf2-0f161f62bb72,09cb9ec5-59d0-4eff-bbd2-af11a79ccf74,en,Legal information,"Legal information This property is managed, licensed or represented by a business. This label has no relevance in terms of tax, including VAT and other 'indirect taxes', but is required under applicable consumer laws. You can find more information about the business here: See business details .","",t,2026-04-05 21:05:30.716566+01
14,8d85cf71-63a7-46ec-9d7e-fcda4ba981d5,70100fa7-14d2-44b4-8b3e-5db0519b89ab,en,Legal information,"Legal information This property is managed, licensed or represented by a business. This label has no relevance in terms of tax, including VAT and other 'indirect taxes', but is required under applicable consumer laws. You can find more information about the business here: See business details .","",t,2026-04-05 21:05:54.456515+01
15,b5608ce5-c85c-4f0f-954d-1003f661f44e,09cb9ec5-59d0-4eff-bbd2-af11a79ccf74,es,Información legal,"Información legal Este alojamiento lo gestiona, autoriza o representa una empresa. Esta etiqueta no tiene ninguna importancia en términos fiscales, incluido el IVA y otros ""impuestos indirectos"", pero es obligatoria según la legislación sobre los derechos de los consumidores correspondiente. Puedes encontrar más información sobre la empresa aquí: ver los datos de la empresa .","",t,2026-04-05 21:06:09.340686+01
16,1f6eec59-47e7-426e-98ce-c38939a43293,70100fa7-14d2-44b4-8b3e-5db0519b89ab,es,Información legal,"Información legal Este alojamiento lo gestiona, autoriza o representa una empresa. Esta etiqueta no tiene ninguna importancia en términos fiscales, incluido el IVA y otros ""impuestos indirectos"", pero es obligatoria según la legislación sobre los derechos de los consumidores correspondiente. Puedes encontrar más información sobre la empresa aquí: ver los datos de la empresa .","",t,2026-04-05 21:06:50.597259+01
17,7dac0087-1594-4138-85da-02c393a2c368,09cb9ec5-59d0-4eff-bbd2-af11a79ccf74,de,Rechtliche Informationen,"Rechtliche Informationen Diese Unterkunft wird durch ein Unternehmen verwaltet, lizenziert oder vertreten. Diese Kennzeichnung hat keine steuerliche Relevanz, einschließlich MwSt. und weiterer „indirekter Steuern“. Sie ist jedoch nach geltendem Verbraucherrecht erforderlich. Weitere Informationen zum Unternehmen finden Sie in den: Angaben zum Unternehmen .","",t,2026-04-05 21:07:04.915217+01
18,a3c2fac1-53f6-4f84-9721-d5a23c6362fa,70100fa7-14d2-44b4-8b3e-5db0519b89ab,de,Rechtliche Informationen,"Rechtliche Informationen Diese Unterkunft wird durch ein Unternehmen verwaltet, lizenziert oder vertreten. Diese Kennzeichnung hat keine steuerliche Relevanz, einschließlich MwSt. und weiterer „indirekter Steuern“. Sie ist jedoch nach geltendem Verbraucherrecht erforderlich. Weitere Informationen zum Unternehmen finden Sie in den: Angaben zum Unternehmen .","",t,2026-04-05 21:07:25.198388+01
19,e676f96c-f08b-4d9a-bd2f-4bdbec2f20f4,09cb9ec5-59d0-4eff-bbd2-af11a79ccf74,it,Informazioni legali,"Informazioni legali Questa struttura è gestita, autorizzata o rappresentata da un'azienda. Questa definizione non ha rilevanza in termini fiscali, incluse l'IVA e altre ""imposte indirette"", ma è obbligatoria ai sensi delle norme applicabili per la tutela dei consumatori. Per sapere di più sull'azienda, vai a: dettagli dell'azienda .","",t,2026-04-05 21:07:45.094165+01
20,e7195981-6e43-41c9-a82a-13d883b6889c,09cb9ec5-59d0-4eff-bbd2-af11a79ccf74,fr,Informations juridiques,"Informations juridiques Cet établissement est géré, est représenté ou détient une licence délivrée par une société. Cette mention n’a aucune incidence sur les taxes, y compris sur la TVA et sur toute autre « taxe indirecte », mais la législation applicable en matière de protection des consommateurs l’exige. Vous trouverez plus d’informations au sujet de la société sous ce lien .","",t,2026-04-05 21:08:17.841956+01
21,1022067a-2a13-4d9f-95e8-9a039fa08515,70100fa7-14d2-44b4-8b3e-5db0519b89ab,it,Informazioni legali,"Informazioni legali Questa struttura è gestita, autorizzata o rappresentata da un'azienda. Questa definizione non ha rilevanza in termini fiscali, incluse l'IVA e altre ""imposte indirette"", ma è obbligatoria ai sensi delle norme applicabili per la tutela dei consumatori. Per sapere di più sull'azienda, vai a: dettagli dell'azienda .","",t,2026-04-05 21:08:28.705878+01
22,921ca404-8b87-408b-af3c-a4c9904ae7bb,09cb9ec5-59d0-4eff-bbd2-af11a79ccf74,pt,Informação legal,"Informação legal Esta propriedade é gerida, licenciada ou representada por uma empresa. Esta designação não tem qualquer relevância em termos fiscais, incluindo o IVA e outros “impostos indiretos”, mas é necessária de acordo com a legislação aplicável aos consumidores. Pode encontrar mais informações sobre a empresa aqui: Ver dados da empresa .","",t,2026-04-05 21:08:44.607357+01
37,d7accfe6-0d71-4e62-99eb-2c6ef554e17a,20e8a954-1165-4b29-882a-6604629d5002,en,Legal information,"Legal information This property is managed, licensed or represented by a business. This label has no relevance in terms of tax, including VAT and other 'indirect taxes', but is required under applicable consumer laws. You can find more information about the business here: See business details .","",t,2026-04-05 21:16:29.219069+01
49,638e59d0-6840-45cb-9615-30c7a7bfdc64,63432542-7237-412e-8bf5-b978902acde6,en,Legal information,"Legal information This property is managed, licensed or represented by a business. This label has no relevance in terms of tax, including VAT and other 'indirect taxes', but is required under applicable consumer laws. You can find more information about the business here: See business details .","",t,2026-04-05 21:22:34.062323+01
50,1d2830ea-389f-4bd6-b5f6-0ade08c40383,17a175b8-e9ac-4b22-adf9-57ea9cbd5034,en,Legal information,"Legal information This property is managed, licensed or represented by a business. This label has no relevance in terms of tax, including VAT and other 'indirect taxes', but is required under applicable consumer laws. You can find more information about the business here: See business details .","",t,2026-04-05 21:22:55.549501+01
51,cfd14551-8109-4286-bbfa-dd42d2e86376,63432542-7237-412e-8bf5-b978902acde6,es,Información legal,"Información legal Este alojamiento lo gestiona, autoriza o representa una empresa. Esta etiqueta no tiene ninguna importancia en términos fiscales, incluido el IVA y otros ""impuestos indirectos"", pero es obligatoria según la legislación sobre los derechos de los consumidores correspondiente. Puedes encontrar más información sobre la empresa aquí: ver los datos de la empresa .","",t,2026-04-05 21:23:33.804687+01
52,ed2d5429-d5b0-4ffe-9fb7-327300f38dc7,17a175b8-e9ac-4b22-adf9-57ea9cbd5034,es,Información legal,"Información legal Este alojamiento lo gestiona, autoriza o representa una empresa. Esta etiqueta no tiene ninguna importancia en términos fiscales, incluido el IVA y otros ""impuestos indirectos"", pero es obligatoria según la legislación sobre los derechos de los consumidores correspondiente. Puedes encontrar más información sobre la empresa aquí: ver los datos de la empresa .","",t,2026-04-05 21:23:46.812935+01
23,263ce89e-3adc-4d6b-bf66-7563a60ddd9d,70100fa7-14d2-44b4-8b3e-5db0519b89ab,fr,Informations juridiques,"Informations juridiques Cet établissement est géré, est représenté ou détient une licence délivrée par une société. Cette mention n’a aucune incidence sur les taxes, y compris sur la TVA et sur toute autre « taxe indirecte », mais la législation applicable en matière de protection des consommateurs l’exige. Vous trouverez plus d’informations au sujet de la société sous ce lien .","",t,2026-04-05 21:09:15.063888+01
24,d462d16c-2bc9-4c5b-8f1d-f93c5db9e178,70100fa7-14d2-44b4-8b3e-5db0519b89ab,pt,Informação legal,"Informação legal Esta propriedade é gerida, licenciada ou representada por uma empresa. Esta designação não tem qualquer relevância em termos fiscais, incluindo o IVA e outros “impostos indiretos”, mas é necessária de acordo com a legislação aplicável aos consumidores. Pode encontrar mais informações sobre a empresa aqui: Ver dados da empresa .","",t,2026-04-05 21:10:10.833907+01
36,a21682a8-5eaa-478b-a303-ce32f2106d41,34766f4b-e4dc-4940-ac3e-59c55ad52bf4,pt,Informação legal,"Informação legal Esta propriedade é gerida, licenciada ou representada por uma empresa. Esta designação não tem qualquer relevância em termos fiscais, incluindo o IVA e outros “impostos indiretos”, mas é necessária de acordo com a legislação aplicável aos consumidores. Pode encontrar mais informações sobre a empresa aqui: Ver dados da empresa .","",t,2026-04-05 21:15:47.03011+01
39,5b04ad37-d0a8-40bb-9d13-755ae2668ab0,20e8a954-1165-4b29-882a-6604629d5002,es,Información legal,"Información legal Este alojamiento lo gestiona, autoriza o representa una empresa. Esta etiqueta no tiene ninguna importancia en términos fiscales, incluido el IVA y otros ""impuestos indirectos"", pero es obligatoria según la legislación sobre los derechos de los consumidores correspondiente. Puedes encontrar más información sobre la empresa aquí: ver los datos de la empresa .","",t,2026-04-05 21:17:11.200922+01
40,f327a7ac-5ab6-4881-b825-d1188dbfa58f,90c3ba2c-7964-4a9a-9f17-23c3655040ab,es,,,,f,2026-04-05 21:17:51.716351+01
41,1685994d-c5ca-4315-9ef3-7c7ff91c58b4,20e8a954-1165-4b29-882a-6604629d5002,de,,,,f,2026-04-05 21:18:07.016134+01
42,7ae18067-d46d-4af4-909c-ea2eceb23748,90c3ba2c-7964-4a9a-9f17-23c3655040ab,de,,,,f,2026-04-05 21:18:24.032342+01
43,ae94abc7-fa16-4664-8807-111d67223ec4,90c3ba2c-7964-4a9a-9f17-23c3655040ab,it,Informazioni legali,"Informazioni legali Questa struttura è gestita, autorizzata o rappresentata da un'azienda. Questa definizione non ha rilevanza in termini fiscali, incluse l'IVA e altre ""imposte indirette"", ma è obbligatoria ai sensi delle norme applicabili per la tutela dei consumatori. Per sapere di più sull'azienda, vai a: dettagli dell'azienda .","",t,2026-04-05 21:19:20.927129+01
44,ee69400f-042d-490d-860b-63ea37dc7fa1,20e8a954-1165-4b29-882a-6604629d5002,it,Informazioni legali,"Informazioni legali Questa struttura è gestita, autorizzata o rappresentata da un'azienda. Questa definizione non ha rilevanza in termini fiscali, incluse l'IVA e altre ""imposte indirette"", ma è obbligatoria ai sensi delle norme applicabili per la tutela dei consumatori. Per sapere di più sull'azienda, vai a: dettagli dell'azienda .","",t,2026-04-05 21:19:36.332651+01
45,0685e950-e2ca-4bcc-bc1c-ac3a3f443d64,90c3ba2c-7964-4a9a-9f17-23c3655040ab,fr,,,,f,2026-04-05 21:20:27.629502+01
46,9f887b3a-6b79-4eb7-b810-1646c927162b,20e8a954-1165-4b29-882a-6604629d5002,fr,,,,f,2026-04-05 21:20:42.754317+01
47,1ebee56b-def3-4d1b-8459-967ec5ee8a85,90c3ba2c-7964-4a9a-9f17-23c3655040ab,pt,,,,f,2026-04-05 21:20:59.228751+01
25,76213af5-af57-4930-a69d-0ff8f53b2f91,f0d1f4ac-1d68-4673-9865-9a7ae902ecc0,en,Legal information,"Legal information This property is managed, licensed or represented by a business. This label has no relevance in terms of tax, including VAT and other 'indirect taxes', but is required under applicable consumer laws. You can find more information about the business here: See business details .","",t,2026-04-05 21:11:06.277582+01
26,0b1e1088-5a7d-48db-957d-d59d7ff10587,34766f4b-e4dc-4940-ac3e-59c55ad52bf4,en,Legal information,"Legal information This property is managed, licensed or represented by a business. This label has no relevance in terms of tax, including VAT and other 'indirect taxes', but is required under applicable consumer laws. You can find more information about the business here: See business details .","",t,2026-04-05 21:11:33.532616+01
27,6b58007a-a183-4cd7-8555-a2af4d12c206,f0d1f4ac-1d68-4673-9865-9a7ae902ecc0,es,Información legal,"Información legal Este alojamiento lo gestiona, autoriza o representa una empresa. Esta etiqueta no tiene ninguna importancia en términos fiscales, incluido el IVA y otros ""impuestos indirectos"", pero es obligatoria según la legislación sobre los derechos de los consumidores correspondiente. Puedes encontrar más información sobre la empresa aquí: ver los datos de la empresa .","",t,2026-04-05 21:11:47.510479+01
28,b21d6e0a-1285-4050-bf6a-cb41d6693b8d,34766f4b-e4dc-4940-ac3e-59c55ad52bf4,es,Información legal,"Información legal Este alojamiento lo gestiona, autoriza o representa una empresa. Esta etiqueta no tiene ninguna importancia en términos fiscales, incluido el IVA y otros ""impuestos indirectos"", pero es obligatoria según la legislación sobre los derechos de los consumidores correspondiente. Puedes encontrar más información sobre la empresa aquí: ver los datos de la empresa .","",t,2026-04-05 21:12:31.323992+01
29,7375013b-5691-4683-b38c-5ea06a30919a,f0d1f4ac-1d68-4673-9865-9a7ae902ecc0,de,Rechtliche Informationen,"Rechtliche Informationen Diese Unterkunft wird durch ein Unternehmen verwaltet, lizenziert oder vertreten. Diese Kennzeichnung hat keine steuerliche Relevanz, einschließlich MwSt. und weiterer „indirekter Steuern“. Sie ist jedoch nach geltendem Verbraucherrecht erforderlich. Weitere Informationen zum Unternehmen finden Sie in den: Angaben zum Unternehmen .","",t,2026-04-05 21:12:49.823013+01
30,1872e0a7-c1a5-4e5b-b083-b43cc439ad7c,34766f4b-e4dc-4940-ac3e-59c55ad52bf4,de,Rechtliche Informationen,"Rechtliche Informationen Diese Unterkunft wird durch ein Unternehmen verwaltet, lizenziert oder vertreten. Diese Kennzeichnung hat keine steuerliche Relevanz, einschließlich MwSt. und weiterer „indirekter Steuern“. Sie ist jedoch nach geltendem Verbraucherrecht erforderlich. Weitere Informationen zum Unternehmen finden Sie in den: Angaben zum Unternehmen .","",t,2026-04-05 21:13:05.284254+01
31,7c4d3512-8ddf-4531-ae63-6ecb0cd490fb,f0d1f4ac-1d68-4673-9865-9a7ae902ecc0,it,Informazioni legali,"Informazioni legali Questa struttura è gestita, autorizzata o rappresentata da un'azienda. Questa definizione non ha rilevanza in termini fiscali, incluse l'IVA e altre ""imposte indirette"", ma è obbligatoria ai sensi delle norme applicabili per la tutela dei consumatori. Per sapere di più sull'azienda, vai a: dettagli dell'azienda .","",t,2026-04-05 21:13:47.446075+01
32,e58f8bb8-6067-4937-b5f3-7ea02ae10c5a,34766f4b-e4dc-4940-ac3e-59c55ad52bf4,it,Informazioni legali,"Informazioni legali Questa struttura è gestita, autorizzata o rappresentata da un'azienda. Questa definizione non ha rilevanza in termini fiscali, incluse l'IVA e altre ""imposte indirette"", ma è obbligatoria ai sensi delle norme applicabili per la tutela dei consumatori. Per sapere di più sull'azienda, vai a: dettagli dell'azienda .","",t,2026-04-05 21:14:16.109583+01
33,f5eac6b2-352d-436f-a6b9-d751404a9703,f0d1f4ac-1d68-4673-9865-9a7ae902ecc0,fr,Informations juridiques,"Informations juridiques Cet établissement est géré, est représenté ou détient une licence délivrée par une société. Cette mention n’a aucune incidence sur les taxes, y compris sur la TVA et sur toute autre « taxe indirecte », mais la législation applicable en matière de protection des consommateurs l’exige. Vous trouverez plus d’informations au sujet de la société sous ce lien .","",t,2026-04-05 21:14:35.275932+01
34,4c91a2d1-4276-4618-8211-220e37637fef,34766f4b-e4dc-4940-ac3e-59c55ad52bf4,fr,Informations juridiques,"Informations juridiques Cet établissement est géré, est représenté ou détient une licence délivrée par une société. Cette mention n’a aucune incidence sur les taxes, y compris sur la TVA et sur toute autre « taxe indirecte », mais la législation applicable en matière de protection des consommateurs l’exige. Vous trouverez plus d’informations au sujet de la société sous ce lien .","",t,2026-04-05 21:15:15.367997+01
35,53142cca-0613-4f13-9c87-ab8067b107e3,f0d1f4ac-1d68-4673-9865-9a7ae902ecc0,pt,Informação legal,"Informação legal Esta propriedade é gerida, licenciada ou representada por uma empresa. Esta designação não tem qualquer relevância em termos fiscais, incluindo o IVA e outros “impostos indiretos”, mas é necessária de acordo com a legislação aplicável aos consumidores. Pode encontrar mais informações sobre a empresa aqui: Ver dados da empresa .","",t,2026-04-05 21:15:30.983912+01
38,42c8b07c-1b3c-4808-bf65-7bf2bc852bd7,90c3ba2c-7964-4a9a-9f17-23c3655040ab,en,Legal information,"Legal information This property is managed, licensed or represented by a business. This label has no relevance in terms of tax, including VAT and other 'indirect taxes', but is required under applicable consumer laws. You can find more information about the business here: See business details .","",t,2026-04-05 21:16:46.330175+01
48,663c9d9c-fc9f-432e-9eb7-426d3780a10b,20e8a954-1165-4b29-882a-6604629d5002,pt,Informação legal,"Informação legal Esta propriedade é gerida, licenciada ou representada por uma empresa. Esta designação não tem qualquer relevância em termos fiscais, incluindo o IVA e outros “impostos indiretos”, mas é necessária de acordo com a legislação aplicável aos consumidores. Pode encontrar mais informações sobre a empresa aqui: Ver dados da empresa .","",t,2026-04-05 21:21:33.786285+01
53,76a5a9e3-ea30-46ca-a716-c14e50f6fb42,63432542-7237-412e-8bf5-b978902acde6,de,Rechtliche Informationen,"Rechtliche Informationen Diese Unterkunft wird durch ein Unternehmen verwaltet, lizenziert oder vertreten. Diese Kennzeichnung hat keine steuerliche Relevanz, einschließlich MwSt. und weiterer „indirekter Steuern“. Sie ist jedoch nach geltendem Verbraucherrecht erforderlich. Weitere Informationen zum Unternehmen finden Sie in den: Angaben zum Unternehmen .","",t,2026-04-05 21:24:01.275331+01
54,828ad2a9-e94d-467d-8efa-c0b83e59930f,17a175b8-e9ac-4b22-adf9-57ea9cbd5034,de,Rechtliche Informationen,"Rechtliche Informationen Diese Unterkunft wird durch ein Unternehmen verwaltet, lizenziert oder vertreten. Diese Kennzeichnung hat keine steuerliche Relevanz, einschließlich MwSt. und weiterer „indirekter Steuern“. Sie ist jedoch nach geltendem Verbraucherrecht erforderlich. Weitere Informationen zum Unternehmen finden Sie in den: Angaben zum Unternehmen .","",t,2026-04-05 21:24:38.515907+01
55,dfa3fa48-1785-4e50-b825-bef19243602c,63432542-7237-412e-8bf5-b978902acde6,it,Informazioni legali,"Informazioni legali Questa struttura è gestita, autorizzata o rappresentata da un'azienda. Questa definizione non ha rilevanza in termini fiscali, incluse l'IVA e altre ""imposte indirette"", ma è obbligatoria ai sensi delle norme applicabili per la tutela dei consumatori. Per sapere di più sull'azienda, vai a: dettagli dell'azienda .","",t,2026-04-05 21:25:02.664206+01
56,8fdbb375-62a2-4a9d-9dae-be3959bf5b15,17a175b8-e9ac-4b22-adf9-57ea9cbd5034,it,Informazioni legali,"Informazioni legali Questa struttura è gestita, autorizzata o rappresentata da un'azienda. Questa definizione non ha rilevanza in termini fiscali, incluse l'IVA e altre ""imposte indirette"", ma è obbligatoria ai sensi delle norme applicabili per la tutela dei consumatori. Per sapere di più sull'azienda, vai a: dettagli dell'azienda .","",t,2026-04-05 21:25:17.92214+01
57,6380baa6-a946-4476-974b-110c1774edde,63432542-7237-412e-8bf5-b978902acde6,fr,Informations juridiques,"Informations juridiques Cet établissement est géré, est représenté ou détient une licence délivrée par une société. Cette mention n’a aucune incidence sur les taxes, y compris sur la TVA et sur toute autre « taxe indirecte », mais la législation applicable en matière de protection des consommateurs l’exige. Vous trouverez plus d’informations au sujet de la société sous ce lien .","",t,2026-04-05 21:25:55.353021+01
58,47ee8c72-ac8e-4b35-aaf0-885b61a3dfeb,17a175b8-e9ac-4b22-adf9-57ea9cbd5034,fr,Informations juridiques,"Informations juridiques Cet établissement est géré, est représenté ou détient une licence délivrée par une société. Cette mention n’a aucune incidence sur les taxes, y compris sur la TVA et sur toute autre « taxe indirecte », mais la législation applicable en matière de protection des consommateurs l’exige. Vous trouverez plus d’informations au sujet de la société sous ce lien .","",t,2026-04-05 21:26:26.653304+01
59,f0c3c686-16d7-465b-9957-0a3067c08674,63432542-7237-412e-8bf5-b978902acde6,pt,Informação legal,"Informação legal Esta propriedade é gerida, licenciada ou representada por uma empresa. Esta designação não tem qualquer relevância em termos fiscais, incluindo o IVA e outros “impostos indiretos”, mas é necessária de acordo com a legislação aplicável aos consumidores. Pode encontrar mais informações sobre a empresa aqui: Ver dados da empresa .","",t,2026-04-05 21:26:32.665155+01
60,8bb4bc68-e3d0-4e53-a205-e45cb548ce2d,17a175b8-e9ac-4b22-adf9-57ea9cbd5034,pt,Informação legal,"Informação legal Esta propriedade é gerida, licenciada ou representada por uma empresa. Esta designação não tem qualquer relevância em termos fiscais, incluindo o IVA e outros “impostos indiretos”, mas é necessária de acordo com a legislação aplicável aos consumidores. Pode encontrar mais informações sobre a empresa aqui: Ver dados da empresa .","",t,2026-04-05 21:27:14.22227+01
61,d07ea139-eb0b-4158-a8e8-646b4f646127,5cac438d-8900-4215-b757-ec13252ad487,en,Legal information,"Legal information This property is managed, licensed or represented by a business. This label has no relevance in terms of tax, including VAT and other 'indirect taxes', but is required under applicable consumer laws. You can find more information about the business here: See business details .","",t,2026-04-05 21:28:05.884338+01
62,42757fba-04b4-4bda-999b-72a7f8f596dd,e40bf88c-b153-415b-8daf-ecad573901bd,en,Legal information,"Legal information This property is managed, licensed or represented by a business. This label has no relevance in terms of tax, including VAT and other 'indirect taxes', but is required under applicable consumer laws. You can find more information about the business here: See business details .","",t,2026-04-05 21:28:20.767578+01
63,916d32b4-e33e-4af1-811c-4260cf77a0d9,5cac438d-8900-4215-b757-ec13252ad487,es,Información legal,"Información legal Este alojamiento lo gestiona, autoriza o representa una empresa. Esta etiqueta no tiene ninguna importancia en términos fiscales, incluido el IVA y otros ""impuestos indirectos"", pero es obligatoria según la legislación sobre los derechos de los consumidores correspondiente. Puedes encontrar más información sobre la empresa aquí: ver los datos de la empresa .","",t,2026-04-05 21:28:45.619598+01
64,1b929db5-6778-4c8f-907b-d2fd469cec8e,e40bf88c-b153-415b-8daf-ecad573901bd,es,Información legal,"Información legal Este alojamiento lo gestiona, autoriza o representa una empresa. Esta etiqueta no tiene ninguna importancia en términos fiscales, incluido el IVA y otros ""impuestos indirectos"", pero es obligatoria según la legislación sobre los derechos de los consumidores correspondiente. Puedes encontrar más información sobre la empresa aquí: ver los datos de la empresa .","",t,2026-04-05 21:29:22.109592+01
65,8c3a49eb-0f84-469d-856c-47d0b6283089,5cac438d-8900-4215-b757-ec13252ad487,de,Rechtliche Informationen,"Rechtliche Informationen Diese Unterkunft wird durch ein Unternehmen verwaltet, lizenziert oder vertreten. Diese Kennzeichnung hat keine steuerliche Relevanz, einschließlich MwSt. und weiterer „indirekter Steuern“. Sie ist jedoch nach geltendem Verbraucherrecht erforderlich. Weitere Informationen zum Unternehmen finden Sie in den: Angaben zum Unternehmen .","",t,2026-04-05 21:29:36.777687+01
66,a434312e-0229-4950-90ba-39b780a085f6,e40bf88c-b153-415b-8daf-ecad573901bd,de,Rechtliche Informationen,"Rechtliche Informationen Diese Unterkunft wird durch ein Unternehmen verwaltet, lizenziert oder vertreten. Diese Kennzeichnung hat keine steuerliche Relevanz, einschließlich MwSt. und weiterer „indirekter Steuern“. Sie ist jedoch nach geltendem Verbraucherrecht erforderlich. Weitere Informationen zum Unternehmen finden Sie in den: Angaben zum Unternehmen .","",t,2026-04-05 21:30:05.663314+01
67,caab8601-72d1-45ff-88d6-3e616f705817,5cac438d-8900-4215-b757-ec13252ad487,it,Informazioni legali,"Informazioni legali Questa struttura è gestita, autorizzata o rappresentata da un'azienda. Questa definizione non ha rilevanza in termini fiscali, incluse l'IVA e altre ""imposte indirette"", ma è obbligatoria ai sensi delle norme applicabili per la tutela dei consumatori. Per sapere di più sull'azienda, vai a: dettagli dell'azienda .","",t,2026-04-05 21:30:32.664668+01
68,2b1002f5-530f-4948-a3de-acf223e138ab,e40bf88c-b153-415b-8daf-ecad573901bd,it,Informazioni legali,"Informazioni legali Questa struttura è gestita, autorizzata o rappresentata da un'azienda. Questa definizione non ha rilevanza in termini fiscali, incluse l'IVA e altre ""imposte indirette"", ma è obbligatoria ai sensi delle norme applicabili per la tutela dei consumatori. Per sapere di più sull'azienda, vai a: dettagli dell'azienda .","",t,2026-04-05 21:30:52.196655+01
69,9149dda5-7d20-45f6-872e-92d6393fc763,5cac438d-8900-4215-b757-ec13252ad487,fr,Informations juridiques,"Informations juridiques Cet établissement est géré, est représenté ou détient une licence délivrée par une société. Cette mention n’a aucune incidence sur les taxes, y compris sur la TVA et sur toute autre « taxe indirecte », mais la législation applicable en matière de protection des consommateurs l’exige. Vous trouverez plus d’informations au sujet de la société sous ce lien .","",t,2026-04-05 21:31:02.334856+01
70,f736e841-933b-42e3-a2f6-f7d2c96a772e,e40bf88c-b153-415b-8daf-ecad573901bd,fr,Informations juridiques,"Informations juridiques Cet établissement est géré, est représenté ou détient une licence délivrée par une société. Cette mention n’a aucune incidence sur les taxes, y compris sur la TVA et sur toute autre « taxe indirecte », mais la législation applicable en matière de protection des consommateurs l’exige. Vous trouverez plus d’informations au sujet de la société sous ce lien .","",t,2026-04-05 21:31:52.065217+01
71,68b1e062-497c-4d48-8762-7bc749737eeb,5cac438d-8900-4215-b757-ec13252ad487,pt,Informação legal,"Informação legal Esta propriedade é gerida, licenciada ou representada por uma empresa. Esta designação não tem qualquer relevância em termos fiscais, incluindo o IVA e outros “impostos indiretos”, mas é necessária de acordo com a legislação aplicável aos consumidores. Pode encontrar mais informações sobre a empresa aqui: Ver dados da empresa .","",t,2026-04-05 21:32:09.805202+01
72,33e95f14-aea3-4e09-aa34-affba808f539,e40bf88c-b153-415b-8daf-ecad573901bd,pt,Informação legal,"Informação legal Esta propriedade é gerida, licenciada ou representada por uma empresa. Esta designação não tem qualquer relevância em termos fiscais, incluindo o IVA e outros “impostos indiretos”, mas é necessária de acordo com a legislação aplicável aos consumidores. Pode encontrar mais informações sobre a empresa aqui: Ver dados da empresa .","",t,2026-04-05 21:32:24.671995+01
73,51a70bdb-b698-4f36-aa9f-a2c15b7cd255,dda86d63-7730-4a92-ade9-0a2f0658a422,en,,,,f,2026-04-05 21:33:32.62902+01
74,fd1202b0-0761-4bce-956d-cecfd64c22f7,0e23d6a1-dc26-491b-a16a-8f33b0c74a5c,en,,,,f,2026-04-05 21:33:56.61921+01
75,8add1f6e-6600-4346-9b2d-0f286fe156f2,dda86d63-7730-4a92-ade9-0a2f0658a422,es,Información legal,"Información legal Este alojamiento lo gestiona, autoriza o representa una empresa. Esta etiqueta no tiene ninguna importancia en términos fiscales, incluido el IVA y otros ""impuestos indirectos"", pero es obligatoria según la legislación sobre los derechos de los consumidores correspondiente. Puedes encontrar más información sobre la empresa aquí: ver los datos de la empresa .","",t,2026-04-05 21:35:20.784693+01
76,d4df679c-b282-4d4c-8066-02fa0d567f7a,0e23d6a1-dc26-491b-a16a-8f33b0c74a5c,es,Información legal,"Información legal Este alojamiento lo gestiona, autoriza o representa una empresa. Esta etiqueta no tiene ninguna importancia en términos fiscales, incluido el IVA y otros ""impuestos indirectos"", pero es obligatoria según la legislación sobre los derechos de los consumidores correspondiente. Puedes encontrar más información sobre la empresa aquí: ver los datos de la empresa .","",t,2026-04-05 21:35:41.205767+01
77,ba1673a6-1772-439f-bffe-5181fe01e215,dda86d63-7730-4a92-ade9-0a2f0658a422,de,Rechtliche Informationen,"Rechtliche Informationen Diese Unterkunft wird durch ein Unternehmen verwaltet, lizenziert oder vertreten. Diese Kennzeichnung hat keine steuerliche Relevanz, einschließlich MwSt. und weiterer „indirekter Steuern“. Sie ist jedoch nach geltendem Verbraucherrecht erforderlich. Weitere Informationen zum Unternehmen finden Sie in den: Angaben zum Unternehmen .","",t,2026-04-05 21:35:56.347797+01
78,24934c45-acc8-4cc0-8f60-e7e281c042bf,0e23d6a1-dc26-491b-a16a-8f33b0c74a5c,de,,,,f,2026-04-05 21:36:38.443655+01
79,f1338f7e-468b-4480-b524-f558a6053792,dda86d63-7730-4a92-ade9-0a2f0658a422,it,,,,f,2026-04-05 21:37:01.542022+01
80,85f0c4c2-2d18-4424-8f39-569d03b19702,0e23d6a1-dc26-491b-a16a-8f33b0c74a5c,it,,,,f,2026-04-05 21:37:16.951481+01
81,9953c42d-60e2-46af-ac0f-02684c3bee56,dda86d63-7730-4a92-ade9-0a2f0658a422,fr,Informations juridiques,"Informations juridiques Cet établissement est géré, est représenté ou détient une licence délivrée par une société. Cette mention n’a aucune incidence sur les taxes, y compris sur la TVA et sur toute autre « taxe indirecte », mais la législation applicable en matière de protection des consommateurs l’exige. Vous trouverez plus d’informations au sujet de la société sous ce lien .","",t,2026-04-05 21:38:00.514643+01
82,64eb1b16-7013-4909-8b46-142521c9d3b3,0e23d6a1-dc26-491b-a16a-8f33b0c74a5c,fr,Informations juridiques,"Informations juridiques Cet établissement est géré, est représenté ou détient une licence délivrée par une société. Cette mention n’a aucune incidence sur les taxes, y compris sur la TVA et sur toute autre « taxe indirecte », mais la législation applicable en matière de protection des consommateurs l’exige. Vous trouverez plus d’informations au sujet de la société sous ce lien .","",t,2026-04-05 21:38:12.083236+01
83,24491622-e24a-4096-b16b-72e15dd1fe10,dda86d63-7730-4a92-ade9-0a2f0658a422,pt,Informação legal,"Informação legal Esta propriedade é gerida, licenciada ou representada por uma empresa. Esta designação não tem qualquer relevância em termos fiscais, incluindo o IVA e outros “impostos indiretos”, mas é necessária de acordo com a legislação aplicável aos consumidores. Pode encontrar mais informações sobre a empresa aqui: Ver dados da empresa .","",t,2026-04-05 21:38:41.944331+01
84,790b59ef-6cea-4d4f-a29e-b6bcddceef4b,0e23d6a1-dc26-491b-a16a-8f33b0c74a5c,pt,Informação legal,"Informação legal Esta propriedade é gerida, licenciada ou representada por uma empresa. Esta designação não tem qualquer relevância em termos fiscais, incluindo o IVA e outros “impostos indiretos”, mas é necessária de acordo com a legislação aplicável aos consumidores. Pode encontrar mais informações sobre a empresa aqui: Ver dados da empresa .","",t,2026-04-05 21:39:04.387745+01
