id,hotel_id,url_id,language,highlight_category,highlight_detail,created_at
1,810d27aa-557b-42f0-8c68-87685be92863,bb9e1557-2dbe-4e3e-b73d-83cffd0125c7,en,Top Location,Top location: Highly rated by recent guests (9.5),2026-04-09 22:31:42.739407+01
2,810d27aa-557b-42f0-8c68-87685be92863,bb9e1557-2dbe-4e3e-b73d-83cffd0125c7,en,Breakfast info,Buffet,2026-04-09 22:31:42.739407+01
3,2426da1b-fbc6-42af-8717-1193e41957f6,581328fa-6264-48f2-95ce-652ee6984e57,en,Heart,"Situated in the best rated area in Ohrid, this property has an excellent location score of 9.3",2026-04-09 22:31:57.517225+01
4,aa1b23f8-cc8b-4099-800e-b9575d1baf0b,bb9e1557-2dbe-4e3e-b73d-83cffd0125c7,es,Top Location,"La mejor ubicación. Los viajeros recientes le dan una puntuación alta (9,5)",2026-04-09 22:32:26.772966+01
5,aa1b23f8-cc8b-4099-800e-b9575d1baf0b,bb9e1557-2dbe-4e3e-b73d-83cffd0125c7,es,Información sobre el desayuno,Buffet,2026-04-09 22:32:26.772966+01
6,a1f83683-8a5c-4f06-903a-c5d9b50e1081,581328fa-6264-48f2-95ce-652ee6984e57,es,Heart,"Situado en la zona mejor valorada de Ohrid, este alojamiento tiene una excelente puntuación en ubicación (9,3).",2026-04-09 22:32:56.483008+01
7,a9cd4be4-1989-4693-8f1d-6fa773831c7b,bb9e1557-2dbe-4e3e-b73d-83cffd0125c7,de,Top Location,"Tolle Lage: von Gästen aktuell mit sehr gut bewertet (9,5)",2026-04-09 22:33:10.675547+01
8,a9cd4be4-1989-4693-8f1d-6fa773831c7b,bb9e1557-2dbe-4e3e-b73d-83cffd0125c7,de,Frühstücks-Info,Buffet,2026-04-09 22:33:10.675547+01
9,2cba928e-31ab-481b-95a9-b029db4706e6,581328fa-6264-48f2-95ce-652ee6984e57,de,Heart,"Diese Unterkunft befindet sich in der am besten bewerteten Gegend in Ohrid und hat für ihre Lage ein hervorragendes Bewertungsergebnis von 9,3",2026-04-09 22:33:24.633175+01
10,8ed0ae57-f195-4781-828f-4ab768226cca,bb9e1557-2dbe-4e3e-b73d-83cffd0125c7,it,Top Location,"Posizione fantastica: valutata dagli ospiti recenti con 9,5",2026-04-09 22:33:56.361432+01
11,8ed0ae57-f195-4781-828f-4ab768226cca,bb9e1557-2dbe-4e3e-b73d-83cffd0125c7,it,Informazioni sulla colazione,a buffet,2026-04-09 22:33:56.361432+01
12,61874721-d4aa-4aa6-a498-990b90192a53,581328fa-6264-48f2-95ce-652ee6984e57,it,Heart,"Situata nella zona più gettonata di Ohrid, questa struttura ha un ottimo punteggio per la posizione: 9,3!",2026-04-09 22:34:20.058404+01
13,769e90c1-bfc4-4030-a3dd-0fc86a343ae7,bb9e1557-2dbe-4e3e-b73d-83cffd0125c7,fr,Top Location,"Bonne situation géographique : très bien notée par de récents voyageurs (9,5)",2026-04-09 22:34:34.808239+01
14,769e90c1-bfc4-4030-a3dd-0fc86a343ae7,bb9e1557-2dbe-4e3e-b73d-83cffd0125c7,fr,Infos concernant le petit-déjeuner,Buffet,2026-04-09 22:34:34.808239+01
15,4c7b5071-b01e-4dea-b978-74cb216dc7d7,581328fa-6264-48f2-95ce-652ee6984e57,fr,Heart,"Situé dans le quartier le plus apprécié de Ohrid, cet établissement affiche l'excellente note de 9,3 pour sa situation géographique.",2026-04-09 22:34:50.10363+01
16,413521d5-2cee-4913-a7a0-5d1e6cb76584,bb9e1557-2dbe-4e3e-b73d-83cffd0125c7,pt,Top Location,"Excelente localização: os hóspedes recentes deram uma pontuação alta (9,5)",2026-04-09 22:35:29.96027+01
17,413521d5-2cee-4913-a7a0-5d1e6cb76584,bb9e1557-2dbe-4e3e-b73d-83cffd0125c7,pt,Informação sobre o pequeno-almoço,Buffet,2026-04-09 22:35:29.96027+01
18,8139d4d5-449f-49f4-8cd7-e2c719e4daca,581328fa-6264-48f2-95ce-652ee6984e57,pt,Heart,"Situado na área com melhor avaliação em Ohrid, este alojamento tem uma excelente pontuação de localização: 9,3",2026-04-09 22:35:39.40756+01
19,e5810752-d799-468b-a3b2-b3271ba19265,930290d8-c446-42b2-854f-e9f742aabdb9,en,Get what you need,"If you have any questions after booking, this property responds fast.",2026-04-09 22:36:21.789209+01
20,e5810752-d799-468b-a3b2-b3271ba19265,930290d8-c446-42b2-854f-e9f742aabdb9,en,Top Location,Top location: Highly rated by recent guests (10.0),2026-04-09 22:36:21.789209+01
21,e5810752-d799-468b-a3b2-b3271ba19265,930290d8-c446-42b2-854f-e9f742aabdb9,en,Breakfast info,"Continental, American, Breakfast to go",2026-04-09 22:36:21.789209+01
22,e5810752-d799-468b-a3b2-b3271ba19265,930290d8-c446-42b2-854f-e9f742aabdb9,en,Parking,Free private parking available at the hotel,2026-04-09 22:36:21.789209+01
23,5efd88fa-ff04-419c-9bf3-ef9d0478bf56,88f9c028-7c71-40c2-84e3-1797e70eecae,en,Top Location,Top location: Highly rated by recent guests (9.6),2026-04-09 22:36:40.446875+01
24,5efd88fa-ff04-419c-9bf3-ef9d0478bf56,88f9c028-7c71-40c2-84e3-1797e70eecae,en,Breakfast info,Buffet,2026-04-09 22:36:40.446875+01
25,5efd88fa-ff04-419c-9bf3-ef9d0478bf56,88f9c028-7c71-40c2-84e3-1797e70eecae,en,Activities:,Tennis court,2026-04-09 22:36:40.446875+01
26,ed6e7aef-3eb4-4827-bfb3-3489a2a98944,930290d8-c446-42b2-854f-e9f742aabdb9,es,Consigue lo que necesites,Este alojamiento responde rápido a cualquier pregunta que tengas después de reservar.,2026-04-09 22:36:55.397904+01
27,ed6e7aef-3eb4-4827-bfb3-3489a2a98944,930290d8-c446-42b2-854f-e9f742aabdb9,es,Top Location,"La mejor ubicación. Los viajeros recientes le dan una puntuación alta (10,0)",2026-04-09 22:36:55.397904+01
28,ed6e7aef-3eb4-4827-bfb3-3489a2a98944,930290d8-c446-42b2-854f-e9f742aabdb9,es,Información sobre el desayuno,"Continental, Americano, Desayuno para llevar",2026-04-09 22:36:55.397904+01
29,ed6e7aef-3eb4-4827-bfb3-3489a2a98944,930290d8-c446-42b2-854f-e9f742aabdb9,es,Parking,Hay parking privado gratis en el hotel,2026-04-09 22:36:55.397904+01
30,5fdb69f7-4010-4d55-809f-aee685cd4d5a,88f9c028-7c71-40c2-84e3-1797e70eecae,es,Top Location,"La mejor ubicación. Los viajeros recientes le dan una puntuación alta (9,6)",2026-04-09 22:37:45.846015+01
31,5fdb69f7-4010-4d55-809f-aee685cd4d5a,88f9c028-7c71-40c2-84e3-1797e70eecae,es,Información sobre el desayuno,Buffet,2026-04-09 22:37:45.846015+01
32,5fdb69f7-4010-4d55-809f-aee685cd4d5a,88f9c028-7c71-40c2-84e3-1797e70eecae,es,Actividades:,Pista de tenis,2026-04-09 22:37:45.846015+01
33,1c6274ba-b654-4960-9db5-62d093f5a758,930290d8-c446-42b2-854f-e9f742aabdb9,de,"Erhalten Sie alles, was Sie brauchen",Diese Unterkunft antwortet schnell – falls Sie nach der Buchung Fragen haben.,2026-04-09 22:37:59.582493+01
34,1c6274ba-b654-4960-9db5-62d093f5a758,930290d8-c446-42b2-854f-e9f742aabdb9,de,Top Location,"Tolle Lage: von Gästen aktuell mit sehr gut bewertet (10,0)",2026-04-09 22:37:59.582493+01
35,1c6274ba-b654-4960-9db5-62d093f5a758,930290d8-c446-42b2-854f-e9f742aabdb9,de,Frühstücks-Info,"Kontinental, Amerikanisch, Frühstück zum Mitnehmen",2026-04-09 22:37:59.582493+01
36,1c6274ba-b654-4960-9db5-62d093f5a758,930290d8-c446-42b2-854f-e9f742aabdb9,de,Parking,An dem Hotel stehen kostenfreie Privatparkplätze zur Verfügung,2026-04-09 22:37:59.582493+01
37,0ba116d7-eca8-4ed8-96ec-5bbc264229e7,88f9c028-7c71-40c2-84e3-1797e70eecae,de,Top Location,"Tolle Lage: von Gästen aktuell mit sehr gut bewertet (9,6)",2026-04-09 22:38:14.691113+01
38,0ba116d7-eca8-4ed8-96ec-5bbc264229e7,88f9c028-7c71-40c2-84e3-1797e70eecae,de,Frühstücks-Info,Buffet,2026-04-09 22:38:14.691113+01
39,0ba116d7-eca8-4ed8-96ec-5bbc264229e7,88f9c028-7c71-40c2-84e3-1797e70eecae,de,Aktivitäten:,Tennisplatz,2026-04-09 22:38:14.691113+01
40,7cca6934-2ab5-450f-84da-65eae9b2c722,88f9c028-7c71-40c2-84e3-1797e70eecae,it,Top Location,"Posizione fantastica: valutata dagli ospiti recenti con 9,6",2026-04-09 22:38:55.099582+01
41,7cca6934-2ab5-450f-84da-65eae9b2c722,88f9c028-7c71-40c2-84e3-1797e70eecae,it,Informazioni sulla colazione,a buffet,2026-04-09 22:38:55.099582+01
42,7cca6934-2ab5-450f-84da-65eae9b2c722,88f9c028-7c71-40c2-84e3-1797e70eecae,it,Attività:,Campo da tennis,2026-04-09 22:38:55.099582+01
43,6ee3def9-bef4-4548-805a-fe6677fefb2c,930290d8-c446-42b2-854f-e9f742aabdb9,it,Chiedi ciò che ti serve,"Se dopo aver prenotato hai una domanda, questa struttura risponde rapidamente.",2026-04-09 22:39:19.105933+01
44,6ee3def9-bef4-4548-805a-fe6677fefb2c,930290d8-c446-42b2-854f-e9f742aabdb9,it,Top Location,"Posizione fantastica: valutata dagli ospiti recenti con 10,0",2026-04-09 22:39:19.105933+01
45,6ee3def9-bef4-4548-805a-fe6677fefb2c,930290d8-c446-42b2-854f-e9f742aabdb9,it,Informazioni sulla colazione,"continentale, americana, Colazione da asporto",2026-04-09 22:39:19.105933+01
46,6ee3def9-bef4-4548-805a-fe6677fefb2c,930290d8-c446-42b2-854f-e9f742aabdb9,it,Parking,Parcheggio privato gratuito disponibile presso l'hotel,2026-04-09 22:39:19.105933+01
47,6a67a881-d25e-4252-acf6-8ebb915c0cd7,88f9c028-7c71-40c2-84e3-1797e70eecae,fr,Top Location,"Bonne situation géographique : très bien notée par de récents voyageurs (9,6)",2026-04-09 22:39:26.260244+01
48,6a67a881-d25e-4252-acf6-8ebb915c0cd7,88f9c028-7c71-40c2-84e3-1797e70eecae,fr,Infos concernant le petit-déjeuner,Buffet,2026-04-09 22:39:26.260244+01
49,6a67a881-d25e-4252-acf6-8ebb915c0cd7,88f9c028-7c71-40c2-84e3-1797e70eecae,fr,Activités :,Court de tennis,2026-04-09 22:39:26.260244+01
50,acc7117a-2b92-4797-ae4e-db05be637cfb,930290d8-c446-42b2-854f-e9f742aabdb9,fr,Obtenez ce dont vous avez besoin,Cet établissement répond rapidement aux questions que vous auriez après votre réservation.,2026-04-09 22:40:16.306994+01
51,acc7117a-2b92-4797-ae4e-db05be637cfb,930290d8-c446-42b2-854f-e9f742aabdb9,fr,Top Location,"Bonne situation géographique : très bien notée par de récents voyageurs (10,0)",2026-04-09 22:40:16.306994+01
52,acc7117a-2b92-4797-ae4e-db05be637cfb,930290d8-c446-42b2-854f-e9f742aabdb9,fr,Infos concernant le petit-déjeuner,"Continental, Américain, Petit-déjeuner à emporter",2026-04-09 22:40:16.306994+01
53,acc7117a-2b92-4797-ae4e-db05be637cfb,930290d8-c446-42b2-854f-e9f742aabdb9,fr,Parking,Parking privé gratuit à l'hôtel,2026-04-09 22:40:16.306994+01
54,bec05677-fa9c-425e-9d32-344b0e2d465a,88f9c028-7c71-40c2-84e3-1797e70eecae,pt,Top Location,"Excelente localização: os hóspedes recentes deram uma pontuação alta (9,6)",2026-04-09 22:40:31.533808+01
55,bec05677-fa9c-425e-9d32-344b0e2d465a,88f9c028-7c71-40c2-84e3-1797e70eecae,pt,Informação sobre o pequeno-almoço,Buffet,2026-04-09 22:40:31.533808+01
56,bec05677-fa9c-425e-9d32-344b0e2d465a,88f9c028-7c71-40c2-84e3-1797e70eecae,pt,Atividades:,Campo de Ténis,2026-04-09 22:40:31.533808+01
57,7090464c-5dc9-477e-a02d-b7ba4c266158,930290d8-c446-42b2-854f-e9f742aabdb9,pt,Obtenha o que precisa,"Caso tenha alguma questão após a reserva, este alojamento responde rapidamente.",2026-04-09 22:40:47.389369+01
58,7090464c-5dc9-477e-a02d-b7ba4c266158,930290d8-c446-42b2-854f-e9f742aabdb9,pt,Top Location,"Excelente localização: os hóspedes recentes deram uma pontuação alta (10,0)",2026-04-09 22:40:47.389369+01
59,7090464c-5dc9-477e-a02d-b7ba4c266158,930290d8-c446-42b2-854f-e9f742aabdb9,pt,Informação sobre o pequeno-almoço,"Continental, Americano, Pequeno-almoço para levar",2026-04-09 22:40:47.389369+01
60,7090464c-5dc9-477e-a02d-b7ba4c266158,930290d8-c446-42b2-854f-e9f742aabdb9,pt,Parking,Estacionamento privado gratuito disponível no hotel,2026-04-09 22:40:47.389369+01
61,2881cee3-970e-41f1-9cbb-1862bd5ac60d,ed761e6f-41c0-47e5-a84d-051116cc4297,en,Top Location,Top location: Highly rated by recent guests (9.9),2026-04-09 22:41:28.694588+01
62,2881cee3-970e-41f1-9cbb-1862bd5ac60d,ed761e6f-41c0-47e5-a84d-051116cc4297,en,Breakfast info,"Continental, Vegetarian, Gluten-free, American, Buffet",2026-04-09 22:41:28.694588+01
63,2881cee3-970e-41f1-9cbb-1862bd5ac60d,ed761e6f-41c0-47e5-a84d-051116cc4297,en,Parking,Free private parking available on-site,2026-04-09 22:41:28.694588+01
64,2881cee3-970e-41f1-9cbb-1862bd5ac60d,ed761e6f-41c0-47e5-a84d-051116cc4297,en,Activities:,Tennis court,2026-04-09 22:41:28.694588+01
65,5bb3471a-7dfe-49be-854c-a79ba43952e9,da56dcc9-0cf5-42f2-8119-66c7972149ce,en,Top Location,Top location: Highly rated by recent guests (10.0),2026-04-09 22:41:47.325455+01
66,5bb3471a-7dfe-49be-854c-a79ba43952e9,da56dcc9-0cf5-42f2-8119-66c7972149ce,en,Breakfast info,"Continental, Vegetarian, Vegan, Gluten-free, American",2026-04-09 22:41:47.325455+01
67,5bb3471a-7dfe-49be-854c-a79ba43952e9,da56dcc9-0cf5-42f2-8119-66c7972149ce,en,Parking,Free private parking available on-site,2026-04-09 22:41:47.325455+01
68,5bb3471a-7dfe-49be-854c-a79ba43952e9,da56dcc9-0cf5-42f2-8119-66c7972149ce,en,Activities:,Tennis court,2026-04-09 22:41:47.325455+01
69,fbde43f3-70c2-497c-a68d-c448447c9b89,ed761e6f-41c0-47e5-a84d-051116cc4297,es,Top Location,"La mejor ubicación. Los viajeros recientes le dan una puntuación alta (9,9)",2026-04-09 22:42:01.588605+01
70,fbde43f3-70c2-497c-a68d-c448447c9b89,ed761e6f-41c0-47e5-a84d-051116cc4297,es,Información sobre el desayuno,"Continental, Vegetariano, Sin gluten, Americano, Buffet",2026-04-09 22:42:01.588605+01
71,fbde43f3-70c2-497c-a68d-c448447c9b89,ed761e6f-41c0-47e5-a84d-051116cc4297,es,Parking,Hay parking privado gratis en el alojamiento,2026-04-09 22:42:01.588605+01
72,fbde43f3-70c2-497c-a68d-c448447c9b89,ed761e6f-41c0-47e5-a84d-051116cc4297,es,Actividades:,Pista de tenis,2026-04-09 22:42:01.588605+01
73,2fca3fff-0841-4c28-9f78-c7d6714e5f2a,ed761e6f-41c0-47e5-a84d-051116cc4297,de,Top Location,"Tolle Lage: von Gästen aktuell mit sehr gut bewertet (9,9)",2026-04-09 22:42:49.427502+01
74,2fca3fff-0841-4c28-9f78-c7d6714e5f2a,ed761e6f-41c0-47e5-a84d-051116cc4297,de,Frühstücks-Info,"Kontinental, Vegetarisch, Glutenfrei, Amerikanisch, Buffet",2026-04-09 22:42:49.427502+01
75,2fca3fff-0841-4c28-9f78-c7d6714e5f2a,ed761e6f-41c0-47e5-a84d-051116cc4297,de,Parking,An der Unterkunft stehen kostenfreie Privatparkplätze zur Verfügung,2026-04-09 22:42:49.427502+01
76,2fca3fff-0841-4c28-9f78-c7d6714e5f2a,ed761e6f-41c0-47e5-a84d-051116cc4297,de,Aktivitäten:,Tennisplatz,2026-04-09 22:42:49.427502+01
77,b2d0b0e2-3294-47da-9774-d96180ccd930,da56dcc9-0cf5-42f2-8119-66c7972149ce,es,Top Location,"La mejor ubicación. Los viajeros recientes le dan una puntuación alta (10,0)",2026-04-09 22:43:03.416602+01
78,b2d0b0e2-3294-47da-9774-d96180ccd930,da56dcc9-0cf5-42f2-8119-66c7972149ce,es,Información sobre el desayuno,"Continental, Vegetariano, Vegano, Sin gluten, Americano",2026-04-09 22:43:03.416602+01
79,b2d0b0e2-3294-47da-9774-d96180ccd930,da56dcc9-0cf5-42f2-8119-66c7972149ce,es,Parking,Hay parking privado gratis en el alojamiento,2026-04-09 22:43:03.416602+01
80,b2d0b0e2-3294-47da-9774-d96180ccd930,da56dcc9-0cf5-42f2-8119-66c7972149ce,es,Actividades:,Pista de tenis,2026-04-09 22:43:03.416602+01
81,6f8939e8-2337-41f3-8b85-148da182839b,ed761e6f-41c0-47e5-a84d-051116cc4297,it,Top Location,"Posizione fantastica: valutata dagli ospiti recenti con 9,9",2026-04-09 22:43:24.079371+01
82,6f8939e8-2337-41f3-8b85-148da182839b,ed761e6f-41c0-47e5-a84d-051116cc4297,it,Informazioni sulla colazione,"continentale, vegetariana, senza glutine, americana, a buffet",2026-04-09 22:43:24.079371+01
83,6f8939e8-2337-41f3-8b85-148da182839b,ed761e6f-41c0-47e5-a84d-051116cc4297,it,Parking,Parcheggio privato gratuito disponibile sul posto,2026-04-09 22:43:24.079371+01
84,6f8939e8-2337-41f3-8b85-148da182839b,ed761e6f-41c0-47e5-a84d-051116cc4297,it,Attività:,Campo da tennis,2026-04-09 22:43:24.079371+01
85,3c39afdd-c451-4e47-91a0-ecec80c120a7,da56dcc9-0cf5-42f2-8119-66c7972149ce,de,Top Location,"Tolle Lage: von Gästen aktuell mit sehr gut bewertet (10,0)",2026-04-09 22:43:56.787216+01
86,3c39afdd-c451-4e47-91a0-ecec80c120a7,da56dcc9-0cf5-42f2-8119-66c7972149ce,de,Frühstücks-Info,"Kontinental, Vegetarisch, Vegan, Glutenfrei, Amerikanisch",2026-04-09 22:43:56.787216+01
87,3c39afdd-c451-4e47-91a0-ecec80c120a7,da56dcc9-0cf5-42f2-8119-66c7972149ce,de,Parking,An der Unterkunft stehen kostenfreie Privatparkplätze zur Verfügung,2026-04-09 22:43:56.787216+01
88,3c39afdd-c451-4e47-91a0-ecec80c120a7,da56dcc9-0cf5-42f2-8119-66c7972149ce,de,Aktivitäten:,Tennisplatz,2026-04-09 22:43:56.787216+01
89,57eb95da-7762-4840-9c0d-975b57db888d,ed761e6f-41c0-47e5-a84d-051116cc4297,fr,Top Location,"Bonne situation géographique : très bien notée par de récents voyageurs (9,9)",2026-04-09 22:44:15.948188+01
90,57eb95da-7762-4840-9c0d-975b57db888d,ed761e6f-41c0-47e5-a84d-051116cc4297,fr,Infos concernant le petit-déjeuner,"Continental, Végétarien, Sans gluten, Américain, Buffet",2026-04-09 22:44:15.948188+01
91,57eb95da-7762-4840-9c0d-975b57db888d,ed761e6f-41c0-47e5-a84d-051116cc4297,fr,Parking,Parking privé gratuit sur place,2026-04-09 22:44:15.948188+01
92,57eb95da-7762-4840-9c0d-975b57db888d,ed761e6f-41c0-47e5-a84d-051116cc4297,fr,Activités :,Court de tennis,2026-04-09 22:44:15.948188+01
93,6649ceb3-9ff5-4905-a872-e12e7f9f68f9,da56dcc9-0cf5-42f2-8119-66c7972149ce,it,Top Location,"Posizione fantastica: valutata dagli ospiti recenti con 10,0",2026-04-09 22:44:34.617244+01
94,6649ceb3-9ff5-4905-a872-e12e7f9f68f9,da56dcc9-0cf5-42f2-8119-66c7972149ce,it,Informazioni sulla colazione,"continentale, vegetariana, vegana, senza glutine, americana",2026-04-09 22:44:34.617244+01
95,6649ceb3-9ff5-4905-a872-e12e7f9f68f9,da56dcc9-0cf5-42f2-8119-66c7972149ce,it,Parking,Parcheggio privato gratuito disponibile sul posto,2026-04-09 22:44:34.617244+01
96,6649ceb3-9ff5-4905-a872-e12e7f9f68f9,da56dcc9-0cf5-42f2-8119-66c7972149ce,it,Attività:,Campo da tennis,2026-04-09 22:44:34.617244+01
97,1b2320d6-9e9c-4504-91af-678d0a9d2f2a,ed761e6f-41c0-47e5-a84d-051116cc4297,pt,Top Location,"Excelente localização: os hóspedes recentes deram uma pontuação alta (9,9)",2026-04-09 22:44:44.638223+01
98,1b2320d6-9e9c-4504-91af-678d0a9d2f2a,ed761e6f-41c0-47e5-a84d-051116cc4297,pt,Informação sobre o pequeno-almoço,"Continental, Vegetariano, Sem glúten, Americano, Buffet",2026-04-09 22:44:44.638223+01
99,1b2320d6-9e9c-4504-91af-678d0a9d2f2a,ed761e6f-41c0-47e5-a84d-051116cc4297,pt,Parking,Estacionamento privado gratuito disponível no local,2026-04-09 22:44:44.638223+01
100,1b2320d6-9e9c-4504-91af-678d0a9d2f2a,ed761e6f-41c0-47e5-a84d-051116cc4297,pt,Atividades:,Campo de Ténis,2026-04-09 22:44:44.638223+01
101,f3efa0d8-1022-4c6c-a1ad-f182e3078558,da56dcc9-0cf5-42f2-8119-66c7972149ce,fr,Top Location,"Bonne situation géographique : très bien notée par de récents voyageurs (10,0)",2026-04-09 22:45:30.007207+01
102,f3efa0d8-1022-4c6c-a1ad-f182e3078558,da56dcc9-0cf5-42f2-8119-66c7972149ce,fr,Infos concernant le petit-déjeuner,"Continental, Végétarien, Végétalien, Sans gluten, Américain",2026-04-09 22:45:30.007207+01
103,f3efa0d8-1022-4c6c-a1ad-f182e3078558,da56dcc9-0cf5-42f2-8119-66c7972149ce,fr,Parking,Parking privé gratuit sur place,2026-04-09 22:45:30.007207+01
104,f3efa0d8-1022-4c6c-a1ad-f182e3078558,da56dcc9-0cf5-42f2-8119-66c7972149ce,fr,Activités :,Court de tennis,2026-04-09 22:45:30.007207+01
105,f8846165-bdbc-4023-a23d-c3c8687e62c3,da56dcc9-0cf5-42f2-8119-66c7972149ce,pt,Top Location,"Excelente localização: os hóspedes recentes deram uma pontuação alta (10,0)",2026-04-09 22:45:57.88108+01
106,f8846165-bdbc-4023-a23d-c3c8687e62c3,da56dcc9-0cf5-42f2-8119-66c7972149ce,pt,Informação sobre o pequeno-almoço,"Continental, Vegetariano, Vegan, Sem glúten, Americano",2026-04-09 22:45:57.88108+01
107,f8846165-bdbc-4023-a23d-c3c8687e62c3,da56dcc9-0cf5-42f2-8119-66c7972149ce,pt,Parking,Estacionamento privado gratuito disponível no local,2026-04-09 22:45:57.88108+01
108,f8846165-bdbc-4023-a23d-c3c8687e62c3,da56dcc9-0cf5-42f2-8119-66c7972149ce,pt,Atividades:,Campo de Ténis,2026-04-09 22:45:57.88108+01
109,98685e59-130e-424b-9679-ff8d8b634bb4,6820694e-2af6-4d6d-8566-514f44bd3f6e,en,Top Location,Top location: Highly rated by recent guests (9.5),2026-04-09 22:46:39.317064+01
110,98685e59-130e-424b-9679-ff8d8b634bb4,6820694e-2af6-4d6d-8566-514f44bd3f6e,en,Parking,Free private parking available at the hotel,2026-04-09 22:46:39.317064+01
111,8d37f436-ee6f-4a32-a322-136b6c02d2d1,69065f76-995d-45ec-8701-a662cd0ac6c6,en,Parking,Free private parking available at the hotel,2026-04-09 22:46:53.38543+01
112,a77af1f5-9afa-440c-a9c0-638c47b727e7,6820694e-2af6-4d6d-8566-514f44bd3f6e,es,Top Location,"La mejor ubicación. Los viajeros recientes le dan una puntuación alta (9,5)",2026-04-09 22:47:12.133283+01
113,a77af1f5-9afa-440c-a9c0-638c47b727e7,6820694e-2af6-4d6d-8566-514f44bd3f6e,es,Parking,Hay parking privado gratis en el hotel,2026-04-09 22:47:12.133283+01
114,2d6c8cfa-d3c9-4d5e-8ef3-4ba6a8a45487,69065f76-995d-45ec-8701-a662cd0ac6c6,es,Parking,Hay parking privado gratis en el hotel,2026-04-09 22:47:49.514491+01
115,d1076118-7413-4729-95d3-1c496218b147,6820694e-2af6-4d6d-8566-514f44bd3f6e,de,Top Location,"Tolle Lage: von Gästen aktuell mit sehr gut bewertet (9,5)",2026-04-09 22:48:19.939979+01
116,d1076118-7413-4729-95d3-1c496218b147,6820694e-2af6-4d6d-8566-514f44bd3f6e,de,Parking,An dem Hotel stehen kostenfreie Privatparkplätze zur Verfügung,2026-04-09 22:48:19.939979+01
117,c19c6cd5-1514-49f3-aac4-e396b450f5bc,69065f76-995d-45ec-8701-a662cd0ac6c6,de,Parking,An dem Hotel stehen kostenfreie Privatparkplätze zur Verfügung,2026-04-09 22:48:21.779755+01
118,c3638616-88f0-4819-81a9-dad34287699a,6820694e-2af6-4d6d-8566-514f44bd3f6e,it,Top Location,"Posizione fantastica: valutata dagli ospiti recenti con 9,5",2026-04-09 22:49:19.137486+01
119,c3638616-88f0-4819-81a9-dad34287699a,6820694e-2af6-4d6d-8566-514f44bd3f6e,it,Parking,Parcheggio privato gratuito disponibile presso l'hotel,2026-04-09 22:49:19.137486+01
120,8aac5447-e107-4bfe-bcae-f8c606054beb,69065f76-995d-45ec-8701-a662cd0ac6c6,it,Parking,Parcheggio privato gratuito disponibile presso l'hotel,2026-04-09 22:49:35.114805+01
121,ed278886-f31d-48ae-aa43-5a8b21cbc01b,6820694e-2af6-4d6d-8566-514f44bd3f6e,fr,Top Location,"Bonne situation géographique : très bien notée par de récents voyageurs (9,5)",2026-04-09 22:49:52.354724+01
122,ed278886-f31d-48ae-aa43-5a8b21cbc01b,6820694e-2af6-4d6d-8566-514f44bd3f6e,fr,Parking,Parking privé gratuit à l'hôtel,2026-04-09 22:49:52.354724+01
123,ebbdc4a9-1178-4daf-acb1-b7c786186980,69065f76-995d-45ec-8701-a662cd0ac6c6,fr,Parking,Parking privé gratuit à l'hôtel,2026-04-09 22:50:24.47103+01
124,b99c8851-9328-4577-80f4-845d33d52bc9,6820694e-2af6-4d6d-8566-514f44bd3f6e,pt,Top Location,"Excelente localização: os hóspedes recentes deram uma pontuação alta (9,5)",2026-04-09 22:50:39.268025+01
125,b99c8851-9328-4577-80f4-845d33d52bc9,6820694e-2af6-4d6d-8566-514f44bd3f6e,pt,Parking,Estacionamento privado gratuito disponível no hotel,2026-04-09 22:50:39.268025+01
126,0a78a9e1-ce89-4551-b000-81484afa7bd9,69065f76-995d-45ec-8701-a662cd0ac6c6,pt,Parking,Estacionamento privado gratuito disponível no hotel,2026-04-09 22:50:57.804448+01
127,e39ce3c6-1702-4e93-834a-553fb019430d,13550a64-4669-415f-b13d-e4d28305253b,en,Top Location,Top location: Highly rated by recent guests (9.1),2026-04-09 22:51:39.370944+01
128,e39ce3c6-1702-4e93-834a-553fb019430d,13550a64-4669-415f-b13d-e4d28305253b,en,Breakfast info,"Continental, Vegetarian, Vegan, Buffet, Breakfast to go",2026-04-09 22:51:39.370944+01
129,e39ce3c6-1702-4e93-834a-553fb019430d,13550a64-4669-415f-b13d-e4d28305253b,en,Parking,Free private parking available on-site,2026-04-09 22:51:39.370944+01
130,e39ce3c6-1702-4e93-834a-553fb019430d,13550a64-4669-415f-b13d-e4d28305253b,en,Activities:,Fitness centre,2026-04-09 22:51:39.370944+01
131,fed289bd-0de0-4731-8c72-f5b7c25af02f,42bc9634-483c-496c-b824-702af96a2afb,en,Top Location,Top location: Highly rated by recent guests (9.7),2026-04-09 22:51:57.430567+01
132,fed289bd-0de0-4731-8c72-f5b7c25af02f,42bc9634-483c-496c-b824-702af96a2afb,en,Breakfast info,Buffet,2026-04-09 22:51:57.430567+01
133,fed289bd-0de0-4731-8c72-f5b7c25af02f,42bc9634-483c-496c-b824-702af96a2afb,en,Parking,Free private parking available on-site,2026-04-09 22:51:57.430567+01
134,fed289bd-0de0-4731-8c72-f5b7c25af02f,42bc9634-483c-496c-b824-702af96a2afb,en,Activities:,Tennis court,2026-04-09 22:51:57.430567+01
135,6fbda0f8-219b-4233-89d6-f337b33350f8,13550a64-4669-415f-b13d-e4d28305253b,es,Top Location,"La mejor ubicación. Los viajeros recientes le dan una puntuación alta (9,1)",2026-04-09 22:52:21.125359+01
136,6fbda0f8-219b-4233-89d6-f337b33350f8,13550a64-4669-415f-b13d-e4d28305253b,es,Información sobre el desayuno,"Continental, Vegetariano, Vegano, Buffet, Desayuno para llevar",2026-04-09 22:52:21.125359+01
137,6fbda0f8-219b-4233-89d6-f337b33350f8,13550a64-4669-415f-b13d-e4d28305253b,es,Parking,Hay parking privado gratis en el alojamiento,2026-04-09 22:52:21.125359+01
138,6fbda0f8-219b-4233-89d6-f337b33350f8,13550a64-4669-415f-b13d-e4d28305253b,es,Actividades:,Gimnasio,2026-04-09 22:52:21.125359+01
139,862feb9a-c627-4d18-a280-351e8c6e820e,42bc9634-483c-496c-b824-702af96a2afb,es,Top Location,"La mejor ubicación. Los viajeros recientes le dan una puntuación alta (9,7)",2026-04-09 22:52:56.799631+01
140,862feb9a-c627-4d18-a280-351e8c6e820e,42bc9634-483c-496c-b824-702af96a2afb,es,Información sobre el desayuno,Buffet,2026-04-09 22:52:56.799631+01
141,862feb9a-c627-4d18-a280-351e8c6e820e,42bc9634-483c-496c-b824-702af96a2afb,es,Parking,Hay parking privado gratis en el alojamiento,2026-04-09 22:52:56.799631+01
142,862feb9a-c627-4d18-a280-351e8c6e820e,42bc9634-483c-496c-b824-702af96a2afb,es,Actividades:,Pista de tenis,2026-04-09 22:52:56.799631+01
143,c22d082d-8e33-47ce-8dcd-6a9086471b9a,13550a64-4669-415f-b13d-e4d28305253b,de,Top Location,"Tolle Lage: von Gästen aktuell mit sehr gut bewertet (9,1)",2026-04-09 22:53:11.210593+01
144,c22d082d-8e33-47ce-8dcd-6a9086471b9a,13550a64-4669-415f-b13d-e4d28305253b,de,Frühstücks-Info,"Kontinental, Vegetarisch, Vegan, Buffet, Frühstück zum Mitnehmen",2026-04-09 22:53:11.210593+01
145,c22d082d-8e33-47ce-8dcd-6a9086471b9a,13550a64-4669-415f-b13d-e4d28305253b,de,Parking,An der Unterkunft stehen kostenfreie Privatparkplätze zur Verfügung,2026-04-09 22:53:11.210593+01
146,c22d082d-8e33-47ce-8dcd-6a9086471b9a,13550a64-4669-415f-b13d-e4d28305253b,de,Aktivitäten:,Fitnesscenter,2026-04-09 22:53:11.210593+01
147,67058160-f55a-4155-b3d9-d8f66627edfa,42bc9634-483c-496c-b824-702af96a2afb,de,Top Location,"Tolle Lage: von Gästen aktuell mit sehr gut bewertet (9,7)",2026-04-09 22:53:25.443771+01
148,67058160-f55a-4155-b3d9-d8f66627edfa,42bc9634-483c-496c-b824-702af96a2afb,de,Frühstücks-Info,Buffet,2026-04-09 22:53:25.443771+01
149,67058160-f55a-4155-b3d9-d8f66627edfa,42bc9634-483c-496c-b824-702af96a2afb,de,Parking,An der Unterkunft stehen kostenfreie Privatparkplätze zur Verfügung,2026-04-09 22:53:25.443771+01
150,67058160-f55a-4155-b3d9-d8f66627edfa,42bc9634-483c-496c-b824-702af96a2afb,de,Aktivitäten:,Tennisplatz,2026-04-09 22:53:25.443771+01
151,bfc21b78-0be2-4178-89ff-c9abae186bda,13550a64-4669-415f-b13d-e4d28305253b,it,Top Location,"Posizione fantastica: valutata dagli ospiti recenti con 9,1",2026-04-09 22:54:00.896571+01
152,bfc21b78-0be2-4178-89ff-c9abae186bda,13550a64-4669-415f-b13d-e4d28305253b,it,Informazioni sulla colazione,"continentale, vegetariana, vegana, a buffet, Colazione da asporto",2026-04-09 22:54:00.896571+01
153,bfc21b78-0be2-4178-89ff-c9abae186bda,13550a64-4669-415f-b13d-e4d28305253b,it,Parking,Parcheggio privato gratuito disponibile sul posto,2026-04-09 22:54:00.896571+01
154,bfc21b78-0be2-4178-89ff-c9abae186bda,13550a64-4669-415f-b13d-e4d28305253b,it,Attività:,Palestra,2026-04-09 22:54:00.896571+01
155,0374f7dc-652b-42cf-ab50-c0b8fe99b4c1,42bc9634-483c-496c-b824-702af96a2afb,it,Top Location,"Posizione fantastica: valutata dagli ospiti recenti con 9,7",2026-04-09 22:54:24.890611+01
156,0374f7dc-652b-42cf-ab50-c0b8fe99b4c1,42bc9634-483c-496c-b824-702af96a2afb,it,Informazioni sulla colazione,a buffet,2026-04-09 22:54:24.890611+01
157,0374f7dc-652b-42cf-ab50-c0b8fe99b4c1,42bc9634-483c-496c-b824-702af96a2afb,it,Parking,Parcheggio privato gratuito disponibile sul posto,2026-04-09 22:54:24.890611+01
158,0374f7dc-652b-42cf-ab50-c0b8fe99b4c1,42bc9634-483c-496c-b824-702af96a2afb,it,Attività:,Campo da tennis,2026-04-09 22:54:24.890611+01
159,58b76ee2-834f-4401-9381-90feb36a4257,13550a64-4669-415f-b13d-e4d28305253b,fr,Top Location,"Bonne situation géographique : très bien notée par de récents voyageurs (9,1)",2026-04-09 22:54:41.891724+01
160,58b76ee2-834f-4401-9381-90feb36a4257,13550a64-4669-415f-b13d-e4d28305253b,fr,Infos concernant le petit-déjeuner,"Continental, Végétarien, Végétalien, Buffet, Petit-déjeuner à emporter",2026-04-09 22:54:41.891724+01
161,58b76ee2-834f-4401-9381-90feb36a4257,13550a64-4669-415f-b13d-e4d28305253b,fr,Parking,Parking privé gratuit sur place,2026-04-09 22:54:41.891724+01
162,58b76ee2-834f-4401-9381-90feb36a4257,13550a64-4669-415f-b13d-e4d28305253b,fr,Activités :,Centre de remise en forme,2026-04-09 22:54:41.891724+01
163,86fa08b4-088f-4027-a9bf-c0a11ba17280,42bc9634-483c-496c-b824-702af96a2afb,fr,Top Location,"Bonne situation géographique : très bien notée par de récents voyageurs (9,7)",2026-04-09 22:55:04.721188+01
164,86fa08b4-088f-4027-a9bf-c0a11ba17280,42bc9634-483c-496c-b824-702af96a2afb,fr,Infos concernant le petit-déjeuner,Buffet,2026-04-09 22:55:04.721188+01
165,86fa08b4-088f-4027-a9bf-c0a11ba17280,42bc9634-483c-496c-b824-702af96a2afb,fr,Parking,Parking privé gratuit sur place,2026-04-09 22:55:04.721188+01
166,86fa08b4-088f-4027-a9bf-c0a11ba17280,42bc9634-483c-496c-b824-702af96a2afb,fr,Activités :,Court de tennis,2026-04-09 22:55:04.721188+01
167,46d22b34-b45c-4998-a3be-ece8ad09603c,13550a64-4669-415f-b13d-e4d28305253b,pt,Top Location,"Excelente localização: os hóspedes recentes deram uma pontuação alta (9,1)",2026-04-09 22:55:40.133765+01
168,46d22b34-b45c-4998-a3be-ece8ad09603c,13550a64-4669-415f-b13d-e4d28305253b,pt,Informação sobre o pequeno-almoço,"Continental, Vegetariano, Vegan, Buffet, Pequeno-almoço para levar",2026-04-09 22:55:40.133765+01
169,46d22b34-b45c-4998-a3be-ece8ad09603c,13550a64-4669-415f-b13d-e4d28305253b,pt,Parking,Estacionamento privado gratuito disponível no local,2026-04-09 22:55:40.133765+01
170,46d22b34-b45c-4998-a3be-ece8ad09603c,13550a64-4669-415f-b13d-e4d28305253b,pt,Atividades:,Centro de fitness,2026-04-09 22:55:40.133765+01
182,34e0cb25-c9ca-4736-82fc-757207218405,e34eaad8-7bd7-49e9-a897-9c5ffb5a318e,es,Heart,"Este hotel está en el corazón de Punta del Este y tiene una puntuación excelente en ubicación: 9,6",2026-04-09 22:57:11.992149+01
183,34e0cb25-c9ca-4736-82fc-757207218405,e34eaad8-7bd7-49e9-a897-9c5ffb5a318e,es,Información sobre el desayuno,"Continental, Buffet",2026-04-09 22:57:11.992149+01
184,34e0cb25-c9ca-4736-82fc-757207218405,e34eaad8-7bd7-49e9-a897-9c5ffb5a318e,es,Parking,Hay parking privado en el hotel,2026-04-09 22:57:11.992149+01
185,34e0cb25-c9ca-4736-82fc-757207218405,e34eaad8-7bd7-49e9-a897-9c5ffb5a318e,es,Clientes fieles,Los clientes repiten más aquí que en otros alojamientos.,2026-04-09 22:57:11.992149+01
171,17d6caae-41ee-4112-bcdf-25c7d5c1175e,42bc9634-483c-496c-b824-702af96a2afb,pt,Top Location,"Excelente localização: os hóspedes recentes deram uma pontuação alta (9,7)",2026-04-09 22:55:57.721705+01
172,17d6caae-41ee-4112-bcdf-25c7d5c1175e,42bc9634-483c-496c-b824-702af96a2afb,pt,Informação sobre o pequeno-almoço,Buffet,2026-04-09 22:55:57.721705+01
173,17d6caae-41ee-4112-bcdf-25c7d5c1175e,42bc9634-483c-496c-b824-702af96a2afb,pt,Parking,Estacionamento privado gratuito disponível no local,2026-04-09 22:55:57.721705+01
174,17d6caae-41ee-4112-bcdf-25c7d5c1175e,42bc9634-483c-496c-b824-702af96a2afb,pt,Atividades:,Campo de Ténis,2026-04-09 22:55:57.721705+01
175,c9c3e081-6b09-4ecc-8090-9af0f5b83767,e34eaad8-7bd7-49e9-a897-9c5ffb5a318e,en,Heart,"Situated in the real heart of Punta del Este, this hotel has an excellent location score of 9.6",2026-04-09 22:56:40.004534+01
176,c9c3e081-6b09-4ecc-8090-9af0f5b83767,e34eaad8-7bd7-49e9-a897-9c5ffb5a318e,en,Breakfast info,"Continental, Buffet",2026-04-09 22:56:40.004534+01
177,c9c3e081-6b09-4ecc-8090-9af0f5b83767,e34eaad8-7bd7-49e9-a897-9c5ffb5a318e,en,Parking,Private parking at the hotel,2026-04-09 22:56:40.004534+01
178,c9c3e081-6b09-4ecc-8090-9af0f5b83767,e34eaad8-7bd7-49e9-a897-9c5ffb5a318e,en,Loyal customers,There are more repeat guests here than most other properties.,2026-04-09 22:56:40.004534+01
179,ba4e8319-7002-421f-b15e-08df5ec691ab,906a814a-ca76-4e81-a461-9a4b32f5656b,en,Heart,"Situated in the best rated area in Rio de Janeiro, this hotel has an excellent location score of 8.6",2026-04-09 22:56:54.281494+01
180,ba4e8319-7002-421f-b15e-08df5ec691ab,906a814a-ca76-4e81-a461-9a4b32f5656b,en,Breakfast info,"Continental, Buffet",2026-04-09 22:56:54.281494+01
181,ba4e8319-7002-421f-b15e-08df5ec691ab,906a814a-ca76-4e81-a461-9a4b32f5656b,en,Loyal customers,There are more repeat guests here than most other properties.,2026-04-09 22:56:54.281494+01
186,983d256f-ed21-468c-8f17-dc7057203c82,e34eaad8-7bd7-49e9-a897-9c5ffb5a318e,de,Heart,"Dieses Hotel befindet sich im wahren Herzen von Punta del Este und hat eine exzellente Lage (bewertet mit 9,6)",2026-04-09 22:58:12.255252+01
187,983d256f-ed21-468c-8f17-dc7057203c82,e34eaad8-7bd7-49e9-a897-9c5ffb5a318e,de,Frühstücks-Info,"Kontinental, Buffet",2026-04-09 22:58:12.255252+01
188,983d256f-ed21-468c-8f17-dc7057203c82,e34eaad8-7bd7-49e9-a897-9c5ffb5a318e,de,Parking,An dem Hotel stehen Privatparkplätze zur Verfügung,2026-04-09 22:58:12.255252+01
189,983d256f-ed21-468c-8f17-dc7057203c82,e34eaad8-7bd7-49e9-a897-9c5ffb5a318e,de,Stammgäste,Sie hat mehr wiederkehrende Gäste als die meisten anderen Unterkünfte.,2026-04-09 22:58:12.255252+01
190,4aaa5d06-ac6c-4425-8bea-0997d8a2e3b7,906a814a-ca76-4e81-a461-9a4b32f5656b,es,Heart,"Situado en la zona mejor valorada de Río de Janeiro, este hotel tiene una excelente puntuación en ubicación (8,6).",2026-04-09 22:58:27.033001+01
191,4aaa5d06-ac6c-4425-8bea-0997d8a2e3b7,906a814a-ca76-4e81-a461-9a4b32f5656b,es,Información sobre el desayuno,"Continental, Buffet",2026-04-09 22:58:27.033001+01
192,4aaa5d06-ac6c-4425-8bea-0997d8a2e3b7,906a814a-ca76-4e81-a461-9a4b32f5656b,es,Clientes fieles,Los clientes repiten más aquí que en otros alojamientos.,2026-04-09 22:58:27.033001+01
193,b549bb79-917d-4531-8e30-449cf08491ac,e34eaad8-7bd7-49e9-a897-9c5ffb5a318e,it,Heart,"Situato nel vero cuore di Punta del Este, questo hotel ha un ottimo punteggio per la posizione: 9,6!",2026-04-09 22:58:55.799045+01
194,b549bb79-917d-4531-8e30-449cf08491ac,e34eaad8-7bd7-49e9-a897-9c5ffb5a318e,it,Informazioni sulla colazione,"continentale, a buffet",2026-04-09 22:58:55.799045+01
195,b549bb79-917d-4531-8e30-449cf08491ac,e34eaad8-7bd7-49e9-a897-9c5ffb5a318e,it,Parking,Parcheggio privato disponibile presso l'hotel,2026-04-09 22:58:55.799045+01
196,b549bb79-917d-4531-8e30-449cf08491ac,e34eaad8-7bd7-49e9-a897-9c5ffb5a318e,it,Clienti fedeli,Vanta più clienti abituali rispetto a molte altre strutture.,2026-04-09 22:58:55.799045+01
197,f4d21820-057f-440d-b5f5-16e5a8012190,906a814a-ca76-4e81-a461-9a4b32f5656b,de,Heart,"Dieses Hotel befindet sich in der am besten bewerteten Gegend in Rio de Janeiro und hat für seine Lage ein hervorragendes Bewertungsergebnis von 8,6",2026-04-09 22:59:22.407852+01
198,f4d21820-057f-440d-b5f5-16e5a8012190,906a814a-ca76-4e81-a461-9a4b32f5656b,de,Frühstücks-Info,"Kontinental, Buffet",2026-04-09 22:59:22.407852+01
199,f4d21820-057f-440d-b5f5-16e5a8012190,906a814a-ca76-4e81-a461-9a4b32f5656b,de,Stammgäste,Sie hat mehr wiederkehrende Gäste als die meisten anderen Unterkünfte.,2026-04-09 22:59:22.407852+01
200,cabbb640-6e2b-442b-a7f8-a4da98ef0eaf,e34eaad8-7bd7-49e9-a897-9c5ffb5a318e,fr,Heart,"Situé en plein cœur de Punta del Este, cet hôtel affiche l'excellente note de 9,6 pour sa situation géographique.",2026-04-09 22:59:37.934418+01
201,cabbb640-6e2b-442b-a7f8-a4da98ef0eaf,e34eaad8-7bd7-49e9-a897-9c5ffb5a318e,fr,Infos concernant le petit-déjeuner,"Continental, Buffet",2026-04-09 22:59:37.934418+01
202,cabbb640-6e2b-442b-a7f8-a4da98ef0eaf,e34eaad8-7bd7-49e9-a897-9c5ffb5a318e,fr,Parking,Parking privé à l'hôtel,2026-04-09 22:59:37.934418+01
203,cabbb640-6e2b-442b-a7f8-a4da98ef0eaf,e34eaad8-7bd7-49e9-a897-9c5ffb5a318e,fr,Clients réguliers,Cet établissement compte plus de voyageurs réguliers que la plupart des établissements.,2026-04-09 22:59:37.934418+01
204,dfdba131-256b-46c7-95d1-1f46fb76a78e,906a814a-ca76-4e81-a461-9a4b32f5656b,it,Heart,"Situato nella zona più gettonata di Rio de Janeiro, questo hotel ha un ottimo punteggio per la posizione: 8,6!",2026-04-09 22:59:54.539481+01
205,dfdba131-256b-46c7-95d1-1f46fb76a78e,906a814a-ca76-4e81-a461-9a4b32f5656b,it,Informazioni sulla colazione,"continentale, a buffet",2026-04-09 22:59:54.539481+01
206,dfdba131-256b-46c7-95d1-1f46fb76a78e,906a814a-ca76-4e81-a461-9a4b32f5656b,it,Clienti fedeli,Vanta più clienti abituali rispetto a molte altre strutture.,2026-04-09 22:59:54.539481+01
207,9a2a2310-8652-49b2-867c-cf3d5086a33b,e34eaad8-7bd7-49e9-a897-9c5ffb5a318e,pt,Heart,"Situado na área mais popular de Punta del Este, este hotel tem uma pontuação de localização excelente: 9,6",2026-04-09 23:00:31.218959+01
208,9a2a2310-8652-49b2-867c-cf3d5086a33b,e34eaad8-7bd7-49e9-a897-9c5ffb5a318e,pt,Informação sobre o pequeno-almoço,"Continental, Buffet",2026-04-09 23:00:31.218959+01
209,9a2a2310-8652-49b2-867c-cf3d5086a33b,e34eaad8-7bd7-49e9-a897-9c5ffb5a318e,pt,Parking,Estacionamento privado disponível no hotel,2026-04-09 23:00:31.218959+01
210,9a2a2310-8652-49b2-867c-cf3d5086a33b,e34eaad8-7bd7-49e9-a897-9c5ffb5a318e,pt,Clientes leais,Os hóspedes tendem a regressar mais vezes a este alojamento do que a outros.,2026-04-09 23:00:31.218959+01
211,bc91513c-de41-4a5b-b62f-77a449aeaea3,906a814a-ca76-4e81-a461-9a4b32f5656b,fr,Heart,"Situé dans le quartier le plus apprécié à Rio de Janeiro, cet hôtel affiche l'excellente note de 8,6 pour sa situation géographique.",2026-04-09 23:00:45.277777+01
212,bc91513c-de41-4a5b-b62f-77a449aeaea3,906a814a-ca76-4e81-a461-9a4b32f5656b,fr,Infos concernant le petit-déjeuner,"Continental, Buffet",2026-04-09 23:00:45.277777+01
213,bc91513c-de41-4a5b-b62f-77a449aeaea3,906a814a-ca76-4e81-a461-9a4b32f5656b,fr,Clients réguliers,Cet établissement compte plus de voyageurs réguliers que la plupart des établissements.,2026-04-09 23:00:45.277777+01
214,c17df2ac-a136-4cbe-9d91-bdcc846ae176,906a814a-ca76-4e81-a461-9a4b32f5656b,pt,Heart,"Situado na área com melhor avaliação no Rio de Janeiro, este hotel tem uma excelente pontuação de localização: 8,6",2026-04-09 23:01:11.533704+01
215,c17df2ac-a136-4cbe-9d91-bdcc846ae176,906a814a-ca76-4e81-a461-9a4b32f5656b,pt,Informação sobre o pequeno-almoço,"Continental, Buffet",2026-04-09 23:01:11.533704+01
216,c17df2ac-a136-4cbe-9d91-bdcc846ae176,906a814a-ca76-4e81-a461-9a4b32f5656b,pt,Clientes leais,Os hóspedes tendem a regressar mais vezes a este alojamento do que a outros.,2026-04-09 23:01:11.533704+01
217,bed60186-a1bf-49b3-9def-8132ef084f91,a27e4518-3e4a-41b4-a9b5-84fdade13b85,en,Heart,"Situated in the best rated area in Búzios, this hotel has an excellent location score of 9.5",2026-04-09 23:01:56.234247+01
218,bed60186-a1bf-49b3-9def-8132ef084f91,a27e4518-3e4a-41b4-a9b5-84fdade13b85,en,Breakfast info,Buffet,2026-04-09 23:01:56.234247+01
219,8982ca02-d408-4853-970f-70b1b1d185bb,41dbecfb-9b26-4e4c-ae3b-ef0d35a06b3e,en,Top Location,Top location: Highly rated by recent guests (8.8),2026-04-09 23:02:06.452813+01
220,8982ca02-d408-4853-970f-70b1b1d185bb,41dbecfb-9b26-4e4c-ae3b-ef0d35a06b3e,en,Breakfast info,Buffet,2026-04-09 23:02:06.452813+01
221,8982ca02-d408-4853-970f-70b1b1d185bb,41dbecfb-9b26-4e4c-ae3b-ef0d35a06b3e,en,Parking,Private parking at the hotel,2026-04-09 23:02:06.452813+01
222,8982ca02-d408-4853-970f-70b1b1d185bb,41dbecfb-9b26-4e4c-ae3b-ef0d35a06b3e,en,Loyal customers,There are more repeat guests here than most other properties.,2026-04-09 23:02:06.452813+01
223,0c6f711c-fe06-4eea-8f99-6ad04e753d2d,a27e4518-3e4a-41b4-a9b5-84fdade13b85,es,Heart,"Situado en la zona mejor valorada de Búzios, este hotel tiene una excelente puntuación en ubicación (9,5).",2026-04-09 23:02:35.931804+01
224,0c6f711c-fe06-4eea-8f99-6ad04e753d2d,a27e4518-3e4a-41b4-a9b5-84fdade13b85,es,Información sobre el desayuno,Buffet,2026-04-09 23:02:35.931804+01
225,322184f5-b0fb-4bbd-8008-c804b426bfa0,41dbecfb-9b26-4e4c-ae3b-ef0d35a06b3e,es,Top Location,"La mejor ubicación. Los viajeros recientes le dan una puntuación alta (8,8)",2026-04-09 23:03:05.237491+01
226,322184f5-b0fb-4bbd-8008-c804b426bfa0,41dbecfb-9b26-4e4c-ae3b-ef0d35a06b3e,es,Información sobre el desayuno,Buffet,2026-04-09 23:03:05.237491+01
227,322184f5-b0fb-4bbd-8008-c804b426bfa0,41dbecfb-9b26-4e4c-ae3b-ef0d35a06b3e,es,Parking,Hay parking privado en el hotel,2026-04-09 23:03:05.237491+01
228,322184f5-b0fb-4bbd-8008-c804b426bfa0,41dbecfb-9b26-4e4c-ae3b-ef0d35a06b3e,es,Clientes fieles,Los clientes repiten más aquí que en otros alojamientos.,2026-04-09 23:03:05.237491+01
229,1e7e65c1-eb37-4821-803e-8509c1b3d96c,a27e4518-3e4a-41b4-a9b5-84fdade13b85,de,Heart,"Dieses Hotel befindet sich in der am besten bewerteten Gegend in Búzios und hat für seine Lage ein hervorragendes Bewertungsergebnis von 9,5",2026-04-09 23:03:19.867479+01
230,1e7e65c1-eb37-4821-803e-8509c1b3d96c,a27e4518-3e4a-41b4-a9b5-84fdade13b85,de,Frühstücks-Info,Buffet,2026-04-09 23:03:19.867479+01
231,dcd8249f-d574-4857-9f2a-299e47d1274b,41dbecfb-9b26-4e4c-ae3b-ef0d35a06b3e,de,Top Location,"Tolle Lage: von Gästen aktuell mit sehr gut bewertet (8,8)",2026-04-09 23:03:33.934058+01
232,dcd8249f-d574-4857-9f2a-299e47d1274b,41dbecfb-9b26-4e4c-ae3b-ef0d35a06b3e,de,Frühstücks-Info,Buffet,2026-04-09 23:03:33.934058+01
233,dcd8249f-d574-4857-9f2a-299e47d1274b,41dbecfb-9b26-4e4c-ae3b-ef0d35a06b3e,de,Parking,An dem Hotel stehen Privatparkplätze zur Verfügung,2026-04-09 23:03:33.934058+01
234,dcd8249f-d574-4857-9f2a-299e47d1274b,41dbecfb-9b26-4e4c-ae3b-ef0d35a06b3e,de,Stammgäste,Sie hat mehr wiederkehrende Gäste als die meisten anderen Unterkünfte.,2026-04-09 23:03:33.934058+01
235,a9093dd6-6531-46be-9663-688931122b60,41dbecfb-9b26-4e4c-ae3b-ef0d35a06b3e,it,Top Location,"Posizione fantastica: valutata dagli ospiti recenti con 8,8",2026-04-09 23:04:21.644284+01
236,a9093dd6-6531-46be-9663-688931122b60,41dbecfb-9b26-4e4c-ae3b-ef0d35a06b3e,it,Informazioni sulla colazione,a buffet,2026-04-09 23:04:21.644284+01
237,a9093dd6-6531-46be-9663-688931122b60,41dbecfb-9b26-4e4c-ae3b-ef0d35a06b3e,it,Parking,Parcheggio privato disponibile presso l'hotel,2026-04-09 23:04:21.644284+01
238,a9093dd6-6531-46be-9663-688931122b60,41dbecfb-9b26-4e4c-ae3b-ef0d35a06b3e,it,Clienti fedeli,Vanta più clienti abituali rispetto a molte altre strutture.,2026-04-09 23:04:21.644284+01
239,3c61090b-bb34-407e-87e4-8cfcb094b2e9,a27e4518-3e4a-41b4-a9b5-84fdade13b85,it,Heart,"Situato nella zona più gettonata di Búzios, questo hotel ha un ottimo punteggio per la posizione: 9,5!",2026-04-09 23:04:40.358016+01
240,3c61090b-bb34-407e-87e4-8cfcb094b2e9,a27e4518-3e4a-41b4-a9b5-84fdade13b85,it,Informazioni sulla colazione,a buffet,2026-04-09 23:04:40.358016+01
241,704fc9ac-ac6d-4071-a7cf-c1c27e0bc0db,41dbecfb-9b26-4e4c-ae3b-ef0d35a06b3e,fr,Top Location,"Bonne situation géographique : très bien notée par de récents voyageurs (8,8)",2026-04-09 23:04:54.723269+01
242,704fc9ac-ac6d-4071-a7cf-c1c27e0bc0db,41dbecfb-9b26-4e4c-ae3b-ef0d35a06b3e,fr,Infos concernant le petit-déjeuner,Buffet,2026-04-09 23:04:54.723269+01
243,704fc9ac-ac6d-4071-a7cf-c1c27e0bc0db,41dbecfb-9b26-4e4c-ae3b-ef0d35a06b3e,fr,Parking,Parking privé à l'hôtel,2026-04-09 23:04:54.723269+01
244,704fc9ac-ac6d-4071-a7cf-c1c27e0bc0db,41dbecfb-9b26-4e4c-ae3b-ef0d35a06b3e,fr,Clients réguliers,Cet établissement compte plus de voyageurs réguliers que la plupart des établissements.,2026-04-09 23:04:54.723269+01
245,d09d9c74-6aa9-47d9-9c01-2c5a10775aa3,a27e4518-3e4a-41b4-a9b5-84fdade13b85,fr,Heart,"Situé dans le quartier le plus apprécié à Búzios, cet hôtel affiche l'excellente note de 9,5 pour sa situation géographique.",2026-04-09 23:05:33.131605+01
246,d09d9c74-6aa9-47d9-9c01-2c5a10775aa3,a27e4518-3e4a-41b4-a9b5-84fdade13b85,fr,Infos concernant le petit-déjeuner,Buffet,2026-04-09 23:05:33.131605+01
247,fbc0124f-78f8-4ba0-ad47-9b23e0b9f308,41dbecfb-9b26-4e4c-ae3b-ef0d35a06b3e,pt,Top Location,"Excelente localização: os hóspedes recentes deram uma pontuação alta (8,8)",2026-04-09 23:05:49.99358+01
248,fbc0124f-78f8-4ba0-ad47-9b23e0b9f308,41dbecfb-9b26-4e4c-ae3b-ef0d35a06b3e,pt,Informação sobre o pequeno-almoço,Buffet,2026-04-09 23:05:49.99358+01
249,fbc0124f-78f8-4ba0-ad47-9b23e0b9f308,41dbecfb-9b26-4e4c-ae3b-ef0d35a06b3e,pt,Parking,Estacionamento privado disponível no hotel,2026-04-09 23:05:49.99358+01
250,fbc0124f-78f8-4ba0-ad47-9b23e0b9f308,41dbecfb-9b26-4e4c-ae3b-ef0d35a06b3e,pt,Clientes leais,Os hóspedes tendem a regressar mais vezes a este alojamento do que a outros.,2026-04-09 23:05:49.99358+01
251,d59ab680-5a70-4204-a417-6bbeb8a1fcb0,a27e4518-3e4a-41b4-a9b5-84fdade13b85,pt,Heart,"Situado na área com melhor avaliação em Búzios, este hotel tem uma excelente pontuação de localização: 9,5",2026-04-09 23:06:13.944197+01
252,d59ab680-5a70-4204-a417-6bbeb8a1fcb0,a27e4518-3e4a-41b4-a9b5-84fdade13b85,pt,Informação sobre o pequeno-almoço,Buffet,2026-04-09 23:06:13.944197+01
