"id","hotel_id","url_id","language","ask","created_at"
"1","bee1cce5-f42b-4f20-bc96-70a0bf1726df","32ff0590-e264-42f3-b475-e6fb68fe5287","es","¿Hay piscina en Niyama Private Islands Maldives?","2026-03-23 02:12:51.401569+00"
"2","bee1cce5-f42b-4f20-bc96-70a0bf1726df","32ff0590-e264-42f3-b475-e6fb68fe5287","es","¿Qué tipo de habitación puedo reservar en Niyama Private Islands Maldives?","2026-03-23 02:12:51.401572+00"
"3","bee1cce5-f42b-4f20-bc96-70a0bf1726df","32ff0590-e264-42f3-b475-e6fb68fe5287","es","¿Cuál es el horario de entrada y salida de Niyama Private Islands Maldives?","2026-03-23 02:12:51.401573+00"
"4","bee1cce5-f42b-4f20-bc96-70a0bf1726df","32ff0590-e264-42f3-b475-e6fb68fe5287","es","¿Cuánto cuesta alojarse en Niyama Private Islands Maldives?","2026-03-23 02:12:51.401573+00"
"5","bee1cce5-f42b-4f20-bc96-70a0bf1726df","32ff0590-e264-42f3-b475-e6fb68fe5287","es","¿Hay restaurante dentro de Niyama Private Islands Maldives?","2026-03-23 02:12:51.401574+00"
"6","bee1cce5-f42b-4f20-bc96-70a0bf1726df","32ff0590-e264-42f3-b475-e6fb68fe5287","es","¿Qué se puede hacer en Niyama Private Islands Maldives?","2026-03-23 02:12:51.401574+00"
"7","bee1cce5-f42b-4f20-bc96-70a0bf1726df","32ff0590-e264-42f3-b475-e6fb68fe5287","es","¿A qué distancia está Niyama Private Islands Maldives del centro de Dhaalu Atoll?","2026-03-23 02:12:51.401575+00"
"8","bee1cce5-f42b-4f20-bc96-70a0bf1726df","32ff0590-e264-42f3-b475-e6fb68fe5287","es","¿Niyama Private Islands Maldives gusta a las familias?","2026-03-23 02:12:51.401575+00"
"9","2f98dc2e-72e4-4f67-bba4-992d96dbc77b","0685c131-5969-4b78-b02e-a76c6357c6bb","es","¿Qué tipo de habitación puedo reservar en Centara Grand Lagoon Maldives - Free Round Trip Speedboat when stay 4 nights or more between 17 April - 15 October 2026?","2026-03-23 02:14:10.749961+00"
"10","2f98dc2e-72e4-4f67-bba4-992d96dbc77b","0685c131-5969-4b78-b02e-a76c6357c6bb","es","¿Cuál es el horario de entrada y salida de Centara Grand Lagoon Maldives - Free Round Trip Speedboat when stay 4 nights or more between 17 April - 15 October 2026?","2026-03-23 02:14:10.749963+00"
"11","2f98dc2e-72e4-4f67-bba4-992d96dbc77b","0685c131-5969-4b78-b02e-a76c6357c6bb","es","¿Cuánto cuesta alojarse en Centara Grand Lagoon Maldives - Free Round Trip Speedboat when stay 4 nights or more between 17 April - 15 October 2026?","2026-03-23 02:14:10.749964+00"
"12","2f98dc2e-72e4-4f67-bba4-992d96dbc77b","0685c131-5969-4b78-b02e-a76c6357c6bb","es","¿A qué distancia está Centara Grand Lagoon Maldives - Free Round Trip Speedboat when stay 4 nights or more between 17 April - 15 October 2026 del centro de Nakatukufuri?","2026-03-23 02:14:10.749965+00"
"13","d0dc3b28-9a8e-44bb-8f11-54197e52fc69","32ff0590-e264-42f3-b475-e6fb68fe5287","en","Does Niyama Private Islands Maldives have a pool?","2026-03-23 02:17:01.69727+00"
"14","d0dc3b28-9a8e-44bb-8f11-54197e52fc69","32ff0590-e264-42f3-b475-e6fb68fe5287","en","What type of room can I book at Niyama Private Islands Maldives?","2026-03-23 02:17:01.697274+00"
"15","d0dc3b28-9a8e-44bb-8f11-54197e52fc69","32ff0590-e264-42f3-b475-e6fb68fe5287","en","What are the check-in and check-out times at Niyama Private Islands Maldives?","2026-03-23 02:17:01.697274+00"
"16","d0dc3b28-9a8e-44bb-8f11-54197e52fc69","32ff0590-e264-42f3-b475-e6fb68fe5287","en","How much does it cost to stay at Niyama Private Islands Maldives?","2026-03-23 02:17:01.697275+00"
"17","d0dc3b28-9a8e-44bb-8f11-54197e52fc69","32ff0590-e264-42f3-b475-e6fb68fe5287","en","Does Niyama Private Islands Maldives have a restaurant on site?","2026-03-23 02:17:01.697275+00"
"18","d0dc3b28-9a8e-44bb-8f11-54197e52fc69","32ff0590-e264-42f3-b475-e6fb68fe5287","en","What is there to do at Niyama Private Islands Maldives?","2026-03-23 02:17:01.697276+00"
"19","d0dc3b28-9a8e-44bb-8f11-54197e52fc69","32ff0590-e264-42f3-b475-e6fb68fe5287","en","How far is Niyama Private Islands Maldives from the centre of Dhaalu Atoll?","2026-03-23 02:17:01.697276+00"
"20","d0dc3b28-9a8e-44bb-8f11-54197e52fc69","32ff0590-e264-42f3-b475-e6fb68fe5287","en","Is Niyama Private Islands Maldives popular with families?","2026-03-23 02:17:01.697277+00"
"21","6c7f8422-cd3e-4467-90b8-2d7fc20dda67","0685c131-5969-4b78-b02e-a76c6357c6bb","en","What type of room can I book at Centara Grand Lagoon Maldives - Free Round Trip Speedboat when stay 4 nights or more between 17 April - 15 October 2026?","2026-03-23 02:19:53.995367+00"
"22","6c7f8422-cd3e-4467-90b8-2d7fc20dda67","0685c131-5969-4b78-b02e-a76c6357c6bb","en","What are the check-in and check-out times at Centara Grand Lagoon Maldives - Free Round Trip Speedboat when stay 4 nights or more between 17 April - 15 October 2026?","2026-03-23 02:19:53.995371+00"
"23","6c7f8422-cd3e-4467-90b8-2d7fc20dda67","0685c131-5969-4b78-b02e-a76c6357c6bb","en","How much does it cost to stay at Centara Grand Lagoon Maldives - Free Round Trip Speedboat when stay 4 nights or more between 17 April - 15 October 2026?","2026-03-23 02:19:53.995372+00"
"24","6c7f8422-cd3e-4467-90b8-2d7fc20dda67","0685c131-5969-4b78-b02e-a76c6357c6bb","en","How far is Centara Grand Lagoon Maldives - Free Round Trip Speedboat when stay 4 nights or more between 17 April - 15 October 2026 from the centre of Nakatukufuri?","2026-03-23 02:19:53.995373+00"
"25","86d0d126-165f-481a-bf35-31bac67544ba","32ff0590-e264-42f3-b475-e6fb68fe5287","de","Hat die Unterkunft Niyama Private Islands Maldives einen Pool?","2026-03-23 02:21:13.249221+00"
"26","86d0d126-165f-481a-bf35-31bac67544ba","32ff0590-e264-42f3-b475-e6fb68fe5287","de","Welche Art von Zimmer kann ich in der Unterkunft Niyama Private Islands Maldives buchen?","2026-03-23 02:21:13.249227+00"
"27","86d0d126-165f-481a-bf35-31bac67544ba","32ff0590-e264-42f3-b475-e6fb68fe5287","de","Wie lauten die Check-in- und Check-out-Zeiten in der Unterkunft Niyama Private Islands Maldives?","2026-03-23 02:21:13.249228+00"
"28","86d0d126-165f-481a-bf35-31bac67544ba","32ff0590-e264-42f3-b475-e6fb68fe5287","de","Wieviel kostet der Aufenthalt in der Unterkunft Niyama Private Islands Maldives?","2026-03-23 02:21:13.249229+00"
"29","86d0d126-165f-481a-bf35-31bac67544ba","32ff0590-e264-42f3-b475-e6fb68fe5287","de","Hat die Unterkunft Niyama Private Islands Maldives ein Restaurant vor Ort?","2026-03-23 02:21:13.249231+00"
"30","86d0d126-165f-481a-bf35-31bac67544ba","32ff0590-e264-42f3-b475-e6fb68fe5287","de","Welche Aktivitäten bietet die Unterkunft Niyama Private Islands Maldives?","2026-03-23 02:21:13.249232+00"
"31","86d0d126-165f-481a-bf35-31bac67544ba","32ff0590-e264-42f3-b475-e6fb68fe5287","de","Wie weit ist die Unterkunft Niyama Private Islands Maldives vom Zentrum von Dhaalu Atoll entfernt?","2026-03-23 02:21:13.249233+00"
"32","86d0d126-165f-481a-bf35-31bac67544ba","32ff0590-e264-42f3-b475-e6fb68fe5287","de","Ist die Unterkunft Niyama Private Islands Maldives bei Familien beliebt?","2026-03-23 02:21:13.249235+00"
"33","f242370f-d1c9-463a-a149-99a2de652548","0685c131-5969-4b78-b02e-a76c6357c6bb","de","Welche Art von Zimmer kann ich in der Unterkunft Centara Grand Lagoon Maldives - Free Round Trip Speedboat when stay 4 nights or more between 17 April - 15 October 2026 buchen?","2026-03-23 02:22:31.524502+00"
"34","f242370f-d1c9-463a-a149-99a2de652548","0685c131-5969-4b78-b02e-a76c6357c6bb","de","Wie lauten die Check-in- und Check-out-Zeiten in der Unterkunft Centara Grand Lagoon Maldives - Free Round Trip Speedboat when stay 4 nights or more between 17 April - 15 October 2026?","2026-03-23 02:22:31.524505+00"
"35","f242370f-d1c9-463a-a149-99a2de652548","0685c131-5969-4b78-b02e-a76c6357c6bb","de","Wieviel kostet der Aufenthalt in der Unterkunft Centara Grand Lagoon Maldives - Free Round Trip Speedboat when stay 4 nights or more between 17 April - 15 October 2026?","2026-03-23 02:22:31.524506+00"
"36","f242370f-d1c9-463a-a149-99a2de652548","0685c131-5969-4b78-b02e-a76c6357c6bb","de","Wie weit ist die Unterkunft Centara Grand Lagoon Maldives - Free Round Trip Speedboat when stay 4 nights or more between 17 April - 15 October 2026 vom Zentrum von Nakatukufuri entfernt?","2026-03-23 02:22:31.524506+00"
"37","d222ce26-2538-4767-a3eb-428047ff6a03","32ff0590-e264-42f3-b475-e6fb68fe5287","it","Niyama Private Islands Maldives dispone di una piscina?","2026-03-23 02:23:49.505603+00"
"38","d222ce26-2538-4767-a3eb-428047ff6a03","32ff0590-e264-42f3-b475-e6fb68fe5287","it","Che tipo di camere posso prenotare presso Niyama Private Islands Maldives?","2026-03-23 02:23:49.505607+00"
"39","d222ce26-2538-4767-a3eb-428047ff6a03","32ff0590-e264-42f3-b475-e6fb68fe5287","it","Che orari di check-in e check-out sono previsti presso Niyama Private Islands Maldives?","2026-03-23 02:23:49.505607+00"
"40","d222ce26-2538-4767-a3eb-428047ff6a03","32ff0590-e264-42f3-b475-e6fb68fe5287","it","Quanto costa soggiornare presso Niyama Private Islands Maldives?","2026-03-23 02:23:49.505608+00"
"41","d222ce26-2538-4767-a3eb-428047ff6a03","32ff0590-e264-42f3-b475-e6fb68fe5287","it","Niyama Private Islands Maldives dispone di un ristorante in loco?","2026-03-23 02:23:49.505609+00"
"42","d222ce26-2538-4767-a3eb-428047ff6a03","32ff0590-e264-42f3-b475-e6fb68fe5287","it","Quali servizi/attività sono disponibili presso Niyama Private Islands Maldives?","2026-03-23 02:23:49.505609+00"
"43","d222ce26-2538-4767-a3eb-428047ff6a03","32ff0590-e264-42f3-b475-e6fb68fe5287","it","Quanto dista Niyama Private Islands Maldives dal centro di Dhaalu Atoll?","2026-03-23 02:23:49.50561+00"
"44","d222ce26-2538-4767-a3eb-428047ff6a03","32ff0590-e264-42f3-b475-e6fb68fe5287","it","Niyama Private Islands Maldives è adatta per le famiglie?","2026-03-23 02:23:49.505611+00"
"49","0282ab2f-29ad-4e42-8c5d-e2f921ec50df","82120e1b-3dd5-41a2-804b-86504d39fed6","es","¿Hay piscina en Mandarin Oriental, Canouan?","2026-03-23 02:26:40.965082+00"
"45","f0142bac-a2f0-4c87-85e4-0caa400018dd","0685c131-5969-4b78-b02e-a76c6357c6bb","it","Che tipo di camere posso prenotare presso Centara Grand Lagoon Maldives - Free Round Trip Speedboat when stay 4 nights or more between 17 April - 15 October 2026?","2026-03-23 02:25:22.536019+00"
"46","f0142bac-a2f0-4c87-85e4-0caa400018dd","0685c131-5969-4b78-b02e-a76c6357c6bb","it","Che orari di check-in e check-out sono previsti presso Centara Grand Lagoon Maldives - Free Round Trip Speedboat when stay 4 nights or more between 17 April - 15 October 2026?","2026-03-23 02:25:22.536023+00"
"47","f0142bac-a2f0-4c87-85e4-0caa400018dd","0685c131-5969-4b78-b02e-a76c6357c6bb","it","Quanto costa soggiornare presso Centara Grand Lagoon Maldives - Free Round Trip Speedboat when stay 4 nights or more between 17 April - 15 October 2026?","2026-03-23 02:25:22.536023+00"
"48","f0142bac-a2f0-4c87-85e4-0caa400018dd","0685c131-5969-4b78-b02e-a76c6357c6bb","it","Quanto dista Centara Grand Lagoon Maldives - Free Round Trip Speedboat when stay 4 nights or more between 17 April - 15 October 2026 dal centro di Nakatukufuri?","2026-03-23 02:25:22.536024+00"
"50","0282ab2f-29ad-4e42-8c5d-e2f921ec50df","82120e1b-3dd5-41a2-804b-86504d39fed6","es","¿Qué tipo de habitación puedo reservar en Mandarin Oriental, Canouan?","2026-03-23 02:26:40.965086+00"
"51","0282ab2f-29ad-4e42-8c5d-e2f921ec50df","82120e1b-3dd5-41a2-804b-86504d39fed6","es","¿Cuál es el horario de entrada y salida de Mandarin Oriental, Canouan?","2026-03-23 02:26:40.965087+00"
"52","0282ab2f-29ad-4e42-8c5d-e2f921ec50df","82120e1b-3dd5-41a2-804b-86504d39fed6","es","¿Cuánto cuesta alojarse en Mandarin Oriental, Canouan?","2026-03-23 02:26:40.965088+00"
"53","0282ab2f-29ad-4e42-8c5d-e2f921ec50df","82120e1b-3dd5-41a2-804b-86504d39fed6","es","¿Hay restaurante dentro de Mandarin Oriental, Canouan?","2026-03-23 02:26:40.965089+00"
"54","0282ab2f-29ad-4e42-8c5d-e2f921ec50df","82120e1b-3dd5-41a2-804b-86504d39fed6","es","¿Qué se puede hacer en Mandarin Oriental, Canouan?","2026-03-23 02:26:40.96509+00"
"55","0282ab2f-29ad-4e42-8c5d-e2f921ec50df","82120e1b-3dd5-41a2-804b-86504d39fed6","es","¿A qué distancia está Mandarin Oriental, Canouan del centro de Canouan?","2026-03-23 02:26:40.965091+00"
"56","0282ab2f-29ad-4e42-8c5d-e2f921ec50df","82120e1b-3dd5-41a2-804b-86504d39fed6","es","¿Mandarin Oriental, Canouan tiene bañera de hidromasaje?","2026-03-23 02:26:40.965092+00"
"57","fa86fb44-682c-4733-8112-db42b47f889e","6eb4d038-07d4-4b93-9a69-7aa19c4586b5","es","¿Hay piscina en South Bank?","2026-03-23 02:28:00.789137+00"
"58","fa86fb44-682c-4733-8112-db42b47f889e","6eb4d038-07d4-4b93-9a69-7aa19c4586b5","es","¿Qué tipo de habitación puedo reservar en South Bank?","2026-03-23 02:28:00.789141+00"
"59","fa86fb44-682c-4733-8112-db42b47f889e","6eb4d038-07d4-4b93-9a69-7aa19c4586b5","es","¿Cuál es el horario de entrada y salida de South Bank?","2026-03-23 02:28:00.789142+00"
"60","fa86fb44-682c-4733-8112-db42b47f889e","6eb4d038-07d4-4b93-9a69-7aa19c4586b5","es","¿Cuánto cuesta alojarse en South Bank?","2026-03-23 02:28:00.789143+00"
"61","fa86fb44-682c-4733-8112-db42b47f889e","6eb4d038-07d4-4b93-9a69-7aa19c4586b5","es","¿Hay restaurante dentro de South Bank?","2026-03-23 02:28:00.789144+00"
"62","fa86fb44-682c-4733-8112-db42b47f889e","6eb4d038-07d4-4b93-9a69-7aa19c4586b5","es","¿Qué se puede hacer en South Bank?","2026-03-23 02:28:00.789144+00"
"63","fa86fb44-682c-4733-8112-db42b47f889e","6eb4d038-07d4-4b93-9a69-7aa19c4586b5","es","¿A qué distancia está South Bank del centro de Long Bay Hills?","2026-03-23 02:28:00.789145+00"
"64","fa86fb44-682c-4733-8112-db42b47f889e","6eb4d038-07d4-4b93-9a69-7aa19c4586b5","es","¿A qué distancia está South Bank de la playa?","2026-03-23 02:28:00.789146+00"
"65","fba956fa-cb25-49f2-b483-16c49eea3a23","82120e1b-3dd5-41a2-804b-86504d39fed6","en","Does Mandarin Oriental, Canouan have a pool?","2026-03-23 02:30:52.035332+00"
"66","fba956fa-cb25-49f2-b483-16c49eea3a23","82120e1b-3dd5-41a2-804b-86504d39fed6","en","What type of room can I book at Mandarin Oriental, Canouan?","2026-03-23 02:30:52.035347+00"
"67","fba956fa-cb25-49f2-b483-16c49eea3a23","82120e1b-3dd5-41a2-804b-86504d39fed6","en","What are the check-in and check-out times at Mandarin Oriental, Canouan?","2026-03-23 02:30:52.035361+00"
"68","fba956fa-cb25-49f2-b483-16c49eea3a23","82120e1b-3dd5-41a2-804b-86504d39fed6","en","How much does it cost to stay at Mandarin Oriental, Canouan?","2026-03-23 02:30:52.035369+00"
"69","fba956fa-cb25-49f2-b483-16c49eea3a23","82120e1b-3dd5-41a2-804b-86504d39fed6","en","Does Mandarin Oriental, Canouan have a restaurant on site?","2026-03-23 02:30:52.035377+00"
"70","fba956fa-cb25-49f2-b483-16c49eea3a23","82120e1b-3dd5-41a2-804b-86504d39fed6","en","What is there to do at Mandarin Oriental, Canouan?","2026-03-23 02:30:52.035385+00"
"71","fba956fa-cb25-49f2-b483-16c49eea3a23","82120e1b-3dd5-41a2-804b-86504d39fed6","en","How far is Mandarin Oriental, Canouan from the centre of Canouan?","2026-03-23 02:30:52.035392+00"
"72","fba956fa-cb25-49f2-b483-16c49eea3a23","82120e1b-3dd5-41a2-804b-86504d39fed6","en","Does Mandarin Oriental, Canouan have a hot tub for its guests?","2026-03-23 02:30:52.0354+00"
"73","e266eeb3-d7c3-41a4-ae52-bf2300a60f25","6eb4d038-07d4-4b93-9a69-7aa19c4586b5","en","Does South Bank have a pool?","2026-03-23 02:33:48.864058+00"
"74","e266eeb3-d7c3-41a4-ae52-bf2300a60f25","6eb4d038-07d4-4b93-9a69-7aa19c4586b5","en","What type of room can I book at South Bank?","2026-03-23 02:33:48.864062+00"
"75","e266eeb3-d7c3-41a4-ae52-bf2300a60f25","6eb4d038-07d4-4b93-9a69-7aa19c4586b5","en","What are the check-in and check-out times at South Bank?","2026-03-23 02:33:48.864063+00"
"76","e266eeb3-d7c3-41a4-ae52-bf2300a60f25","6eb4d038-07d4-4b93-9a69-7aa19c4586b5","en","How much does it cost to stay at South Bank?","2026-03-23 02:33:48.864064+00"
"77","e266eeb3-d7c3-41a4-ae52-bf2300a60f25","6eb4d038-07d4-4b93-9a69-7aa19c4586b5","en","Does South Bank have a restaurant on site?","2026-03-23 02:33:48.864064+00"
"78","e266eeb3-d7c3-41a4-ae52-bf2300a60f25","6eb4d038-07d4-4b93-9a69-7aa19c4586b5","en","What is there to do at South Bank?","2026-03-23 02:33:48.864065+00"
"79","e266eeb3-d7c3-41a4-ae52-bf2300a60f25","6eb4d038-07d4-4b93-9a69-7aa19c4586b5","en","How far is South Bank from the centre of Long Bay Hills?","2026-03-23 02:33:48.864066+00"
"80","e266eeb3-d7c3-41a4-ae52-bf2300a60f25","6eb4d038-07d4-4b93-9a69-7aa19c4586b5","en","How close to the beach is South Bank?","2026-03-23 02:33:48.864067+00"
"81","089f88d7-d807-40c5-9d28-3632ec4b9424","82120e1b-3dd5-41a2-804b-86504d39fed6","de","Hat die Unterkunft Mandarin Oriental, Canouan einen Pool?","2026-03-23 02:35:07.709947+00"
"82","089f88d7-d807-40c5-9d28-3632ec4b9424","82120e1b-3dd5-41a2-804b-86504d39fed6","de","Welche Art von Zimmer kann ich in der Unterkunft Mandarin Oriental, Canouan buchen?","2026-03-23 02:35:07.70995+00"
"83","089f88d7-d807-40c5-9d28-3632ec4b9424","82120e1b-3dd5-41a2-804b-86504d39fed6","de","Wie lauten die Check-in- und Check-out-Zeiten in der Unterkunft Mandarin Oriental, Canouan?","2026-03-23 02:35:07.709951+00"
"84","089f88d7-d807-40c5-9d28-3632ec4b9424","82120e1b-3dd5-41a2-804b-86504d39fed6","de","Wieviel kostet der Aufenthalt in der Unterkunft Mandarin Oriental, Canouan?","2026-03-23 02:35:07.709952+00"
"85","089f88d7-d807-40c5-9d28-3632ec4b9424","82120e1b-3dd5-41a2-804b-86504d39fed6","de","Hat die Unterkunft Mandarin Oriental, Canouan ein Restaurant vor Ort?","2026-03-23 02:35:07.709952+00"
"86","089f88d7-d807-40c5-9d28-3632ec4b9424","82120e1b-3dd5-41a2-804b-86504d39fed6","de","Welche Aktivitäten bietet die Unterkunft Mandarin Oriental, Canouan?","2026-03-23 02:35:07.709953+00"
"87","089f88d7-d807-40c5-9d28-3632ec4b9424","82120e1b-3dd5-41a2-804b-86504d39fed6","de","Wie weit ist die Unterkunft Mandarin Oriental, Canouan vom Zentrum von Canouan entfernt?","2026-03-23 02:35:07.709954+00"
"88","089f88d7-d807-40c5-9d28-3632ec4b9424","82120e1b-3dd5-41a2-804b-86504d39fed6","de","Hat die Unterkunft Mandarin Oriental, Canouan einen Whirlpool für Gäste?","2026-03-23 02:35:07.709954+00"
"89","a1cbd96a-dc10-41f3-81fa-4e72a22ada7e","6eb4d038-07d4-4b93-9a69-7aa19c4586b5","de","Hat die Unterkunft South Bank einen Pool?","2026-03-23 02:36:24.617455+00"
"90","a1cbd96a-dc10-41f3-81fa-4e72a22ada7e","6eb4d038-07d4-4b93-9a69-7aa19c4586b5","de","Welche Art von Zimmer kann ich in der Unterkunft South Bank buchen?","2026-03-23 02:36:24.617458+00"
"91","a1cbd96a-dc10-41f3-81fa-4e72a22ada7e","6eb4d038-07d4-4b93-9a69-7aa19c4586b5","de","Wie lauten die Check-in- und Check-out-Zeiten in der Unterkunft South Bank?","2026-03-23 02:36:24.617459+00"
"92","a1cbd96a-dc10-41f3-81fa-4e72a22ada7e","6eb4d038-07d4-4b93-9a69-7aa19c4586b5","de","Wieviel kostet der Aufenthalt in der Unterkunft South Bank?","2026-03-23 02:36:24.61746+00"
"93","a1cbd96a-dc10-41f3-81fa-4e72a22ada7e","6eb4d038-07d4-4b93-9a69-7aa19c4586b5","de","Hat die Unterkunft South Bank ein Restaurant vor Ort?","2026-03-23 02:36:24.61746+00"
"94","a1cbd96a-dc10-41f3-81fa-4e72a22ada7e","6eb4d038-07d4-4b93-9a69-7aa19c4586b5","de","Welche Aktivitäten bietet die Unterkunft South Bank?","2026-03-23 02:36:24.617461+00"
"95","a1cbd96a-dc10-41f3-81fa-4e72a22ada7e","6eb4d038-07d4-4b93-9a69-7aa19c4586b5","de","Wie weit ist die Unterkunft South Bank vom Zentrum von Long Bay Hills entfernt?","2026-03-23 02:36:24.617461+00"
"96","a1cbd96a-dc10-41f3-81fa-4e72a22ada7e","6eb4d038-07d4-4b93-9a69-7aa19c4586b5","de","Wie weit ist der Strand von der Unterkunft South Bank?","2026-03-23 02:36:24.617462+00"
"97","59ec7400-56d1-4611-b6a1-540be2370fd1","82120e1b-3dd5-41a2-804b-86504d39fed6","it","Mandarin Oriental, Canouan dispone di una piscina?","2026-03-23 02:37:41.384372+00"
"98","59ec7400-56d1-4611-b6a1-540be2370fd1","82120e1b-3dd5-41a2-804b-86504d39fed6","it","Che tipo di camere posso prenotare presso Mandarin Oriental, Canouan?","2026-03-23 02:37:41.384375+00"
"99","59ec7400-56d1-4611-b6a1-540be2370fd1","82120e1b-3dd5-41a2-804b-86504d39fed6","it","Che orari di check-in e check-out sono previsti presso Mandarin Oriental, Canouan?","2026-03-23 02:37:41.384376+00"
"100","59ec7400-56d1-4611-b6a1-540be2370fd1","82120e1b-3dd5-41a2-804b-86504d39fed6","it","Quanto costa soggiornare presso Mandarin Oriental, Canouan?","2026-03-23 02:37:41.384377+00"
"101","59ec7400-56d1-4611-b6a1-540be2370fd1","82120e1b-3dd5-41a2-804b-86504d39fed6","it","Mandarin Oriental, Canouan dispone di un ristorante in loco?","2026-03-23 02:37:41.384377+00"
"102","59ec7400-56d1-4611-b6a1-540be2370fd1","82120e1b-3dd5-41a2-804b-86504d39fed6","it","Quali servizi/attività sono disponibili presso Mandarin Oriental, Canouan?","2026-03-23 02:37:41.384378+00"
"103","59ec7400-56d1-4611-b6a1-540be2370fd1","82120e1b-3dd5-41a2-804b-86504d39fed6","it","Quanto dista Mandarin Oriental, Canouan dal centro di Canouan?","2026-03-23 02:37:41.384379+00"
"104","59ec7400-56d1-4611-b6a1-540be2370fd1","82120e1b-3dd5-41a2-804b-86504d39fed6","it","Mandarin Oriental, Canouan offre una vasca idromassaggio agli ospiti?","2026-03-23 02:37:41.384379+00"
"105","a141bb25-8a07-4589-96e0-e8c04f1c3444","6eb4d038-07d4-4b93-9a69-7aa19c4586b5","it","South Bank dispone di una piscina?","2026-03-23 02:39:12.132286+00"
"106","a141bb25-8a07-4589-96e0-e8c04f1c3444","6eb4d038-07d4-4b93-9a69-7aa19c4586b5","it","Che tipo di camere posso prenotare presso South Bank?","2026-03-23 02:39:12.132291+00"
"107","a141bb25-8a07-4589-96e0-e8c04f1c3444","6eb4d038-07d4-4b93-9a69-7aa19c4586b5","it","Che orari di check-in e check-out sono previsti presso South Bank?","2026-03-23 02:39:12.132292+00"
"108","a141bb25-8a07-4589-96e0-e8c04f1c3444","6eb4d038-07d4-4b93-9a69-7aa19c4586b5","it","Quanto costa soggiornare presso South Bank?","2026-03-23 02:39:12.132294+00"
"109","a141bb25-8a07-4589-96e0-e8c04f1c3444","6eb4d038-07d4-4b93-9a69-7aa19c4586b5","it","South Bank dispone di un ristorante in loco?","2026-03-23 02:39:12.132295+00"
"110","a141bb25-8a07-4589-96e0-e8c04f1c3444","6eb4d038-07d4-4b93-9a69-7aa19c4586b5","it","Quali servizi/attività sono disponibili presso South Bank?","2026-03-23 02:39:12.132296+00"
"111","a141bb25-8a07-4589-96e0-e8c04f1c3444","6eb4d038-07d4-4b93-9a69-7aa19c4586b5","it","Quanto dista South Bank dal centro di Long Bay Hills?","2026-03-23 02:39:12.132297+00"
"112","a141bb25-8a07-4589-96e0-e8c04f1c3444","6eb4d038-07d4-4b93-9a69-7aa19c4586b5","it","Quanto dista South Bank dalla spiaggia?","2026-03-23 02:39:12.132298+00"
"113","2b43fe4e-d4ac-4426-8f18-ad98a631b6ed","e577917d-6ee3-4c33-a6dc-2b4d5662f142","es","¿Qué tipo de desayuno se sirve en Grace Bay Club?","2026-03-23 02:40:30.599851+00"
"114","2b43fe4e-d4ac-4426-8f18-ad98a631b6ed","e577917d-6ee3-4c33-a6dc-2b4d5662f142","es","¿Hay piscina en Grace Bay Club?","2026-03-23 02:40:30.599856+00"
"115","2b43fe4e-d4ac-4426-8f18-ad98a631b6ed","e577917d-6ee3-4c33-a6dc-2b4d5662f142","es","¿Qué tipo de habitación puedo reservar en Grace Bay Club?","2026-03-23 02:40:30.599856+00"
"116","2b43fe4e-d4ac-4426-8f18-ad98a631b6ed","e577917d-6ee3-4c33-a6dc-2b4d5662f142","es","¿Cuál es el horario de entrada y salida de Grace Bay Club?","2026-03-23 02:40:30.599857+00"
"117","2b43fe4e-d4ac-4426-8f18-ad98a631b6ed","e577917d-6ee3-4c33-a6dc-2b4d5662f142","es","¿Cuánto cuesta alojarse en Grace Bay Club?","2026-03-23 02:40:30.599857+00"
"118","2b43fe4e-d4ac-4426-8f18-ad98a631b6ed","e577917d-6ee3-4c33-a6dc-2b4d5662f142","es","¿Hay restaurante dentro de Grace Bay Club?","2026-03-23 02:40:30.599858+00"
"119","2b43fe4e-d4ac-4426-8f18-ad98a631b6ed","e577917d-6ee3-4c33-a6dc-2b4d5662f142","es","¿Qué se puede hacer en Grace Bay Club?","2026-03-23 02:40:30.599859+00"
"120","2b43fe4e-d4ac-4426-8f18-ad98a631b6ed","e577917d-6ee3-4c33-a6dc-2b4d5662f142","es","¿A qué distancia está Grace Bay Club del centro de Grace Bay?","2026-03-23 02:40:30.599859+00"
"121","2b43fe4e-d4ac-4426-8f18-ad98a631b6ed","e577917d-6ee3-4c33-a6dc-2b4d5662f142","es","¿A qué distancia está Grace Bay Club de la playa?","2026-03-23 02:40:30.59986+00"
"122","2b43fe4e-d4ac-4426-8f18-ad98a631b6ed","e577917d-6ee3-4c33-a6dc-2b4d5662f142","es","¿Grace Bay Club tiene bañera de hidromasaje?","2026-03-23 02:40:30.59986+00"
"123","2b43fe4e-d4ac-4426-8f18-ad98a631b6ed","e577917d-6ee3-4c33-a6dc-2b4d5662f142","es","¿Grace Bay Club gusta a las familias?","2026-03-23 02:40:30.599861+00"
"124","9d49384c-5a2c-4172-9308-af9fd16fe214","1a54b67d-01db-4e6c-88fb-208392d58712","es","¿Hay piscina en The Island Garden Hotel?","2026-03-23 02:41:49.116557+00"
"125","9d49384c-5a2c-4172-9308-af9fd16fe214","1a54b67d-01db-4e6c-88fb-208392d58712","es","¿Qué tipo de habitación puedo reservar en The Island Garden Hotel?","2026-03-23 02:41:49.116562+00"
"126","9d49384c-5a2c-4172-9308-af9fd16fe214","1a54b67d-01db-4e6c-88fb-208392d58712","es","¿Cuál es el horario de entrada y salida de The Island Garden Hotel?","2026-03-23 02:41:49.116564+00"
"127","9d49384c-5a2c-4172-9308-af9fd16fe214","1a54b67d-01db-4e6c-88fb-208392d58712","es","¿Cuánto cuesta alojarse en The Island Garden Hotel?","2026-03-23 02:41:49.116565+00"
"128","9d49384c-5a2c-4172-9308-af9fd16fe214","1a54b67d-01db-4e6c-88fb-208392d58712","es","¿Qué se puede hacer en The Island Garden Hotel?","2026-03-23 02:41:49.116566+00"
"129","9d49384c-5a2c-4172-9308-af9fd16fe214","1a54b67d-01db-4e6c-88fb-208392d58712","es","¿A qué distancia está The Island Garden Hotel del centro de Nassau?","2026-03-23 02:41:49.116568+00"
"130","9d49384c-5a2c-4172-9308-af9fd16fe214","1a54b67d-01db-4e6c-88fb-208392d58712","es","¿A qué distancia está The Island Garden Hotel de la playa?","2026-03-23 02:41:49.116569+00"
"131","3e3ed7cb-e0d5-4170-ba42-edbcf19a3f45","e577917d-6ee3-4c33-a6dc-2b4d5662f142","en","What kind of breakfast is served at Grace Bay Club?","2026-03-23 02:44:44.657461+00"
"132","3e3ed7cb-e0d5-4170-ba42-edbcf19a3f45","e577917d-6ee3-4c33-a6dc-2b4d5662f142","en","Does Grace Bay Club have a pool?","2026-03-23 02:44:44.657464+00"
"133","3e3ed7cb-e0d5-4170-ba42-edbcf19a3f45","e577917d-6ee3-4c33-a6dc-2b4d5662f142","en","What type of room can I book at Grace Bay Club?","2026-03-23 02:44:44.657465+00"
"134","3e3ed7cb-e0d5-4170-ba42-edbcf19a3f45","e577917d-6ee3-4c33-a6dc-2b4d5662f142","en","What are the check-in and check-out times at Grace Bay Club?","2026-03-23 02:44:44.657465+00"
"135","3e3ed7cb-e0d5-4170-ba42-edbcf19a3f45","e577917d-6ee3-4c33-a6dc-2b4d5662f142","en","How much does it cost to stay at Grace Bay Club?","2026-03-23 02:44:44.657466+00"
"136","3e3ed7cb-e0d5-4170-ba42-edbcf19a3f45","e577917d-6ee3-4c33-a6dc-2b4d5662f142","en","Does Grace Bay Club have a restaurant on site?","2026-03-23 02:44:44.657466+00"
"137","3e3ed7cb-e0d5-4170-ba42-edbcf19a3f45","e577917d-6ee3-4c33-a6dc-2b4d5662f142","en","What is there to do at Grace Bay Club?","2026-03-23 02:44:44.657467+00"
"138","3e3ed7cb-e0d5-4170-ba42-edbcf19a3f45","e577917d-6ee3-4c33-a6dc-2b4d5662f142","en","How far is Grace Bay Club from the centre of Grace Bay?","2026-03-23 02:44:44.657468+00"
"139","3e3ed7cb-e0d5-4170-ba42-edbcf19a3f45","e577917d-6ee3-4c33-a6dc-2b4d5662f142","en","How close to the beach is Grace Bay Club?","2026-03-23 02:44:44.657468+00"
"140","3e3ed7cb-e0d5-4170-ba42-edbcf19a3f45","e577917d-6ee3-4c33-a6dc-2b4d5662f142","en","Does Grace Bay Club have a hot tub for its guests?","2026-03-23 02:44:44.657469+00"
"141","3e3ed7cb-e0d5-4170-ba42-edbcf19a3f45","e577917d-6ee3-4c33-a6dc-2b4d5662f142","en","Is Grace Bay Club popular with families?","2026-03-23 02:44:44.657469+00"
"142","b243f790-9c5a-45f1-a17c-947d21e7a8f7","1a54b67d-01db-4e6c-88fb-208392d58712","en","Does The Island Garden Hotel have a pool?","2026-03-23 02:47:35.755849+00"
"143","b243f790-9c5a-45f1-a17c-947d21e7a8f7","1a54b67d-01db-4e6c-88fb-208392d58712","en","What type of room can I book at The Island Garden Hotel?","2026-03-23 02:47:35.755853+00"
"144","b243f790-9c5a-45f1-a17c-947d21e7a8f7","1a54b67d-01db-4e6c-88fb-208392d58712","en","What are the check-in and check-out times at The Island Garden Hotel?","2026-03-23 02:47:35.755853+00"
"145","b243f790-9c5a-45f1-a17c-947d21e7a8f7","1a54b67d-01db-4e6c-88fb-208392d58712","en","How much does it cost to stay at The Island Garden Hotel?","2026-03-23 02:47:35.755854+00"
"146","b243f790-9c5a-45f1-a17c-947d21e7a8f7","1a54b67d-01db-4e6c-88fb-208392d58712","en","What is there to do at The Island Garden Hotel?","2026-03-23 02:47:35.755855+00"
"147","b243f790-9c5a-45f1-a17c-947d21e7a8f7","1a54b67d-01db-4e6c-88fb-208392d58712","en","How far is The Island Garden Hotel from the centre of Nassau?","2026-03-23 02:47:35.755856+00"
"148","b243f790-9c5a-45f1-a17c-947d21e7a8f7","1a54b67d-01db-4e6c-88fb-208392d58712","en","How close to the beach is The Island Garden Hotel?","2026-03-23 02:47:35.755857+00"
"149","98738cee-4f89-449f-b455-47b809ea2e88","e577917d-6ee3-4c33-a6dc-2b4d5662f142","de","Welche Art von Frühstück wird in der Unterkunft Grace Bay Club serviert?","2026-03-23 02:48:53.862604+00"
"150","98738cee-4f89-449f-b455-47b809ea2e88","e577917d-6ee3-4c33-a6dc-2b4d5662f142","de","Hat die Unterkunft Grace Bay Club einen Pool?","2026-03-23 02:48:53.862607+00"
"151","98738cee-4f89-449f-b455-47b809ea2e88","e577917d-6ee3-4c33-a6dc-2b4d5662f142","de","Welche Art von Zimmer kann ich in der Unterkunft Grace Bay Club buchen?","2026-03-23 02:48:53.862608+00"
"152","98738cee-4f89-449f-b455-47b809ea2e88","e577917d-6ee3-4c33-a6dc-2b4d5662f142","de","Wie lauten die Check-in- und Check-out-Zeiten in der Unterkunft Grace Bay Club?","2026-03-23 02:48:53.862608+00"
"153","98738cee-4f89-449f-b455-47b809ea2e88","e577917d-6ee3-4c33-a6dc-2b4d5662f142","de","Wieviel kostet der Aufenthalt in der Unterkunft Grace Bay Club?","2026-03-23 02:48:53.862609+00"
"154","98738cee-4f89-449f-b455-47b809ea2e88","e577917d-6ee3-4c33-a6dc-2b4d5662f142","de","Hat die Unterkunft Grace Bay Club ein Restaurant vor Ort?","2026-03-23 02:48:53.86261+00"
"155","98738cee-4f89-449f-b455-47b809ea2e88","e577917d-6ee3-4c33-a6dc-2b4d5662f142","de","Welche Aktivitäten bietet die Unterkunft Grace Bay Club?","2026-03-23 02:48:53.86261+00"
"156","98738cee-4f89-449f-b455-47b809ea2e88","e577917d-6ee3-4c33-a6dc-2b4d5662f142","de","Wie weit ist die Unterkunft Grace Bay Club vom Zentrum von Grace Bay entfernt?","2026-03-23 02:48:53.862611+00"
"157","98738cee-4f89-449f-b455-47b809ea2e88","e577917d-6ee3-4c33-a6dc-2b4d5662f142","de","Wie weit ist der Strand von der Unterkunft Grace Bay Club?","2026-03-23 02:48:53.862611+00"
"158","98738cee-4f89-449f-b455-47b809ea2e88","e577917d-6ee3-4c33-a6dc-2b4d5662f142","de","Hat die Unterkunft Grace Bay Club einen Whirlpool für Gäste?","2026-03-23 02:48:53.862612+00"
"159","98738cee-4f89-449f-b455-47b809ea2e88","e577917d-6ee3-4c33-a6dc-2b4d5662f142","de","Ist die Unterkunft Grace Bay Club bei Familien beliebt?","2026-03-23 02:48:53.862612+00"
"160","496b0a5c-8883-41f9-9692-db73af1ef113","1a54b67d-01db-4e6c-88fb-208392d58712","de","Hat die Unterkunft The Island Garden Hotel einen Pool?","2026-03-23 02:50:11.682679+00"
"161","496b0a5c-8883-41f9-9692-db73af1ef113","1a54b67d-01db-4e6c-88fb-208392d58712","de","Welche Art von Zimmer kann ich in der Unterkunft The Island Garden Hotel buchen?","2026-03-23 02:50:11.682683+00"
"162","496b0a5c-8883-41f9-9692-db73af1ef113","1a54b67d-01db-4e6c-88fb-208392d58712","de","Wie lauten die Check-in- und Check-out-Zeiten in der Unterkunft The Island Garden Hotel?","2026-03-23 02:50:11.682684+00"
"163","496b0a5c-8883-41f9-9692-db73af1ef113","1a54b67d-01db-4e6c-88fb-208392d58712","de","Wieviel kostet der Aufenthalt in der Unterkunft The Island Garden Hotel?","2026-03-23 02:50:11.682684+00"
"164","496b0a5c-8883-41f9-9692-db73af1ef113","1a54b67d-01db-4e6c-88fb-208392d58712","de","Welche Aktivitäten bietet die Unterkunft The Island Garden Hotel?","2026-03-23 02:50:11.682685+00"
"165","496b0a5c-8883-41f9-9692-db73af1ef113","1a54b67d-01db-4e6c-88fb-208392d58712","de","Wie weit ist die Unterkunft The Island Garden Hotel vom Zentrum von Nassau entfernt?","2026-03-23 02:50:11.682686+00"
"166","496b0a5c-8883-41f9-9692-db73af1ef113","1a54b67d-01db-4e6c-88fb-208392d58712","de","Wie weit ist der Strand von der Unterkunft The Island Garden Hotel?","2026-03-23 02:50:11.682686+00"
"167","0c60b055-b828-4814-bf1f-cdb9638eac42","e577917d-6ee3-4c33-a6dc-2b4d5662f142","it","Che tipo di colazione offre Grace Bay Club?","2026-03-23 02:51:31.078867+00"
"168","0c60b055-b828-4814-bf1f-cdb9638eac42","e577917d-6ee3-4c33-a6dc-2b4d5662f142","it","Grace Bay Club dispone di una piscina?","2026-03-23 02:51:31.078874+00"
"169","0c60b055-b828-4814-bf1f-cdb9638eac42","e577917d-6ee3-4c33-a6dc-2b4d5662f142","it","Che tipo di camere posso prenotare presso Grace Bay Club?","2026-03-23 02:51:31.078876+00"
"170","0c60b055-b828-4814-bf1f-cdb9638eac42","e577917d-6ee3-4c33-a6dc-2b4d5662f142","it","Che orari di check-in e check-out sono previsti presso Grace Bay Club?","2026-03-23 02:51:31.078877+00"
"171","0c60b055-b828-4814-bf1f-cdb9638eac42","e577917d-6ee3-4c33-a6dc-2b4d5662f142","it","Quanto costa soggiornare presso Grace Bay Club?","2026-03-23 02:51:31.078878+00"
"172","0c60b055-b828-4814-bf1f-cdb9638eac42","e577917d-6ee3-4c33-a6dc-2b4d5662f142","it","Grace Bay Club dispone di un ristorante in loco?","2026-03-23 02:51:31.07888+00"
"173","0c60b055-b828-4814-bf1f-cdb9638eac42","e577917d-6ee3-4c33-a6dc-2b4d5662f142","it","Quali servizi/attività sono disponibili presso Grace Bay Club?","2026-03-23 02:51:31.078881+00"
"174","0c60b055-b828-4814-bf1f-cdb9638eac42","e577917d-6ee3-4c33-a6dc-2b4d5662f142","it","Quanto dista Grace Bay Club dal centro di Grace Bay?","2026-03-23 02:51:31.078883+00"
"175","0c60b055-b828-4814-bf1f-cdb9638eac42","e577917d-6ee3-4c33-a6dc-2b4d5662f142","it","Quanto dista Grace Bay Club dalla spiaggia?","2026-03-23 02:51:31.078884+00"
"176","0c60b055-b828-4814-bf1f-cdb9638eac42","e577917d-6ee3-4c33-a6dc-2b4d5662f142","it","Grace Bay Club offre una vasca idromassaggio agli ospiti?","2026-03-23 02:51:31.078886+00"
"177","0c60b055-b828-4814-bf1f-cdb9638eac42","e577917d-6ee3-4c33-a6dc-2b4d5662f142","it","Grace Bay Club è adatta per le famiglie?","2026-03-23 02:51:31.078888+00"
"178","6863239e-f60f-4a91-a9f0-4f3bdf588960","1a54b67d-01db-4e6c-88fb-208392d58712","it","The Island Garden Hotel dispone di una piscina?","2026-03-23 02:53:02.238636+00"
"179","6863239e-f60f-4a91-a9f0-4f3bdf588960","1a54b67d-01db-4e6c-88fb-208392d58712","it","Che tipo di camere posso prenotare presso The Island Garden Hotel?","2026-03-23 02:53:02.23864+00"
"180","6863239e-f60f-4a91-a9f0-4f3bdf588960","1a54b67d-01db-4e6c-88fb-208392d58712","it","Che orari di check-in e check-out sono previsti presso The Island Garden Hotel?","2026-03-23 02:53:02.23864+00"
"181","6863239e-f60f-4a91-a9f0-4f3bdf588960","1a54b67d-01db-4e6c-88fb-208392d58712","it","Quanto costa soggiornare presso The Island Garden Hotel?","2026-03-23 02:53:02.238641+00"
"182","6863239e-f60f-4a91-a9f0-4f3bdf588960","1a54b67d-01db-4e6c-88fb-208392d58712","it","Quali servizi/attività sono disponibili presso The Island Garden Hotel?","2026-03-23 02:53:02.238642+00"
"183","6863239e-f60f-4a91-a9f0-4f3bdf588960","1a54b67d-01db-4e6c-88fb-208392d58712","it","Quanto dista The Island Garden Hotel dal centro di Nassau?","2026-03-23 02:53:02.238642+00"
"184","6863239e-f60f-4a91-a9f0-4f3bdf588960","1a54b67d-01db-4e6c-88fb-208392d58712","it","Quanto dista The Island Garden Hotel dalla spiaggia?","2026-03-23 02:53:02.238643+00"
"185","43e52e4c-866c-48ba-b552-092cda24608a","40cc1aa4-9785-4ec8-94e3-9d4b07107567","es","¿Qué tipo de desayuno se sirve en Hôtel Le Roy?","2026-03-23 02:54:19.111539+00"
"186","43e52e4c-866c-48ba-b552-092cda24608a","40cc1aa4-9785-4ec8-94e3-9d4b07107567","es","¿Hay piscina en Hôtel Le Roy?","2026-03-23 02:54:19.111543+00"
"187","43e52e4c-866c-48ba-b552-092cda24608a","40cc1aa4-9785-4ec8-94e3-9d4b07107567","es","¿Qué tipo de habitación puedo reservar en Hôtel Le Roy?","2026-03-23 02:54:19.111544+00"
"188","43e52e4c-866c-48ba-b552-092cda24608a","40cc1aa4-9785-4ec8-94e3-9d4b07107567","es","¿Cuál es el horario de entrada y salida de Hôtel Le Roy?","2026-03-23 02:54:19.111544+00"
"189","43e52e4c-866c-48ba-b552-092cda24608a","40cc1aa4-9785-4ec8-94e3-9d4b07107567","es","¿Cuánto cuesta alojarse en Hôtel Le Roy?","2026-03-23 02:54:19.111545+00"
"190","43e52e4c-866c-48ba-b552-092cda24608a","40cc1aa4-9785-4ec8-94e3-9d4b07107567","es","¿Hay restaurante dentro de Hôtel Le Roy?","2026-03-23 02:54:19.111546+00"
"191","43e52e4c-866c-48ba-b552-092cda24608a","40cc1aa4-9785-4ec8-94e3-9d4b07107567","es","¿Qué se puede hacer en Hôtel Le Roy?","2026-03-23 02:54:19.111546+00"
"192","43e52e4c-866c-48ba-b552-092cda24608a","40cc1aa4-9785-4ec8-94e3-9d4b07107567","es","¿A qué distancia está Hôtel Le Roy del centro de Christ Church?","2026-03-23 02:54:19.111547+00"
"193","43e52e4c-866c-48ba-b552-092cda24608a","40cc1aa4-9785-4ec8-94e3-9d4b07107567","es","¿A qué distancia está Hôtel Le Roy de la playa?","2026-03-23 02:54:19.111548+00"
"194","9fde18f6-9f20-4b91-b8a2-2b8ab4f177f3","738af1b4-cc53-4b9c-b66a-6dd80b0168d2","es","¿Qué tipo de desayuno se sirve en Cheval Blanc Seychelles?","2026-03-23 02:55:36.588911+00"
"195","9fde18f6-9f20-4b91-b8a2-2b8ab4f177f3","738af1b4-cc53-4b9c-b66a-6dd80b0168d2","es","¿Hay piscina en Cheval Blanc Seychelles?","2026-03-23 02:55:36.588915+00"
"196","9fde18f6-9f20-4b91-b8a2-2b8ab4f177f3","738af1b4-cc53-4b9c-b66a-6dd80b0168d2","es","¿Qué tipo de habitación puedo reservar en Cheval Blanc Seychelles?","2026-03-23 02:55:36.588915+00"
"197","9fde18f6-9f20-4b91-b8a2-2b8ab4f177f3","738af1b4-cc53-4b9c-b66a-6dd80b0168d2","es","¿Cuál es el horario de entrada y salida de Cheval Blanc Seychelles?","2026-03-23 02:55:36.588916+00"
"198","9fde18f6-9f20-4b91-b8a2-2b8ab4f177f3","738af1b4-cc53-4b9c-b66a-6dd80b0168d2","es","¿Cuánto cuesta alojarse en Cheval Blanc Seychelles?","2026-03-23 02:55:36.588917+00"
"199","9fde18f6-9f20-4b91-b8a2-2b8ab4f177f3","738af1b4-cc53-4b9c-b66a-6dd80b0168d2","es","¿Hay restaurante dentro de Cheval Blanc Seychelles?","2026-03-23 02:55:36.588917+00"
"200","9fde18f6-9f20-4b91-b8a2-2b8ab4f177f3","738af1b4-cc53-4b9c-b66a-6dd80b0168d2","es","¿Qué se puede hacer en Cheval Blanc Seychelles?","2026-03-23 02:55:36.588918+00"
"201","9fde18f6-9f20-4b91-b8a2-2b8ab4f177f3","738af1b4-cc53-4b9c-b66a-6dd80b0168d2","es","¿A qué distancia está Cheval Blanc Seychelles del centro de Mahé?","2026-03-23 02:55:36.588918+00"
"202","9fde18f6-9f20-4b91-b8a2-2b8ab4f177f3","738af1b4-cc53-4b9c-b66a-6dd80b0168d2","es","¿Cheval Blanc Seychelles gusta a las familias?","2026-03-23 02:55:36.588919+00"
"203","1892bd25-91b3-4695-acd8-3d7165fca0b2","40cc1aa4-9785-4ec8-94e3-9d4b07107567","en","What kind of breakfast is served at Hôtel Le Roy?","2026-03-23 02:58:30.4535+00"
"204","1892bd25-91b3-4695-acd8-3d7165fca0b2","40cc1aa4-9785-4ec8-94e3-9d4b07107567","en","Does Hôtel Le Roy have a pool?","2026-03-23 02:58:30.453504+00"
"205","1892bd25-91b3-4695-acd8-3d7165fca0b2","40cc1aa4-9785-4ec8-94e3-9d4b07107567","en","What type of room can I book at Hôtel Le Roy?","2026-03-23 02:58:30.453505+00"
"206","1892bd25-91b3-4695-acd8-3d7165fca0b2","40cc1aa4-9785-4ec8-94e3-9d4b07107567","en","What are the check-in and check-out times at Hôtel Le Roy?","2026-03-23 02:58:30.453506+00"
"207","1892bd25-91b3-4695-acd8-3d7165fca0b2","40cc1aa4-9785-4ec8-94e3-9d4b07107567","en","How much does it cost to stay at Hôtel Le Roy?","2026-03-23 02:58:30.453507+00"
"208","1892bd25-91b3-4695-acd8-3d7165fca0b2","40cc1aa4-9785-4ec8-94e3-9d4b07107567","en","Does Hôtel Le Roy have a restaurant on site?","2026-03-23 02:58:30.453508+00"
"209","1892bd25-91b3-4695-acd8-3d7165fca0b2","40cc1aa4-9785-4ec8-94e3-9d4b07107567","en","What is there to do at Hôtel Le Roy?","2026-03-23 02:58:30.453509+00"
"210","1892bd25-91b3-4695-acd8-3d7165fca0b2","40cc1aa4-9785-4ec8-94e3-9d4b07107567","en","How far is Hôtel Le Roy from the centre of Christ Church?","2026-03-23 02:58:30.45351+00"
"211","1892bd25-91b3-4695-acd8-3d7165fca0b2","40cc1aa4-9785-4ec8-94e3-9d4b07107567","en","How close to the beach is Hôtel Le Roy?","2026-03-23 02:58:30.453512+00"
"212","267ec270-1aee-41c5-94b0-5d2548d46a2c","40cc1aa4-9785-4ec8-94e3-9d4b07107567","de","Welche Art von Frühstück wird in der Unterkunft Hôtel Le Roy serviert?","2026-03-23 03:04:40.899584+00"
"213","267ec270-1aee-41c5-94b0-5d2548d46a2c","40cc1aa4-9785-4ec8-94e3-9d4b07107567","de","Hat die Unterkunft Hôtel Le Roy einen Pool?","2026-03-23 03:04:40.899589+00"
"214","267ec270-1aee-41c5-94b0-5d2548d46a2c","40cc1aa4-9785-4ec8-94e3-9d4b07107567","de","Welche Art von Zimmer kann ich in der Unterkunft Hôtel Le Roy buchen?","2026-03-23 03:04:40.89959+00"
"215","267ec270-1aee-41c5-94b0-5d2548d46a2c","40cc1aa4-9785-4ec8-94e3-9d4b07107567","de","Wie lauten die Check-in- und Check-out-Zeiten in der Unterkunft Hôtel Le Roy?","2026-03-23 03:04:40.899591+00"
"216","267ec270-1aee-41c5-94b0-5d2548d46a2c","40cc1aa4-9785-4ec8-94e3-9d4b07107567","de","Wieviel kostet der Aufenthalt in der Unterkunft Hôtel Le Roy?","2026-03-23 03:04:40.899592+00"
"217","267ec270-1aee-41c5-94b0-5d2548d46a2c","40cc1aa4-9785-4ec8-94e3-9d4b07107567","de","Hat die Unterkunft Hôtel Le Roy ein Restaurant vor Ort?","2026-03-23 03:04:40.899593+00"
"218","267ec270-1aee-41c5-94b0-5d2548d46a2c","40cc1aa4-9785-4ec8-94e3-9d4b07107567","de","Welche Aktivitäten bietet die Unterkunft Hôtel Le Roy?","2026-03-23 03:04:40.899594+00"
"219","267ec270-1aee-41c5-94b0-5d2548d46a2c","40cc1aa4-9785-4ec8-94e3-9d4b07107567","de","Wie weit ist die Unterkunft Hôtel Le Roy vom Zentrum von Christchurch entfernt?","2026-03-23 03:04:40.899595+00"
"220","267ec270-1aee-41c5-94b0-5d2548d46a2c","40cc1aa4-9785-4ec8-94e3-9d4b07107567","de","Wie weit ist der Strand von der Unterkunft Hôtel Le Roy?","2026-03-23 03:04:40.899597+00"
"221","c2c8f6dc-d355-4d3b-896e-bf3059f7e65f","40cc1aa4-9785-4ec8-94e3-9d4b07107567","it","Che tipo di colazione offre Hôtel Le Roy?","2026-03-23 03:10:53.704687+00"
"222","c2c8f6dc-d355-4d3b-896e-bf3059f7e65f","40cc1aa4-9785-4ec8-94e3-9d4b07107567","it","Hôtel Le Roy dispone di una piscina?","2026-03-23 03:10:53.704691+00"
"223","c2c8f6dc-d355-4d3b-896e-bf3059f7e65f","40cc1aa4-9785-4ec8-94e3-9d4b07107567","it","Che tipo di camere posso prenotare presso Hôtel Le Roy?","2026-03-23 03:10:53.704692+00"
"224","c2c8f6dc-d355-4d3b-896e-bf3059f7e65f","40cc1aa4-9785-4ec8-94e3-9d4b07107567","it","Che orari di check-in e check-out sono previsti presso Hôtel Le Roy?","2026-03-23 03:10:53.704693+00"
"225","c2c8f6dc-d355-4d3b-896e-bf3059f7e65f","40cc1aa4-9785-4ec8-94e3-9d4b07107567","it","Quanto costa soggiornare presso Hôtel Le Roy?","2026-03-23 03:10:53.704693+00"
"226","c2c8f6dc-d355-4d3b-896e-bf3059f7e65f","40cc1aa4-9785-4ec8-94e3-9d4b07107567","it","Hôtel Le Roy dispone di un ristorante in loco?","2026-03-23 03:10:53.704694+00"
"227","c2c8f6dc-d355-4d3b-896e-bf3059f7e65f","40cc1aa4-9785-4ec8-94e3-9d4b07107567","it","Quali servizi/attività sono disponibili presso Hôtel Le Roy?","2026-03-23 03:10:53.704695+00"
"228","c2c8f6dc-d355-4d3b-896e-bf3059f7e65f","40cc1aa4-9785-4ec8-94e3-9d4b07107567","it","Quanto dista Hôtel Le Roy dal centro di Christ Church?","2026-03-23 03:10:53.704696+00"
"229","c2c8f6dc-d355-4d3b-896e-bf3059f7e65f","40cc1aa4-9785-4ec8-94e3-9d4b07107567","it","Quanto dista Hôtel Le Roy dalla spiaggia?","2026-03-23 03:10:53.704696+00"
"230","98d53a28-45fa-4fb5-bd98-c2cdcff80863","b134f561-ad2c-40b6-b858-9b9ad18f13e2","es","¿Qué tipo de desayuno se sirve en Gardens Hill Resort & Spa?","2026-03-23 03:17:11.060014+00"
"231","98d53a28-45fa-4fb5-bd98-c2cdcff80863","b134f561-ad2c-40b6-b858-9b9ad18f13e2","es","¿Hay piscina en Gardens Hill Resort & Spa?","2026-03-23 03:17:11.06002+00"
"232","98d53a28-45fa-4fb5-bd98-c2cdcff80863","b134f561-ad2c-40b6-b858-9b9ad18f13e2","es","¿Qué tipo de habitación puedo reservar en Gardens Hill Resort & Spa?","2026-03-23 03:17:11.060022+00"
"233","98d53a28-45fa-4fb5-bd98-c2cdcff80863","b134f561-ad2c-40b6-b858-9b9ad18f13e2","es","¿Cuál es el horario de entrada y salida de Gardens Hill Resort & Spa?","2026-03-23 03:17:11.060023+00"
"234","98d53a28-45fa-4fb5-bd98-c2cdcff80863","b134f561-ad2c-40b6-b858-9b9ad18f13e2","es","¿Cuánto cuesta alojarse en Gardens Hill Resort & Spa?","2026-03-23 03:17:11.060024+00"
"235","98d53a28-45fa-4fb5-bd98-c2cdcff80863","b134f561-ad2c-40b6-b858-9b9ad18f13e2","es","¿Hay restaurante dentro de Gardens Hill Resort & Spa?","2026-03-23 03:17:11.060025+00"
"236","98d53a28-45fa-4fb5-bd98-c2cdcff80863","b134f561-ad2c-40b6-b858-9b9ad18f13e2","es","¿Qué se puede hacer en Gardens Hill Resort & Spa?","2026-03-23 03:17:11.060026+00"
"237","98d53a28-45fa-4fb5-bd98-c2cdcff80863","b134f561-ad2c-40b6-b858-9b9ad18f13e2","es","¿A qué distancia está Gardens Hill Resort & Spa del centro de Beau Vallon?","2026-03-23 03:17:11.060028+00"
"238","98d53a28-45fa-4fb5-bd98-c2cdcff80863","b134f561-ad2c-40b6-b858-9b9ad18f13e2","es","¿A qué distancia está Gardens Hill Resort & Spa de la playa?","2026-03-23 03:17:11.060029+00"
"239","9c0f9103-6e28-4989-ac4a-c3f07c8b234d","b134f561-ad2c-40b6-b858-9b9ad18f13e2","en","What kind of breakfast is served at Gardens Hill Resort & Spa?","2026-03-23 03:25:06.841888+00"
"240","9c0f9103-6e28-4989-ac4a-c3f07c8b234d","b134f561-ad2c-40b6-b858-9b9ad18f13e2","en","Does Gardens Hill Resort & Spa have a pool?","2026-03-23 03:25:06.841892+00"
"241","9c0f9103-6e28-4989-ac4a-c3f07c8b234d","b134f561-ad2c-40b6-b858-9b9ad18f13e2","en","What type of room can I book at Gardens Hill Resort & Spa?","2026-03-23 03:25:06.841893+00"
"242","9c0f9103-6e28-4989-ac4a-c3f07c8b234d","b134f561-ad2c-40b6-b858-9b9ad18f13e2","en","What are the check-in and check-out times at Gardens Hill Resort & Spa?","2026-03-23 03:25:06.841894+00"
"243","9c0f9103-6e28-4989-ac4a-c3f07c8b234d","b134f561-ad2c-40b6-b858-9b9ad18f13e2","en","How much does it cost to stay at Gardens Hill Resort & Spa?","2026-03-23 03:25:06.841894+00"
"244","9c0f9103-6e28-4989-ac4a-c3f07c8b234d","b134f561-ad2c-40b6-b858-9b9ad18f13e2","en","Does Gardens Hill Resort & Spa have a restaurant on site?","2026-03-23 03:25:06.841895+00"
"245","9c0f9103-6e28-4989-ac4a-c3f07c8b234d","b134f561-ad2c-40b6-b858-9b9ad18f13e2","en","What is there to do at Gardens Hill Resort & Spa?","2026-03-23 03:25:06.841895+00"
"246","9c0f9103-6e28-4989-ac4a-c3f07c8b234d","b134f561-ad2c-40b6-b858-9b9ad18f13e2","en","How far is Gardens Hill Resort & Spa from the centre of Beau Vallon?","2026-03-23 03:25:06.841896+00"
"247","9c0f9103-6e28-4989-ac4a-c3f07c8b234d","b134f561-ad2c-40b6-b858-9b9ad18f13e2","en","How close to the beach is Gardens Hill Resort & Spa?","2026-03-23 03:25:06.841897+00"
"248","f155789a-338f-4a38-b96b-a8159651b3f5","b134f561-ad2c-40b6-b858-9b9ad18f13e2","de","Welche Art von Frühstück wird in der Unterkunft Gardens Hill Resort & Spa serviert?","2026-03-23 03:31:30.080575+00"
"249","f155789a-338f-4a38-b96b-a8159651b3f5","b134f561-ad2c-40b6-b858-9b9ad18f13e2","de","Hat die Unterkunft Gardens Hill Resort & Spa einen Pool?","2026-03-23 03:31:30.080579+00"
"250","f155789a-338f-4a38-b96b-a8159651b3f5","b134f561-ad2c-40b6-b858-9b9ad18f13e2","de","Welche Art von Zimmer kann ich in der Unterkunft Gardens Hill Resort & Spa buchen?","2026-03-23 03:31:30.08058+00"
"251","f155789a-338f-4a38-b96b-a8159651b3f5","b134f561-ad2c-40b6-b858-9b9ad18f13e2","de","Wie lauten die Check-in- und Check-out-Zeiten in der Unterkunft Gardens Hill Resort & Spa?","2026-03-23 03:31:30.080581+00"
"252","f155789a-338f-4a38-b96b-a8159651b3f5","b134f561-ad2c-40b6-b858-9b9ad18f13e2","de","Wieviel kostet der Aufenthalt in der Unterkunft Gardens Hill Resort & Spa?","2026-03-23 03:31:30.080581+00"
"253","f155789a-338f-4a38-b96b-a8159651b3f5","b134f561-ad2c-40b6-b858-9b9ad18f13e2","de","Hat die Unterkunft Gardens Hill Resort & Spa ein Restaurant vor Ort?","2026-03-23 03:31:30.080582+00"
"254","f155789a-338f-4a38-b96b-a8159651b3f5","b134f561-ad2c-40b6-b858-9b9ad18f13e2","de","Welche Aktivitäten bietet die Unterkunft Gardens Hill Resort & Spa?","2026-03-23 03:31:30.080582+00"
"255","f155789a-338f-4a38-b96b-a8159651b3f5","b134f561-ad2c-40b6-b858-9b9ad18f13e2","de","Wie weit ist die Unterkunft Gardens Hill Resort & Spa vom Zentrum von Beau Vallon entfernt?","2026-03-23 03:31:30.080583+00"
"256","f155789a-338f-4a38-b96b-a8159651b3f5","b134f561-ad2c-40b6-b858-9b9ad18f13e2","de","Wie weit ist der Strand von der Unterkunft Gardens Hill Resort & Spa?","2026-03-23 03:31:30.080584+00"
"257","fde270d6-c5fb-4bb0-b09b-35a7de7da301","b134f561-ad2c-40b6-b858-9b9ad18f13e2","it","Che tipo di colazione offre Gardens Hill Resort & Spa?","2026-03-23 03:37:42.611511+00"
"258","fde270d6-c5fb-4bb0-b09b-35a7de7da301","b134f561-ad2c-40b6-b858-9b9ad18f13e2","it","Gardens Hill Resort & Spa dispone di una piscina?","2026-03-23 03:37:42.611516+00"
"259","fde270d6-c5fb-4bb0-b09b-35a7de7da301","b134f561-ad2c-40b6-b858-9b9ad18f13e2","it","Che tipo di camere posso prenotare presso Gardens Hill Resort & Spa?","2026-03-23 03:37:42.611516+00"
"260","fde270d6-c5fb-4bb0-b09b-35a7de7da301","b134f561-ad2c-40b6-b858-9b9ad18f13e2","it","Che orari di check-in e check-out sono previsti presso Gardens Hill Resort & Spa?","2026-03-23 03:37:42.611517+00"
"261","fde270d6-c5fb-4bb0-b09b-35a7de7da301","b134f561-ad2c-40b6-b858-9b9ad18f13e2","it","Quanto costa soggiornare presso Gardens Hill Resort & Spa?","2026-03-23 03:37:42.611518+00"
"262","fde270d6-c5fb-4bb0-b09b-35a7de7da301","b134f561-ad2c-40b6-b858-9b9ad18f13e2","it","Gardens Hill Resort & Spa dispone di un ristorante in loco?","2026-03-23 03:37:42.611518+00"
"263","fde270d6-c5fb-4bb0-b09b-35a7de7da301","b134f561-ad2c-40b6-b858-9b9ad18f13e2","it","Quali servizi/attività sono disponibili presso Gardens Hill Resort & Spa?","2026-03-23 03:37:42.611519+00"
"264","fde270d6-c5fb-4bb0-b09b-35a7de7da301","b134f561-ad2c-40b6-b858-9b9ad18f13e2","it","Quanto dista Gardens Hill Resort & Spa dal centro di Beau Vallon?","2026-03-23 03:37:42.611519+00"
"265","fde270d6-c5fb-4bb0-b09b-35a7de7da301","b134f561-ad2c-40b6-b858-9b9ad18f13e2","it","Quanto dista Gardens Hill Resort & Spa dalla spiaggia?","2026-03-23 03:37:42.61152+00"
"266","c5e3bfae-5f5c-4a63-919e-7f51fa6f21cf","78b1b319-2fbf-4d1e-a4b3-81aa324836d8","es","¿Qué tipo de desayuno se sirve en Golden Beach Resort & Spa?","2026-03-23 03:39:02.848814+00"
"267","c5e3bfae-5f5c-4a63-919e-7f51fa6f21cf","78b1b319-2fbf-4d1e-a4b3-81aa324836d8","es","¿Hay piscina en Golden Beach Resort & Spa?","2026-03-23 03:39:02.848818+00"
"268","c5e3bfae-5f5c-4a63-919e-7f51fa6f21cf","78b1b319-2fbf-4d1e-a4b3-81aa324836d8","es","¿Qué tipo de habitación puedo reservar en Golden Beach Resort & Spa?","2026-03-23 03:39:02.848819+00"
"269","c5e3bfae-5f5c-4a63-919e-7f51fa6f21cf","78b1b319-2fbf-4d1e-a4b3-81aa324836d8","es","¿Cuál es el horario de entrada y salida de Golden Beach Resort & Spa?","2026-03-23 03:39:02.84882+00"
"270","c5e3bfae-5f5c-4a63-919e-7f51fa6f21cf","78b1b319-2fbf-4d1e-a4b3-81aa324836d8","es","¿Cuánto cuesta alojarse en Golden Beach Resort & Spa?","2026-03-23 03:39:02.848821+00"
"271","c5e3bfae-5f5c-4a63-919e-7f51fa6f21cf","78b1b319-2fbf-4d1e-a4b3-81aa324836d8","es","¿Qué se puede hacer en Golden Beach Resort & Spa?","2026-03-23 03:39:02.848822+00"
"272","c5e3bfae-5f5c-4a63-919e-7f51fa6f21cf","78b1b319-2fbf-4d1e-a4b3-81aa324836d8","es","¿A qué distancia está Golden Beach Resort & Spa del centro de Punta del Este?","2026-03-23 03:39:02.848823+00"
"273","c5e3bfae-5f5c-4a63-919e-7f51fa6f21cf","78b1b319-2fbf-4d1e-a4b3-81aa324836d8","es","¿A qué distancia está Golden Beach Resort & Spa de la playa?","2026-03-23 03:39:02.848824+00"
"274","c5e3bfae-5f5c-4a63-919e-7f51fa6f21cf","78b1b319-2fbf-4d1e-a4b3-81aa324836d8","es","¿Golden Beach Resort & Spa gusta a las familias?","2026-03-23 03:39:02.848825+00"
"275","50187b26-21a8-4028-81ef-d6090c3d1af8","3016cdeb-d26c-480f-8190-94db410648a6","es","¿Qué tipo de desayuno se sirve en Hotel Atlântico Rio?","2026-03-23 03:40:41.565955+00"
"276","50187b26-21a8-4028-81ef-d6090c3d1af8","3016cdeb-d26c-480f-8190-94db410648a6","es","¿Hay piscina en Hotel Atlântico Rio?","2026-03-23 03:40:41.565959+00"
"277","50187b26-21a8-4028-81ef-d6090c3d1af8","3016cdeb-d26c-480f-8190-94db410648a6","es","¿Qué tipo de habitación puedo reservar en Hotel Atlântico Rio?","2026-03-23 03:40:41.56596+00"
"278","50187b26-21a8-4028-81ef-d6090c3d1af8","3016cdeb-d26c-480f-8190-94db410648a6","es","¿Cuál es el horario de entrada y salida de Hotel Atlântico Rio?","2026-03-23 03:40:41.565961+00"
"279","50187b26-21a8-4028-81ef-d6090c3d1af8","3016cdeb-d26c-480f-8190-94db410648a6","es","¿Cuánto cuesta alojarse en Hotel Atlântico Rio?","2026-03-23 03:40:41.565962+00"
"280","50187b26-21a8-4028-81ef-d6090c3d1af8","3016cdeb-d26c-480f-8190-94db410648a6","es","¿Hay restaurante dentro de Hotel Atlântico Rio?","2026-03-23 03:40:41.565963+00"
"281","50187b26-21a8-4028-81ef-d6090c3d1af8","3016cdeb-d26c-480f-8190-94db410648a6","es","¿Qué se puede hacer en Hotel Atlântico Rio?","2026-03-23 03:40:41.565964+00"
"282","50187b26-21a8-4028-81ef-d6090c3d1af8","3016cdeb-d26c-480f-8190-94db410648a6","es","¿A qué distancia está Hotel Atlântico Rio del centro de Río de Janeiro?","2026-03-23 03:40:41.565965+00"
"283","50187b26-21a8-4028-81ef-d6090c3d1af8","3016cdeb-d26c-480f-8190-94db410648a6","es","¿A qué distancia está Hotel Atlântico Rio de la playa?","2026-03-23 03:40:41.565966+00"
"284","deeb5cb1-5d3e-4911-8adc-5ae2abc7afe6","78b1b319-2fbf-4d1e-a4b3-81aa324836d8","en","What kind of breakfast is served at Golden Beach Resort & Spa?","2026-03-23 03:43:33.033031+00"
"285","deeb5cb1-5d3e-4911-8adc-5ae2abc7afe6","78b1b319-2fbf-4d1e-a4b3-81aa324836d8","en","Does Golden Beach Resort & Spa have a pool?","2026-03-23 03:43:33.033035+00"
"286","deeb5cb1-5d3e-4911-8adc-5ae2abc7afe6","78b1b319-2fbf-4d1e-a4b3-81aa324836d8","en","What type of room can I book at Golden Beach Resort & Spa?","2026-03-23 03:43:33.033036+00"
"287","deeb5cb1-5d3e-4911-8adc-5ae2abc7afe6","78b1b319-2fbf-4d1e-a4b3-81aa324836d8","en","What are the check-in and check-out times at Golden Beach Resort & Spa?","2026-03-23 03:43:33.033036+00"
"288","deeb5cb1-5d3e-4911-8adc-5ae2abc7afe6","78b1b319-2fbf-4d1e-a4b3-81aa324836d8","en","How much does it cost to stay at Golden Beach Resort & Spa?","2026-03-23 03:43:33.033037+00"
"289","deeb5cb1-5d3e-4911-8adc-5ae2abc7afe6","78b1b319-2fbf-4d1e-a4b3-81aa324836d8","en","What is there to do at Golden Beach Resort & Spa?","2026-03-23 03:43:33.033037+00"
"290","deeb5cb1-5d3e-4911-8adc-5ae2abc7afe6","78b1b319-2fbf-4d1e-a4b3-81aa324836d8","en","How far is Golden Beach Resort & Spa from the centre of Punta del Este?","2026-03-23 03:43:33.033038+00"
"291","deeb5cb1-5d3e-4911-8adc-5ae2abc7afe6","78b1b319-2fbf-4d1e-a4b3-81aa324836d8","en","How close to the beach is Golden Beach Resort & Spa?","2026-03-23 03:43:33.033039+00"
"292","deeb5cb1-5d3e-4911-8adc-5ae2abc7afe6","78b1b319-2fbf-4d1e-a4b3-81aa324836d8","en","Is Golden Beach Resort & Spa popular with families?","2026-03-23 03:43:33.033039+00"
"293","5722a8c8-d6ac-4a23-923b-5772266693ad","3016cdeb-d26c-480f-8190-94db410648a6","en","What kind of breakfast is served at Hotel Atlântico Rio?","2026-03-23 03:46:25.294301+00"
"294","5722a8c8-d6ac-4a23-923b-5772266693ad","3016cdeb-d26c-480f-8190-94db410648a6","en","Does Hotel Atlântico Rio have a pool?","2026-03-23 03:46:25.294305+00"
"295","5722a8c8-d6ac-4a23-923b-5772266693ad","3016cdeb-d26c-480f-8190-94db410648a6","en","What type of room can I book at Hotel Atlântico Rio?","2026-03-23 03:46:25.294307+00"
"296","5722a8c8-d6ac-4a23-923b-5772266693ad","3016cdeb-d26c-480f-8190-94db410648a6","en","What are the check-in and check-out times at Hotel Atlântico Rio?","2026-03-23 03:46:25.294308+00"
"297","5722a8c8-d6ac-4a23-923b-5772266693ad","3016cdeb-d26c-480f-8190-94db410648a6","en","How much does it cost to stay at Hotel Atlântico Rio?","2026-03-23 03:46:25.294309+00"
"298","5722a8c8-d6ac-4a23-923b-5772266693ad","3016cdeb-d26c-480f-8190-94db410648a6","en","Does Hotel Atlântico Rio have a restaurant on site?","2026-03-23 03:46:25.29431+00"
"299","5722a8c8-d6ac-4a23-923b-5772266693ad","3016cdeb-d26c-480f-8190-94db410648a6","en","What is there to do at Hotel Atlântico Rio?","2026-03-23 03:46:25.294311+00"
"300","5722a8c8-d6ac-4a23-923b-5772266693ad","3016cdeb-d26c-480f-8190-94db410648a6","en","How far is Hotel Atlântico Rio from the centre of Rio de Janeiro?","2026-03-23 03:46:25.294312+00"
"301","5722a8c8-d6ac-4a23-923b-5772266693ad","3016cdeb-d26c-480f-8190-94db410648a6","en","How close to the beach is Hotel Atlântico Rio?","2026-03-23 03:46:25.294313+00"
"302","3a7300f3-c74e-4a9b-afeb-ff695b56c03b","78b1b319-2fbf-4d1e-a4b3-81aa324836d8","de","Welche Art von Frühstück wird in der Unterkunft Golden Beach Resort & Spa serviert?","2026-03-23 03:47:42.457213+00"
"303","3a7300f3-c74e-4a9b-afeb-ff695b56c03b","78b1b319-2fbf-4d1e-a4b3-81aa324836d8","de","Hat die Unterkunft Golden Beach Resort & Spa einen Pool?","2026-03-23 03:47:42.457216+00"
"304","3a7300f3-c74e-4a9b-afeb-ff695b56c03b","78b1b319-2fbf-4d1e-a4b3-81aa324836d8","de","Welche Art von Zimmer kann ich in der Unterkunft Golden Beach Resort & Spa buchen?","2026-03-23 03:47:42.457217+00"
"305","3a7300f3-c74e-4a9b-afeb-ff695b56c03b","78b1b319-2fbf-4d1e-a4b3-81aa324836d8","de","Wie lauten die Check-in- und Check-out-Zeiten in der Unterkunft Golden Beach Resort & Spa?","2026-03-23 03:47:42.457217+00"
"306","3a7300f3-c74e-4a9b-afeb-ff695b56c03b","78b1b319-2fbf-4d1e-a4b3-81aa324836d8","de","Wieviel kostet der Aufenthalt in der Unterkunft Golden Beach Resort & Spa?","2026-03-23 03:47:42.457218+00"
"307","3a7300f3-c74e-4a9b-afeb-ff695b56c03b","78b1b319-2fbf-4d1e-a4b3-81aa324836d8","de","Welche Aktivitäten bietet die Unterkunft Golden Beach Resort & Spa?","2026-03-23 03:47:42.457219+00"
"308","3a7300f3-c74e-4a9b-afeb-ff695b56c03b","78b1b319-2fbf-4d1e-a4b3-81aa324836d8","de","Wie weit ist die Unterkunft Golden Beach Resort & Spa vom Zentrum von Punta del Este entfernt?","2026-03-23 03:47:42.457219+00"
"309","3a7300f3-c74e-4a9b-afeb-ff695b56c03b","78b1b319-2fbf-4d1e-a4b3-81aa324836d8","de","Wie weit ist der Strand von der Unterkunft Golden Beach Resort & Spa?","2026-03-23 03:47:42.45722+00"
"310","3a7300f3-c74e-4a9b-afeb-ff695b56c03b","78b1b319-2fbf-4d1e-a4b3-81aa324836d8","de","Ist die Unterkunft Golden Beach Resort & Spa bei Familien beliebt?","2026-03-23 03:47:42.45722+00"
"311","60e3bde4-7d23-4842-a992-13cef7a790e4","3016cdeb-d26c-480f-8190-94db410648a6","de","Welche Art von Frühstück wird in der Unterkunft Hotel Atlântico Rio serviert?","2026-03-23 03:49:03.746077+00"
"312","60e3bde4-7d23-4842-a992-13cef7a790e4","3016cdeb-d26c-480f-8190-94db410648a6","de","Hat die Unterkunft Hotel Atlântico Rio einen Pool?","2026-03-23 03:49:03.746084+00"
"313","60e3bde4-7d23-4842-a992-13cef7a790e4","3016cdeb-d26c-480f-8190-94db410648a6","de","Welche Art von Zimmer kann ich in der Unterkunft Hotel Atlântico Rio buchen?","2026-03-23 03:49:03.746086+00"
"314","60e3bde4-7d23-4842-a992-13cef7a790e4","3016cdeb-d26c-480f-8190-94db410648a6","de","Wie lauten die Check-in- und Check-out-Zeiten in der Unterkunft Hotel Atlântico Rio?","2026-03-23 03:49:03.746087+00"
"315","60e3bde4-7d23-4842-a992-13cef7a790e4","3016cdeb-d26c-480f-8190-94db410648a6","de","Wieviel kostet der Aufenthalt in der Unterkunft Hotel Atlântico Rio?","2026-03-23 03:49:03.746089+00"
"316","60e3bde4-7d23-4842-a992-13cef7a790e4","3016cdeb-d26c-480f-8190-94db410648a6","de","Hat die Unterkunft Hotel Atlântico Rio ein Restaurant vor Ort?","2026-03-23 03:49:03.74609+00"
"317","60e3bde4-7d23-4842-a992-13cef7a790e4","3016cdeb-d26c-480f-8190-94db410648a6","de","Welche Aktivitäten bietet die Unterkunft Hotel Atlântico Rio?","2026-03-23 03:49:03.746092+00"
"318","60e3bde4-7d23-4842-a992-13cef7a790e4","3016cdeb-d26c-480f-8190-94db410648a6","de","Wie weit ist die Unterkunft Hotel Atlântico Rio vom Zentrum von Rio de Janeiro entfernt?","2026-03-23 03:49:03.746093+00"
"319","60e3bde4-7d23-4842-a992-13cef7a790e4","3016cdeb-d26c-480f-8190-94db410648a6","de","Wie weit ist der Strand von der Unterkunft Hotel Atlântico Rio?","2026-03-23 03:49:03.746095+00"
"320","80eb1a9d-d298-4c14-8513-5844fcbd1a5b","78b1b319-2fbf-4d1e-a4b3-81aa324836d8","it","Che tipo di colazione offre Golden Beach Resort & Spa?","2026-03-23 03:50:32.69648+00"
"321","80eb1a9d-d298-4c14-8513-5844fcbd1a5b","78b1b319-2fbf-4d1e-a4b3-81aa324836d8","it","Golden Beach Resort & Spa dispone di una piscina?","2026-03-23 03:50:32.696484+00"
"322","80eb1a9d-d298-4c14-8513-5844fcbd1a5b","78b1b319-2fbf-4d1e-a4b3-81aa324836d8","it","Che tipo di camere posso prenotare presso Golden Beach Resort & Spa?","2026-03-23 03:50:32.696484+00"
"323","80eb1a9d-d298-4c14-8513-5844fcbd1a5b","78b1b319-2fbf-4d1e-a4b3-81aa324836d8","it","Che orari di check-in e check-out sono previsti presso Golden Beach Resort & Spa?","2026-03-23 03:50:32.696485+00"
"324","80eb1a9d-d298-4c14-8513-5844fcbd1a5b","78b1b319-2fbf-4d1e-a4b3-81aa324836d8","it","Quanto costa soggiornare presso Golden Beach Resort & Spa?","2026-03-23 03:50:32.696486+00"
"325","80eb1a9d-d298-4c14-8513-5844fcbd1a5b","78b1b319-2fbf-4d1e-a4b3-81aa324836d8","it","Quali servizi/attività sono disponibili presso Golden Beach Resort & Spa?","2026-03-23 03:50:32.696486+00"
"326","80eb1a9d-d298-4c14-8513-5844fcbd1a5b","78b1b319-2fbf-4d1e-a4b3-81aa324836d8","it","Quanto dista Golden Beach Resort & Spa dal centro di Punta del Este?","2026-03-23 03:50:32.696487+00"
"327","80eb1a9d-d298-4c14-8513-5844fcbd1a5b","78b1b319-2fbf-4d1e-a4b3-81aa324836d8","it","Quanto dista Golden Beach Resort & Spa dalla spiaggia?","2026-03-23 03:50:32.696487+00"
"328","80eb1a9d-d298-4c14-8513-5844fcbd1a5b","78b1b319-2fbf-4d1e-a4b3-81aa324836d8","it","Golden Beach Resort & Spa è adatta per le famiglie?","2026-03-23 03:50:32.696488+00"
"329","01da75d2-7278-43f0-b033-3d3b5a9a58fb","3016cdeb-d26c-480f-8190-94db410648a6","it","Che tipo di colazione offre Hotel Atlântico Rio?","2026-03-23 03:51:52.012996+00"
"330","01da75d2-7278-43f0-b033-3d3b5a9a58fb","3016cdeb-d26c-480f-8190-94db410648a6","it","Hotel Atlântico Rio dispone di una piscina?","2026-03-23 03:51:52.013+00"
"331","01da75d2-7278-43f0-b033-3d3b5a9a58fb","3016cdeb-d26c-480f-8190-94db410648a6","it","Che tipo di camere posso prenotare presso Hotel Atlântico Rio?","2026-03-23 03:51:52.013001+00"
"332","01da75d2-7278-43f0-b033-3d3b5a9a58fb","3016cdeb-d26c-480f-8190-94db410648a6","it","Che orari di check-in e check-out sono previsti presso Hotel Atlântico Rio?","2026-03-23 03:51:52.013001+00"
"333","01da75d2-7278-43f0-b033-3d3b5a9a58fb","3016cdeb-d26c-480f-8190-94db410648a6","it","Quanto costa soggiornare presso Hotel Atlântico Rio?","2026-03-23 03:51:52.013002+00"
"334","01da75d2-7278-43f0-b033-3d3b5a9a58fb","3016cdeb-d26c-480f-8190-94db410648a6","it","Hotel Atlântico Rio dispone di un ristorante in loco?","2026-03-23 03:51:52.013002+00"
"335","01da75d2-7278-43f0-b033-3d3b5a9a58fb","3016cdeb-d26c-480f-8190-94db410648a6","it","Quali servizi/attività sono disponibili presso Hotel Atlântico Rio?","2026-03-23 03:51:52.013003+00"
"336","01da75d2-7278-43f0-b033-3d3b5a9a58fb","3016cdeb-d26c-480f-8190-94db410648a6","it","Quanto dista Hotel Atlântico Rio dal centro di Rio de Janeiro?","2026-03-23 03:51:52.013003+00"
"337","01da75d2-7278-43f0-b033-3d3b5a9a58fb","3016cdeb-d26c-480f-8190-94db410648a6","it","Quanto dista Hotel Atlântico Rio dalla spiaggia?","2026-03-23 03:51:52.013004+00"
"338","d6c73a63-12a9-4eb0-85aa-60766bcce300","70306a8a-fa56-49d0-a20e-6e2b382707c3","es","¿Qué tipo de desayuno se sirve en Colonna Park Hotel?","2026-03-23 03:53:10.822006+00"
"339","d6c73a63-12a9-4eb0-85aa-60766bcce300","70306a8a-fa56-49d0-a20e-6e2b382707c3","es","¿Hay piscina en Colonna Park Hotel?","2026-03-23 03:53:10.822011+00"
"340","d6c73a63-12a9-4eb0-85aa-60766bcce300","70306a8a-fa56-49d0-a20e-6e2b382707c3","es","¿Qué tipo de habitación puedo reservar en Colonna Park Hotel?","2026-03-23 03:53:10.822011+00"
"341","d6c73a63-12a9-4eb0-85aa-60766bcce300","70306a8a-fa56-49d0-a20e-6e2b382707c3","es","¿Cuál es el horario de entrada y salida de Colonna Park Hotel?","2026-03-23 03:53:10.822012+00"
"342","d6c73a63-12a9-4eb0-85aa-60766bcce300","70306a8a-fa56-49d0-a20e-6e2b382707c3","es","¿Cuánto cuesta alojarse en Colonna Park Hotel?","2026-03-23 03:53:10.822013+00"
"343","d6c73a63-12a9-4eb0-85aa-60766bcce300","70306a8a-fa56-49d0-a20e-6e2b382707c3","es","¿Hay restaurante dentro de Colonna Park Hotel?","2026-03-23 03:53:10.822013+00"
"344","d6c73a63-12a9-4eb0-85aa-60766bcce300","70306a8a-fa56-49d0-a20e-6e2b382707c3","es","¿Qué se puede hacer en Colonna Park Hotel?","2026-03-23 03:53:10.822014+00"
"345","d6c73a63-12a9-4eb0-85aa-60766bcce300","70306a8a-fa56-49d0-a20e-6e2b382707c3","es","¿A qué distancia está Colonna Park Hotel del centro de Búzios?","2026-03-23 03:53:10.822014+00"
"346","d6c73a63-12a9-4eb0-85aa-60766bcce300","70306a8a-fa56-49d0-a20e-6e2b382707c3","es","¿A qué distancia está Colonna Park Hotel de la playa?","2026-03-23 03:53:10.822015+00"
"347","d1f47de4-3143-40a3-a774-8d082a664272","23a78c52-eeb7-4cf9-9cea-1f0faa1fb4a9","es","¿Qué tipo de desayuno se sirve en Manaus Hotéis Millennium?","2026-03-23 03:54:41.383986+00"
"348","d1f47de4-3143-40a3-a774-8d082a664272","23a78c52-eeb7-4cf9-9cea-1f0faa1fb4a9","es","¿Hay piscina en Manaus Hotéis Millennium?","2026-03-23 03:54:41.38399+00"
"349","d1f47de4-3143-40a3-a774-8d082a664272","23a78c52-eeb7-4cf9-9cea-1f0faa1fb4a9","es","¿Qué tipo de habitación puedo reservar en Manaus Hotéis Millennium?","2026-03-23 03:54:41.383991+00"
"350","d1f47de4-3143-40a3-a774-8d082a664272","23a78c52-eeb7-4cf9-9cea-1f0faa1fb4a9","es","¿Cuál es el horario de entrada y salida de Manaus Hotéis Millennium?","2026-03-23 03:54:41.383992+00"
"351","d1f47de4-3143-40a3-a774-8d082a664272","23a78c52-eeb7-4cf9-9cea-1f0faa1fb4a9","es","¿Cuánto cuesta alojarse en Manaus Hotéis Millennium?","2026-03-23 03:54:41.383993+00"
"352","d1f47de4-3143-40a3-a774-8d082a664272","23a78c52-eeb7-4cf9-9cea-1f0faa1fb4a9","es","¿Hay restaurante dentro de Manaus Hotéis Millennium?","2026-03-23 03:54:41.383994+00"
"353","d1f47de4-3143-40a3-a774-8d082a664272","23a78c52-eeb7-4cf9-9cea-1f0faa1fb4a9","es","¿Qué se puede hacer en Manaus Hotéis Millennium?","2026-03-23 03:54:41.383995+00"
"354","d1f47de4-3143-40a3-a774-8d082a664272","23a78c52-eeb7-4cf9-9cea-1f0faa1fb4a9","es","¿A qué distancia está Manaus Hotéis Millennium del centro de Manaus?","2026-03-23 03:54:41.383996+00"
"355","cc1d44a7-35d8-491d-8c7f-c484fcd917c9","70306a8a-fa56-49d0-a20e-6e2b382707c3","en","What kind of breakfast is served at Colonna Park Hotel?","2026-03-23 03:57:34.912159+00"
"356","cc1d44a7-35d8-491d-8c7f-c484fcd917c9","70306a8a-fa56-49d0-a20e-6e2b382707c3","en","Does Colonna Park Hotel have a pool?","2026-03-23 03:57:34.912163+00"
"357","cc1d44a7-35d8-491d-8c7f-c484fcd917c9","70306a8a-fa56-49d0-a20e-6e2b382707c3","en","What type of room can I book at Colonna Park Hotel?","2026-03-23 03:57:34.912164+00"
"358","cc1d44a7-35d8-491d-8c7f-c484fcd917c9","70306a8a-fa56-49d0-a20e-6e2b382707c3","en","What are the check-in and check-out times at Colonna Park Hotel?","2026-03-23 03:57:34.912165+00"
"359","cc1d44a7-35d8-491d-8c7f-c484fcd917c9","70306a8a-fa56-49d0-a20e-6e2b382707c3","en","How much does it cost to stay at Colonna Park Hotel?","2026-03-23 03:57:34.912166+00"
"360","cc1d44a7-35d8-491d-8c7f-c484fcd917c9","70306a8a-fa56-49d0-a20e-6e2b382707c3","en","Does Colonna Park Hotel have a restaurant on site?","2026-03-23 03:57:34.912167+00"
"361","cc1d44a7-35d8-491d-8c7f-c484fcd917c9","70306a8a-fa56-49d0-a20e-6e2b382707c3","en","What is there to do at Colonna Park Hotel?","2026-03-23 03:57:34.912169+00"
"362","cc1d44a7-35d8-491d-8c7f-c484fcd917c9","70306a8a-fa56-49d0-a20e-6e2b382707c3","en","How far is Colonna Park Hotel from the centre of Búzios?","2026-03-23 03:57:34.91217+00"
"363","cc1d44a7-35d8-491d-8c7f-c484fcd917c9","70306a8a-fa56-49d0-a20e-6e2b382707c3","en","How close to the beach is Colonna Park Hotel?","2026-03-23 03:57:34.912171+00"
"372","ad09b0ba-f746-4bcc-b31f-d4edf0a3c63f","70306a8a-fa56-49d0-a20e-6e2b382707c3","de","Welche Art von Frühstück wird in der Unterkunft Colonna Park Hotel serviert?","2026-03-23 04:01:46.322986+00"
"373","ad09b0ba-f746-4bcc-b31f-d4edf0a3c63f","70306a8a-fa56-49d0-a20e-6e2b382707c3","de","Hat die Unterkunft Colonna Park Hotel einen Pool?","2026-03-23 04:01:46.322989+00"
"374","ad09b0ba-f746-4bcc-b31f-d4edf0a3c63f","70306a8a-fa56-49d0-a20e-6e2b382707c3","de","Welche Art von Zimmer kann ich in der Unterkunft Colonna Park Hotel buchen?","2026-03-23 04:01:46.32299+00"
"375","ad09b0ba-f746-4bcc-b31f-d4edf0a3c63f","70306a8a-fa56-49d0-a20e-6e2b382707c3","de","Wie lauten die Check-in- und Check-out-Zeiten in der Unterkunft Colonna Park Hotel?","2026-03-23 04:01:46.32299+00"
"376","ad09b0ba-f746-4bcc-b31f-d4edf0a3c63f","70306a8a-fa56-49d0-a20e-6e2b382707c3","de","Wieviel kostet der Aufenthalt in der Unterkunft Colonna Park Hotel?","2026-03-23 04:01:46.322991+00"
"377","ad09b0ba-f746-4bcc-b31f-d4edf0a3c63f","70306a8a-fa56-49d0-a20e-6e2b382707c3","de","Hat die Unterkunft Colonna Park Hotel ein Restaurant vor Ort?","2026-03-23 04:01:46.322992+00"
"378","ad09b0ba-f746-4bcc-b31f-d4edf0a3c63f","70306a8a-fa56-49d0-a20e-6e2b382707c3","de","Welche Aktivitäten bietet die Unterkunft Colonna Park Hotel?","2026-03-23 04:01:46.322992+00"
"379","ad09b0ba-f746-4bcc-b31f-d4edf0a3c63f","70306a8a-fa56-49d0-a20e-6e2b382707c3","de","Wie weit ist die Unterkunft Colonna Park Hotel vom Zentrum von Búzios entfernt?","2026-03-23 04:01:46.322993+00"
"380","ad09b0ba-f746-4bcc-b31f-d4edf0a3c63f","70306a8a-fa56-49d0-a20e-6e2b382707c3","de","Wie weit ist der Strand von der Unterkunft Colonna Park Hotel?","2026-03-23 04:01:46.322993+00"
"381","8c8ccd37-eb79-4862-b801-7545c89caaed","23a78c52-eeb7-4cf9-9cea-1f0faa1fb4a9","de","Welche Art von Frühstück wird in der Unterkunft Manaus Hotéis Millennium serviert?","2026-03-23 04:03:05.302802+00"
"382","8c8ccd37-eb79-4862-b801-7545c89caaed","23a78c52-eeb7-4cf9-9cea-1f0faa1fb4a9","de","Hat die Unterkunft Manaus Hotéis Millennium einen Pool?","2026-03-23 04:03:05.302805+00"
"383","8c8ccd37-eb79-4862-b801-7545c89caaed","23a78c52-eeb7-4cf9-9cea-1f0faa1fb4a9","de","Welche Art von Zimmer kann ich in der Unterkunft Manaus Hotéis Millennium buchen?","2026-03-23 04:03:05.302806+00"
"384","8c8ccd37-eb79-4862-b801-7545c89caaed","23a78c52-eeb7-4cf9-9cea-1f0faa1fb4a9","de","Wie lauten die Check-in- und Check-out-Zeiten in der Unterkunft Manaus Hotéis Millennium?","2026-03-23 04:03:05.302807+00"
"385","8c8ccd37-eb79-4862-b801-7545c89caaed","23a78c52-eeb7-4cf9-9cea-1f0faa1fb4a9","de","Wieviel kostet der Aufenthalt in der Unterkunft Manaus Hotéis Millennium?","2026-03-23 04:03:05.302807+00"
"386","8c8ccd37-eb79-4862-b801-7545c89caaed","23a78c52-eeb7-4cf9-9cea-1f0faa1fb4a9","de","Hat die Unterkunft Manaus Hotéis Millennium ein Restaurant vor Ort?","2026-03-23 04:03:05.302808+00"
"387","8c8ccd37-eb79-4862-b801-7545c89caaed","23a78c52-eeb7-4cf9-9cea-1f0faa1fb4a9","de","Welche Aktivitäten bietet die Unterkunft Manaus Hotéis Millennium?","2026-03-23 04:03:05.302809+00"
"388","8c8ccd37-eb79-4862-b801-7545c89caaed","23a78c52-eeb7-4cf9-9cea-1f0faa1fb4a9","de","Wie weit ist die Unterkunft Manaus Hotéis Millennium vom Zentrum von Manaus entfernt?","2026-03-23 04:03:05.302809+00"
"389","6af9cb0c-a788-4fe0-a597-202f5f3c1af8","70306a8a-fa56-49d0-a20e-6e2b382707c3","it","Che tipo di colazione offre Colonna Park Hotel?","2026-03-23 04:04:22.556062+00"
"390","6af9cb0c-a788-4fe0-a597-202f5f3c1af8","70306a8a-fa56-49d0-a20e-6e2b382707c3","it","Colonna Park Hotel dispone di una piscina?","2026-03-23 04:04:22.556066+00"
"391","6af9cb0c-a788-4fe0-a597-202f5f3c1af8","70306a8a-fa56-49d0-a20e-6e2b382707c3","it","Che tipo di camere posso prenotare presso Colonna Park Hotel?","2026-03-23 04:04:22.556067+00"
"392","6af9cb0c-a788-4fe0-a597-202f5f3c1af8","70306a8a-fa56-49d0-a20e-6e2b382707c3","it","Che orari di check-in e check-out sono previsti presso Colonna Park Hotel?","2026-03-23 04:04:22.556068+00"
"393","6af9cb0c-a788-4fe0-a597-202f5f3c1af8","70306a8a-fa56-49d0-a20e-6e2b382707c3","it","Quanto costa soggiornare presso Colonna Park Hotel?","2026-03-23 04:04:22.556068+00"
"394","6af9cb0c-a788-4fe0-a597-202f5f3c1af8","70306a8a-fa56-49d0-a20e-6e2b382707c3","it","Colonna Park Hotel dispone di un ristorante in loco?","2026-03-23 04:04:22.556069+00"
"395","6af9cb0c-a788-4fe0-a597-202f5f3c1af8","70306a8a-fa56-49d0-a20e-6e2b382707c3","it","Quali servizi/attività sono disponibili presso Colonna Park Hotel?","2026-03-23 04:04:22.556069+00"
"396","6af9cb0c-a788-4fe0-a597-202f5f3c1af8","70306a8a-fa56-49d0-a20e-6e2b382707c3","it","Quanto dista Colonna Park Hotel dal centro di Búzios?","2026-03-23 04:04:22.55607+00"
"397","6af9cb0c-a788-4fe0-a597-202f5f3c1af8","70306a8a-fa56-49d0-a20e-6e2b382707c3","it","Quanto dista Colonna Park Hotel dalla spiaggia?","2026-03-23 04:04:22.556071+00"
"364","3218c499-3bd2-4020-8b0b-13411739bb4f","23a78c52-eeb7-4cf9-9cea-1f0faa1fb4a9","en","What kind of breakfast is served at Manaus Hotéis Millennium?","2026-03-23 04:00:26.36858+00"
"365","3218c499-3bd2-4020-8b0b-13411739bb4f","23a78c52-eeb7-4cf9-9cea-1f0faa1fb4a9","en","Does Manaus Hotéis Millennium have a pool?","2026-03-23 04:00:26.368584+00"
"366","3218c499-3bd2-4020-8b0b-13411739bb4f","23a78c52-eeb7-4cf9-9cea-1f0faa1fb4a9","en","What type of room can I book at Manaus Hotéis Millennium?","2026-03-23 04:00:26.368584+00"
"367","3218c499-3bd2-4020-8b0b-13411739bb4f","23a78c52-eeb7-4cf9-9cea-1f0faa1fb4a9","en","What are the check-in and check-out times at Manaus Hotéis Millennium?","2026-03-23 04:00:26.368585+00"
"368","3218c499-3bd2-4020-8b0b-13411739bb4f","23a78c52-eeb7-4cf9-9cea-1f0faa1fb4a9","en","How much does it cost to stay at Manaus Hotéis Millennium?","2026-03-23 04:00:26.368586+00"
"369","3218c499-3bd2-4020-8b0b-13411739bb4f","23a78c52-eeb7-4cf9-9cea-1f0faa1fb4a9","en","Does Manaus Hotéis Millennium have a restaurant on site?","2026-03-23 04:00:26.368586+00"
"370","3218c499-3bd2-4020-8b0b-13411739bb4f","23a78c52-eeb7-4cf9-9cea-1f0faa1fb4a9","en","What is there to do at Manaus Hotéis Millennium?","2026-03-23 04:00:26.368587+00"
"371","3218c499-3bd2-4020-8b0b-13411739bb4f","23a78c52-eeb7-4cf9-9cea-1f0faa1fb4a9","en","How far is Manaus Hotéis Millennium from the centre of Manaus?","2026-03-23 04:00:26.368588+00"
"398","ab7f71c3-8597-4f3d-bb76-574050c67b6a","23a78c52-eeb7-4cf9-9cea-1f0faa1fb4a9","it","Che tipo di colazione offre Manaus Hotéis Millennium?","2026-03-23 04:05:53.0563+00"
"399","ab7f71c3-8597-4f3d-bb76-574050c67b6a","23a78c52-eeb7-4cf9-9cea-1f0faa1fb4a9","it","Manaus Hotéis Millennium dispone di una piscina?","2026-03-23 04:05:53.056304+00"
"400","ab7f71c3-8597-4f3d-bb76-574050c67b6a","23a78c52-eeb7-4cf9-9cea-1f0faa1fb4a9","it","Che tipo di camere posso prenotare presso Manaus Hotéis Millennium?","2026-03-23 04:05:53.056305+00"
"401","ab7f71c3-8597-4f3d-bb76-574050c67b6a","23a78c52-eeb7-4cf9-9cea-1f0faa1fb4a9","it","Che orari di check-in e check-out sono previsti presso Manaus Hotéis Millennium?","2026-03-23 04:05:53.056305+00"
"402","ab7f71c3-8597-4f3d-bb76-574050c67b6a","23a78c52-eeb7-4cf9-9cea-1f0faa1fb4a9","it","Quanto costa soggiornare presso Manaus Hotéis Millennium?","2026-03-23 04:05:53.056306+00"
"403","ab7f71c3-8597-4f3d-bb76-574050c67b6a","23a78c52-eeb7-4cf9-9cea-1f0faa1fb4a9","it","Manaus Hotéis Millennium dispone di un ristorante in loco?","2026-03-23 04:05:53.056307+00"
"404","ab7f71c3-8597-4f3d-bb76-574050c67b6a","23a78c52-eeb7-4cf9-9cea-1f0faa1fb4a9","it","Quali servizi/attività sono disponibili presso Manaus Hotéis Millennium?","2026-03-23 04:05:53.056307+00"
"405","ab7f71c3-8597-4f3d-bb76-574050c67b6a","23a78c52-eeb7-4cf9-9cea-1f0faa1fb4a9","it","Quanto dista Manaus Hotéis Millennium dal centro di Manaus?","2026-03-23 04:05:53.056308+00"
